trade_date,account,daily_pnl,trades_per_day,win_rate,loss_rate,avg_trade_size_usd,gross_volume_usd,buy_ratio,sell_ratio,long_trades,short_trades,avg_effective_leverage,pnl_std,drawdown_proxy,long_short_ratio,date,classification,value,sentiment_bucket
2023-05-01,0x3998f134d6aaa2b6a5f723806d00fd2bbbbce891,0.0,3,0.0,0.0,159.0,477.0,1.0,0.0,3,0,61.59315547623911,0.0,0.0,4.0,2023-05-01,Greed,63,Greed
2023-12-05,0xb1231a4a2dd02f2276fa3c5e2a2f3436e6bfed23,0.0,9,0.0,0.0,5556.203333333334,50005.83,0.7777777777777778,0.2222222222222222,7,2,196.87395963404254,0.0,0.0,2.6666666666666665,2023-12-05,Extreme Greed,75,Greed
2023-12-14,0xb1231a4a2dd02f2276fa3c5e2a2f3436e6bfed23,-205.43473700000007,11,0.36363636363636365,0.18181818181818182,10291.213636363636,113203.35,0.45454545454545453,0.5454545454545454,5,6,1394.4639325293235,179.66353383090035,-205.43473700000007,0.8571428571428571,2023-12-14,Greed,72,Greed
2023-12-15,0xb1231a4a2dd02f2276fa3c5e2a2f3436e6bfed23,-24.632033999999997,2,0.0,1.0,5304.975,10609.95,1.0,0.0,2,0,0.8140644579263914,4.474304424985184,-24.632033999999997,3.0,2023-12-15,Greed,70,Greed
2023-12-16,0xb1231a4a2dd02f2276fa3c5e2a2f3436e6bfed23,0.0,3,0.0,0.0,5116.256666666667,15348.77,1.0,0.0,3,0,1560.5925397559038,0.0,0.0,4.0,2023-12-16,Greed,67,Greed
2023-12-17,0xb1231a4a2dd02f2276fa3c5e2a2f3436e6bfed23,304.982785,14,0.5,0.2857142857142857,8305.572857142857,116278.02,0.21428571428571427,0.7857142857142857,3,11,2909.1438880916903,43.51261683426808,0.0,0.3333333333333333,2023-12-17,Greed,73,Greed
2023-12-18,0xb1231a4a2dd02f2276fa3c5e2a2f3436e6bfed23,0.0,2,0.0,0.0,15582.089999999998,31164.179999999997,1.0,0.0,2,0,853.8400251801684,0.0,0.0,3.0,2023-12-18,Greed,65,Greed
2023-12-19,0xb1231a4a2dd02f2276fa3c5e2a2f3436e6bfed23,1000.5386120000001,15,0.6666666666666666,0.0,6106.827333333334,91602.41,0.3333333333333333,0.6666666666666666,5,10,314.92704519156644,183.73537011741135,0.0,0.5454545454545454,2023-12-19,Greed,73,Greed
2023-12-20,0xb1231a4a2dd02f2276fa3c5e2a2f3436e6bfed23,162.732282,18,0.4444444444444444,0.0,7868.710555555556,141636.79,0.5555555555555556,0.4444444444444444,10,8,1193.3203116296208,21.3481314287044,0.0,1.2222222222222223,2023-12-20,Greed,74,Greed
2023-12-21,0xb1231a4a2dd02f2276fa3c5e2a2f3436e6bfed23,537.211402,49,0.5306122448979592,0.02040816326530612,2555.795306122449,125233.97,0.4489795918367347,0.5510204081632653,22,27,186.9896977100405,20.811624735703514,0.0,0.8214285714285714,2023-12-21,Greed,70,Greed
2023-12-22,0xb1231a4a2dd02f2276fa3c5e2a2f3436e6bfed23,141.832675,10,0.2,0.0,8887.428,88874.28,0.8,0.2,8,2,1299.2967190212933,40.92671758278208,0.0,3.0,2023-12-22,Greed,74,Greed
2023-12-23,0xb1231a4a2dd02f2276fa3c5e2a2f3436e6bfed23,146.936704,13,0.6153846153846154,0.0,6033.711538461538,78438.25,0.38461538461538464,0.6153846153846154,5,8,400.12676511517196,11.478402785910806,0.0,0.6666666666666666,2023-12-23,Greed,70,Greed
2023-12-24,0xb1231a4a2dd02f2276fa3c5e2a2f3436e6bfed23,1008.619956,39,0.38461538461538464,0.05128205128205128,10332.177948717948,402954.94,0.5384615384615384,0.46153846153846156,21,18,359.5622593709721,52.267012077476366,0.0,1.1578947368421053,2023-12-24,Greed,71,Greed
2023-12-25,0xb1231a4a2dd02f2276fa3c5e2a2f3436e6bfed23,-245.081348,3,0.0,0.3333333333333333,19982.836666666666,59948.51,0.6666666666666666,0.3333333333333333,2,1,349.16467398209466,141.49778224115633,-245.081348,1.5,2023-12-25,Greed,73,Greed
2023-12-27,0xb1231a4a2dd02f2276fa3c5e2a2f3436e6bfed23,-704.8892269999999,28,0.14285714285714285,0.32142857142857145,6121.823571428571,171411.06,0.5357142857142857,0.4642857142857143,15,13,660.2221165207587,153.67464419092525,-704.8892269999999,1.1428571428571428,2023-12-27,Greed,73,Greed
2023-12-28,0xb1231a4a2dd02f2276fa3c5e2a2f3436e6bfed23,-970.730876,23,0.0,0.5652173913043478,4352.923913043478,100117.25,0.43478260869565216,0.5652173913043478,10,13,333.59610950901765,55.01514381004261,-970.730876,0.7857142857142857,2023-12-28,Greed,73,Greed
2023-12-29,0xb1231a4a2dd02f2276fa3c5e2a2f3436e6bfed23,508.92214299999995,50,0.3,0.1,11391.1944,569559.72,0.62,0.38,31,19,2024.71969634957,78.11192586732814,0.0,1.6,2023-12-29,Greed,65,Greed
2023-12-30,0xb1231a4a2dd02f2276fa3c5e2a2f3436e6bfed23,354.998648,52,0.4423076923076923,0.19230769230769232,13510.58096153846,702550.21,0.38461538461538464,0.6153846153846154,20,32,2069.868144042709,68.40190063585914,0.0,0.6363636363636364,2023-12-30,Greed,68,Greed
2024-01-01,0xb1231a4a2dd02f2276fa3c5e2a2f3436e6bfed23,-129.53146,18,0.05555555555555555,0.2777777777777778,14679.973888888888,264239.52999999997,0.5555555555555556,0.4444444444444444,10,8,601.746917669606,85.84776860469921,-129.53146,1.2222222222222223,2024-01-01,Greed,65,Greed
2024-01-02,0xb1231a4a2dd02f2276fa3c5e2a2f3436e6bfed23,783.979116,17,0.47058823529411764,0.058823529411764705,7138.1611764705885,121348.74,0.5294117647058824,0.47058823529411764,9,8,136.9020088058624,134.42834386429288,0.0,1.1111111111111112,2024-01-02,Greed,71,Greed
2024-01-03,0xb1231a4a2dd02f2276fa3c5e2a2f3436e6bfed23,866.015507,67,0.417910447761194,0.1044776119402985,5888.050149253731,394499.36,0.47761194029850745,0.5223880597014925,32,35,265.0448029578504,50.415365667933756,0.0,0.9166666666666666,2024-01-03,Greed,70,Greed
2024-01-04,0xb1231a4a2dd02f2276fa3c5e2a2f3436e6bfed23,-67.60364,5,0.0,0.6,19958.508,99792.54000000001,0.4,0.6,2,3,9319.034104839759,29.544005214373353,-67.60364,0.75,2024-01-04,Greed,68,Greed
2024-01-05,0xb1231a4a2dd02f2276fa3c5e2a2f3436e6bfed23,164.141565,66,0.19696969696969696,0.15151515151515152,25817.31303030303,1703942.66,0.4696969696969697,0.5303030303030303,31,35,3094.0306711456374,60.7235758141571,0.0,0.8888888888888888,2024-01-05,Greed,72,Greed
2024-01-06,0xb1231a4a2dd02f2276fa3c5e2a2f3436e6bfed23,135.58166400000002,22,0.45454545454545453,0.09090909090909091,13569.154545454547,298521.4,0.5,0.5,11,11,2337.6611225462007,37.338371573804935,0.0,1.0,2024-01-06,Greed,70,Greed
2024-01-07,0xb1231a4a2dd02f2276fa3c5e2a2f3436e6bfed23,-835.681235,97,0.09278350515463918,0.28865979381443296,10812.887216494846,1048850.06,0.5360824742268041,0.4639175257731959,52,45,856.2997018283891,34.037905927281535,-835.681235,1.1521739130434783,2024-01-07,Greed,71,Greed
2024-01-08,0xb1231a4a2dd02f2276fa3c5e2a2f3436e6bfed23,-269.874439,128,0.25,0.2734375,11894.159609375,1522452.43,0.3125,0.6875,40,88,1733.0506585830221,122.41963598502315,-269.874439,0.4606741573033708,2024-01-08,Greed,71,Greed
2024-01-09,0xb1231a4a2dd02f2276fa3c5e2a2f3436e6bfed23,-826.349863,70,0.2571428571428571,0.14285714285714285,12429.313857142857,870051.97,0.4,0.6,28,42,768.6378339059551,214.1803231936485,-826.349863,0.6744186046511628,2024-01-09,Extreme Greed,76,Greed
2024-01-10,0xb1231a4a2dd02f2276fa3c5e2a2f3436e6bfed23,-1517.091342,193,0.21243523316062177,0.21761658031088082,10660.515440414507,2057479.48,0.47668393782383417,0.5233160621761658,92,101,1839.8617518771364,119.7894328095249,-1517.091342,0.9117647058823529,2024-01-10,Greed,73,Greed
2024-01-11,0x3998f134d6aaa2b6a5f723806d00fd2bbbbce891,0.0,2,0.0,0.0,23066.935,46133.87,1.0,0.0,2,0,792.7506278070439,0.0,0.0,3.0,2024-01-11,Extreme Greed,76,Greed
2024-01-11,0xb1231a4a2dd02f2276fa3c5e2a2f3436e6bfed23,-164.08950099999998,19,0.2631578947368421,0.21052631578947367,13641.064736842105,259180.22999999998,0.5789473684210527,0.42105263157894735,11,8,285.80129305095534,107.40483175440201,-164.08950099999998,1.3333333333333333,2024-01-11,Extreme Greed,76,Greed
2024-01-12,0xb1231a4a2dd02f2276fa3c5e2a2f3436e6bfed23,-1925.519024,7,0.0,0.2857142857142857,28583.181428571428,200082.27,0.7142857142857143,0.2857142857142857,5,2,8143.183510070511,669.9280140108323,-1925.519024,2.0,2024-01-12,Greed,71,Greed
2024-01-15,0x3998f134d6aaa2b6a5f723806d00fd2bbbbce891,152.85358,9,1.0,0.0,69.98444444444445,629.86,0.0,1.0,0,9,0.1306205558971805,41.5170969665927,0.0,0.1,2024-01-15,Neutral,52,Neutral
2024-01-15,0xb1231a4a2dd02f2276fa3c5e2a2f3436e6bfed23,0.0,5,0.0,0.0,10001.248,50006.24,1.0,0.0,5,0,400.9194085072942,0.0,0.0,6.0,2024-01-15,Neutral,52,Neutral
2024-01-16,0x3998f134d6aaa2b6a5f723806d00fd2bbbbce891,-3238.8,6,0.0,0.3333333333333333,10580.346666666666,63482.08,0.6666666666666666,0.3333333333333333,4,2,298.90840359428006,940.4803171090115,-3238.8,1.6666666666666667,2024-01-16,Greed,64,Greed
2024-01-16,0xb1231a4a2dd02f2276fa3c5e2a2f3436e6bfed23,939.6285419999999,3,1.0,0.0,17648.416666666668,52945.25,0.0,1.0,0,3,0.6673506969669679,431.3492797687081,0.0,0.25,2024-01-16,Greed,64,Greed
2024-01-17,0xb1231a4a2dd02f2276fa3c5e2a2f3436e6bfed23,813.2741110000001,53,0.20754716981132076,0.1509433962264151,15110.019433962265,800831.03,0.5849056603773585,0.41509433962264153,31,22,1328.5434739448935,75.6265391448607,0.0,1.391304347826087,2024-01-17,Greed,60,Greed
2024-01-18,0xb1231a4a2dd02f2276fa3c5e2a2f3436e6bfed23,68.93319,46,0.06521739130434782,0.13043478260869565,9231.120217391304,424631.52999999997,0.391304347826087,0.6086956521739131,18,28,45.95367551601686,39.503091785872144,0.0,0.6551724137931034,2024-01-18,Greed,63,Greed
2024-01-19,0x75f7eeb85dc639d5e99c78f95393aa9a5f1170d4,-0.20400000000000001,9,0.1111111111111111,0.3333333333333333,169.64555555555555,1526.81,0.4444444444444444,0.5555555555555556,4,5,35.923059527819014,0.044483142874576664,-0.20400000000000001,0.8333333333333334,2024-01-19,Neutral,51,Neutral
2024-01-19,0xb1231a4a2dd02f2276fa3c5e2a2f3436e6bfed23,-385.215235,39,0.1282051282051282,0.46153846153846156,10946.209230769231,426902.16,0.6923076923076923,0.3076923076923077,27,12,2653.664393883016,57.444468518841546,-385.215235,2.1538461538461537,2024-01-19,Neutral,51,Neutral
2024-01-20,0xb1231a4a2dd02f2276fa3c5e2a2f3436e6bfed23,-146.57487000000003,106,0.14150943396226415,0.16037735849056603,10095.193490566038,1070090.51,0.5660377358490566,0.4339622641509434,60,46,1127.0572670120316,38.554282761934644,-146.57487000000003,1.297872340425532,2024-01-20,Neutral,52,Neutral
2024-01-21,0xb1231a4a2dd02f2276fa3c5e2a2f3436e6bfed23,266.58114600000005,11,0.2727272727272727,0.18181818181818182,9375.43090909091,103129.74,0.2727272727272727,0.7272727272727273,3,8,4566.4173693524535,65.56080670770307,0.0,0.4444444444444444,2024-01-21,Greed,56,Greed
2024-01-22,0x75f7eeb85dc639d5e99c78f95393aa9a5f1170d4,1166.248788,48,0.2916666666666667,0.25,1125.4704166666668,54022.58,0.5833333333333334,0.4166666666666667,28,20,350.88566277514354,84.89738259518516,0.0,1.380952380952381,2024-01-22,Greed,55,Greed
2024-01-22,0xb1231a4a2dd02f2276fa3c5e2a2f3436e6bfed23,209.39217099999996,37,0.24324324324324326,0.16216216216216217,7671.794864864864,283856.41,0.6216216216216216,0.3783783783783784,23,14,110.27825151482452,74.01089086563151,0.0,1.6,2024-01-22,Greed,55,Greed
2024-01-23,0xb1231a4a2dd02f2276fa3c5e2a2f3436e6bfed23,-369.2447299999998,45,0.24444444444444444,0.2,9211.531777777778,414518.93000000005,0.7333333333333333,0.26666666666666666,33,12,116.41380348252288,613.9643726523253,-369.2447299999998,2.6153846153846154,2024-01-23,Neutral,50,Neutral
2024-01-24,0xb1231a4a2dd02f2276fa3c5e2a2f3436e6bfed23,-2808.353815,68,0.14705882352941177,0.4411764705882353,14192.42044117647,965084.59,0.39705882352941174,0.6029411764705882,27,41,3039.491532119526,149.8053621490879,-2808.353815,0.6666666666666666,2024-01-24,Neutral,48,Neutral
2024-01-25,0xb1231a4a2dd02f2276fa3c5e2a2f3436e6bfed23,-3093.6293849999997,6,0.0,1.0,11094.355000000001,66566.13,0.0,1.0,0,6,0.4255589324949196,356.6379016697523,-3093.6293849999997,0.14285714285714285,2024-01-25,Neutral,52,Neutral
2024-01-26,0x75f7eeb85dc639d5e99c78f95393aa9a5f1170d4,90.2,2,0.5,0.0,4627.9,9255.8,0.5,0.5,1,1,2291.899893025246,63.78103166302659,0.0,1.0,2024-01-26,Neutral,49,Neutral
2024-01-26,0xb1231a4a2dd02f2276fa3c5e2a2f3436e6bfed23,0.0,3,0.0,0.0,839.1366666666667,2517.41,1.0,0.0,3,0,0.30482506079946875,0.0,0.0,4.0,2024-01-26,Neutral,49,Neutral
2024-01-28,0x3998f134d6aaa2b6a5f723806d00fd2bbbbce891,-2478.06972,11,0.0,1.0,1646.2754545454545,18109.03,0.0,1.0,0,11,0.22921082131664464,262.6842407250483,-2478.06972,0.08333333333333333,2024-01-28,Neutral,54,Neutral
2024-01-29,0x75f7eeb85dc639d5e99c78f95393aa9a5f1170d4,1.71544,2,0.5,0.0,1034.4299999999998,2068.8599999999997,0.5,0.5,1,1,517.2845180108837,1.2129992567186512,0.0,1.0,2024-01-29,Greed,55,Greed
2024-01-29,0xb1231a4a2dd02f2276fa3c5e2a2f3436e6bfed23,484.847102,72,0.6111111111111112,0.0,5724.157222222222,412139.32,0.2777777777777778,0.7222222222222222,20,52,982.6783810519743,28.990469281969286,0.0,0.39622641509433965,2024-01-29,Greed,55,Greed
2024-01-30,0xb1231a4a2dd02f2276fa3c5e2a2f3436e6bfed23,-173.65419100000003,49,0.10204081632653061,0.2857142857142857,8183.905714285715,401011.38,0.5714285714285714,0.42857142857142855,28,21,422.65753234858835,55.423048103905174,-173.65419100000003,1.3181818181818181,2024-01-30,Greed,61,Greed
2024-01-31,0xb1231a4a2dd02f2276fa3c5e2a2f3436e6bfed23,-799.840817,859,0.2689173457508731,0.23864959254947612,7340.683504074505,6305647.13,0.5471478463329453,0.4528521536670547,470,389,406.3811523431485,21.84950915114784,-799.840817,1.2076923076923076,2024-01-31,Greed,60,Greed
2024-02-01,0xb1231a4a2dd02f2276fa3c5e2a2f3436e6bfed23,0.0,6,0.0,0.0,334.69666666666666,2008.18,1.0,0.0,6,0,166.8133025709457,0.0,0.0,7.0,2024-02-01,Greed,63,Greed
2024-02-02,0xb1231a4a2dd02f2276fa3c5e2a2f3436e6bfed23,456.423473,42,0.30952380952380953,0.19047619047619047,11292.343571428572,474278.43,0.4523809523809524,0.5476190476190477,19,23,1436.1874445397061,41.93124714430262,0.0,0.8333333333333334,2024-02-02,Greed,63,Greed
2024-02-03,0xb1231a4a2dd02f2276fa3c5e2a2f3436e6bfed23,223.30918699999998,56,0.10714285714285714,0.10714285714285714,10782.5,603820.0,0.32142857142857145,0.6785714285714286,18,38,1385.993682935988,68.62663189543068,0.0,0.48717948717948717,2024-02-03,Greed,60,Greed
2024-02-04,0xb1231a4a2dd02f2276fa3c5e2a2f3436e6bfed23,47.62389499999999,35,0.2571428571428571,0.5428571428571428,5805.358,203187.53,0.5428571428571428,0.45714285714285713,19,16,0.24116452849997425,31.922762604224417,0.0,1.1764705882352942,2024-02-04,Greed,60,Greed
2024-02-05,0xb1231a4a2dd02f2276fa3c5e2a2f3436e6bfed23,-33.45419400000003,72,0.19444444444444445,0.25,10697.198055555556,770198.26,0.4583333333333333,0.5416666666666666,33,39,307.85321322803424,46.10792460482958,-33.45419400000003,0.85,2024-02-05,Greed,60,Greed
2024-02-06,0xb1231a4a2dd02f2276fa3c5e2a2f3436e6bfed23,-215.615907,1088,0.1645220588235294,0.3161764705882353,7396.280707720588,8047153.41,0.47610294117647056,0.5238970588235294,518,570,419.6331101877003,12.69131338108202,-215.615907,0.9089316987740805,2024-02-06,Greed,64,Greed
2024-02-07,0xb1231a4a2dd02f2276fa3c5e2a2f3436e6bfed23,241.24212,15,0.13333333333333333,0.0,450.582,6758.73,0.4666666666666667,0.5333333333333333,7,8,28.442544867353735,56.54657345272468,0.0,0.8888888888888888,2024-02-07,Greed,62,Greed
2024-02-08,0xb1231a4a2dd02f2276fa3c5e2a2f3436e6bfed23,770.756024,10,0.4,0.0,2605.112,26051.12,0.2,0.8,2,8,436.8904653744465,139.74567826297627,0.0,0.3333333333333333,2024-02-08,Greed,66,Greed
2024-02-11,0xb1231a4a2dd02f2276fa3c5e2a2f3436e6bfed23,983.443176,34,0.20588235294117646,0.0,6244.465294117647,212311.82,0.6764705882352942,0.3235294117647059,23,11,51.25590315317102,108.62231864377547,0.0,2.0,2024-02-11,Greed,71,Greed
2024-02-12,0xb1231a4a2dd02f2276fa3c5e2a2f3436e6bfed23,913.8817869999998,16,0.375,0.5625,14202.981249999999,227247.69999999998,0.6875,0.3125,11,5,625.3947123684624,828.6571214700353,0.0,2.0,2024-02-12,Greed,70,Greed
2024-02-13,0xb1231a4a2dd02f2276fa3c5e2a2f3436e6bfed23,559.44389,14,1.0,0.0,142.85642857142858,1999.99,0.0,1.0,0,14,0.037218069376751074,37.98023035380744,0.0,0.06666666666666667,2024-02-13,Extreme Greed,79,Greed
2024-02-14,0x75f7eeb85dc639d5e99c78f95393aa9a5f1170d4,3639.3031690000003,88,0.8977272727272727,0.011363636363636364,2478.8488636363636,218138.7,0.3068181818181818,0.6931818181818182,27,61,1228.4164877653318,48.00764543879555,0.0,0.45161290322580644,2024-02-14,Greed,74,Greed
2024-02-14,0xb1231a4a2dd02f2276fa3c5e2a2f3436e6bfed23,191.29666400000002,23,0.17391304347826086,0.0,4465.268695652174,102701.18,0.30434782608695654,0.6956521739130435,7,16,461.41856242859325,27.27687490998026,0.0,0.47058823529411764,2024-02-14,Greed,74,Greed
2024-02-15,0x75f7eeb85dc639d5e99c78f95393aa9a5f1170d4,1024.70728,52,0.9423076923076923,0.0,1469.9592307692308,76437.88,0.9423076923076923,0.057692307692307696,49,3,744.984229311047,26.673541136456084,0.0,12.5,2024-02-15,Greed,72,Greed
2024-02-15,0xb1231a4a2dd02f2276fa3c5e2a2f3436e6bfed23,816.0903969999999,11,0.7272727272727273,0.2727272727272727,9886.378181818181,108750.16,0.2727272727272727,0.7272727272727273,3,8,0.5612522690173021,784.0401662871386,0.0,0.4444444444444444,2024-02-15,Greed,72,Greed
2024-02-16,0x75f7eeb85dc639d5e99c78f95393aa9a5f1170d4,5491.768834,170,0.8588235294117647,0.0,2730.2580588235296,464143.87,0.6176470588235294,0.38235294117647056,105,65,923.8113191681193,127.47639261730797,0.0,1.606060606060606,2024-02-16,Greed,72,Greed
2024-02-16,0xb1231a4a2dd02f2276fa3c5e2a2f3436e6bfed23,0.0,12,0.0,0.0,8396.053333333333,100752.64,0.8333333333333334,0.16666666666666666,10,2,3546.2669912429396,0.0,0.0,3.6666666666666665,2024-02-16,Greed,72,Greed
2024-02-17,0x75f7eeb85dc639d5e99c78f95393aa9a5f1170d4,1670.012358,64,0.84375,0.0,3161.86234375,202359.19,0.390625,0.609375,25,39,1310.7012503148371,40.139917020284955,0.0,0.65,2024-02-17,Extreme Greed,76,Greed
2024-02-17,0xb1231a4a2dd02f2276fa3c5e2a2f3436e6bfed23,259.62944200000004,30,0.23333333333333334,0.13333333333333333,6791.962666666667,203758.88,0.8333333333333334,0.16666666666666666,25,5,16.39527176864959,90.65161828298739,0.0,4.333333333333333,2024-02-17,Extreme Greed,76,Greed
2024-02-18,0x75f7eeb85dc639d5e99c78f95393aa9a5f1170d4,477.6248299999999,97,0.6288659793814433,0.07216494845360824,1619.0532989690723,157048.17,0.3917525773195876,0.6082474226804123,38,59,307.0771251907836,82.70537448739243,0.0,0.65,2024-02-18,Greed,72,Greed
2024-02-19,0x75f7eeb85dc639d5e99c78f95393aa9a5f1170d4,4325.827543,95,0.8,0.0,2488.1485263157892,236374.11,0.4,0.6,38,57,714.0103389450734,121.83806352621146,0.0,0.6724137931034483,2024-02-19,Extreme Greed,75,Greed
2024-02-19,0xb1231a4a2dd02f2276fa3c5e2a2f3436e6bfed23,-8.05898,6,0.16666666666666666,0.3333333333333333,8333.848333333333,50003.09,0.5,0.5,3,3,836.6292128037222,2.231795624878467,-8.05898,1.0,2024-02-19,Extreme Greed,75,Greed
2024-02-20,0x75f7eeb85dc639d5e99c78f95393aa9a5f1170d4,3053.31353,35,0.7714285714285715,0.02857142857142857,3363.1262857142856,117709.42,0.37142857142857144,0.6285714285714286,13,22,1205.8765426541868,202.18929538936396,0.0,0.6086956521739131,2024-02-20,Greed,72,Greed
2024-02-20,0xb1231a4a2dd02f2276fa3c5e2a2f3436e6bfed23,210.315294,4,1.0,0.0,427.575,1710.3,0.0,1.0,0,4,0.33387840859169027,61.264691995381206,0.0,0.2,2024-02-20,Greed,72,Greed
2024-02-21,0x75f7eeb85dc639d5e99c78f95393aa9a5f1170d4,1858.7985700000002,21,0.7142857142857143,0.0,4668.662857142857,98041.92,0.2857142857142857,0.7142857142857143,6,15,2255.3581442069603,125.99985253418396,0.0,0.4375,2024-02-21,Extreme Greed,78,Greed
2024-02-21,0xb1231a4a2dd02f2276fa3c5e2a2f3436e6bfed23,0.0,1,0.0,0.0,10005.6,10005.6,1.0,0.0,1,0,10005.6,0.0,0.0,2.0,2024-02-21,Extreme Greed,78,Greed
2024-02-22,0x75f7eeb85dc639d5e99c78f95393aa9a5f1170d4,3894.1050699999996,86,0.46511627906976744,0.16279069767441862,4279.456162790698,368033.23,0.38372093023255816,0.6162790697674418,33,53,487.25976812952615,230.14196693681947,0.0,0.6296296296296297,2024-02-22,Greed,74,Greed
2024-02-22,0xb1231a4a2dd02f2276fa3c5e2a2f3436e6bfed23,0.0,2,0.0,0.0,2500.32,5000.64,1.0,0.0,2,0,0.26193260362469895,0.0,0.0,3.0,2024-02-22,Greed,74,Greed
2024-02-23,0x75f7eeb85dc639d5e99c78f95393aa9a5f1170d4,1418.55293,143,0.958041958041958,0.006993006993006993,776.966013986014,111106.14,0.916083916083916,0.08391608391608392,131,12,92.2599611987246,13.037213323027334,0.0,10.153846153846153,2024-02-23,Extreme Greed,76,Greed
2024-02-25,0x75f7eeb85dc639d5e99c78f95393aa9a5f1170d4,-30.7705,5,0.0,0.4,896.0260000000001,4480.13,0.4,0.6,2,3,23.47160582337802,8.951179489427636,-30.7705,0.75,2024-02-25,Greed,74,Greed
2024-02-26,0x75f7eeb85dc639d5e99c78f95393aa9a5f1170d4,4416.8473,37,0.918918918918919,0.0,5180.734324324325,191687.17,0.7297297297297297,0.2702702702702703,27,10,1869.7615617773483,229.0409707707589,0.0,2.5454545454545454,2024-02-26,Greed,72,Greed
2024-02-26,0xb1231a4a2dd02f2276fa3c5e2a2f3436e6bfed23,0.0,2,0.0,0.0,249.98499999999999,499.96999999999997,0.0,1.0,0,2,22.660052665177144,0.0,0.0,0.3333333333333333,2024-02-26,Greed,72,Greed
2024-02-27,0x75f7eeb85dc639d5e99c78f95393aa9a5f1170d4,312.130593,55,0.34545454545454546,0.2909090909090909,3759.7450909090912,206785.98,0.6,0.4,33,22,1570.8489012957473,91.02176511140131,0.0,1.4782608695652173,2024-02-27,Extreme Greed,79,Greed
2024-02-27,0xb1231a4a2dd02f2276fa3c5e2a2f3436e6bfed23,576.38114,8,0.875,0.0,322.04,2576.32,0.0,1.0,0,8,0.7324982792259352,78.51903567107601,0.0,0.1111111111111111,2024-02-27,Extreme Greed,79,Greed
2024-02-28,0x75f7eeb85dc639d5e99c78f95393aa9a5f1170d4,2503.747235,45,0.8666666666666667,0.0,3802.380666666667,171107.13,0.6888888888888889,0.3111111111111111,31,14,1902.7173455854063,130.75309252773027,0.0,2.1333333333333333,2024-02-28,Extreme Greed,82,Greed
2024-02-29,0x75f7eeb85dc639d5e99c78f95393aa9a5f1170d4,8493.192736,109,0.8899082568807339,0.0,3402.198532110092,370839.64,0.5504587155963303,0.44954128440366975,60,49,1495.7042776099097,132.14123741453162,0.0,1.22,2024-02-29,Extreme Greed,80,Greed
2024-02-29,0xb1231a4a2dd02f2276fa3c5e2a2f3436e6bfed23,1320.804256,7,0.42857142857142855,0.0,3546.727142857143,24827.09,0.0,1.0,0,7,30.96526615936099,319.63126226443654,0.0,0.125,2024-02-29,Extreme Greed,80,Greed
2024-03-01,0x75f7eeb85dc639d5e99c78f95393aa9a5f1170d4,8244.241409,137,0.9343065693430657,0.0,3452.370072992701,472974.7,0.27007299270072993,0.7299270072992701,37,100,1592.2463438856234,111.95860869453276,0.0,0.37623762376237624,2024-03-01,Extreme Greed,80,Greed
2024-03-02,0x75f7eeb85dc639d5e99c78f95393aa9a5f1170d4,1674.715167,24,0.875,0.0,2510.5745833333335,60253.79,0.875,0.125,21,3,1289.0838622522485,242.73906781805928,0.0,5.5,2024-03-02,Extreme Greed,80,Greed
2024-03-02,0xb1231a4a2dd02f2276fa3c5e2a2f3436e6bfed23,-1443.814567,7,0.0,1.0,420.5385714285714,2943.77,1.0,0.0,7,0,0.3497065709995811,139.38928963663136,-1443.814567,8.0,2024-03-02,Extreme Greed,80,Greed
2024-03-03,0x75f7eeb85dc639d5e99c78f95393aa9a5f1170d4,8361.086245,79,0.6835443037974683,0.0,4946.1478481012655,390745.68,0.45569620253164556,0.5443037974683544,36,43,1811.0634229493392,199.82398269178753,0.0,0.8409090909090909,2024-03-03,Extreme Greed,83,Greed
2024-03-04,0x75f7eeb85dc639d5e99c78f95393aa9a5f1170d4,26773.771643,287,0.8815331010452961,0.013937282229965157,5485.087665505226,1574220.16,0.5609756097560976,0.43902439024390244,161,126,2606.8745138442346,154.80396805645083,0.0,1.2755905511811023,2024-03-04,Extreme Greed,82,Greed
2024-03-04,0xb1231a4a2dd02f2276fa3c5e2a2f3436e6bfed23,1026.004099,13,1.0,0.0,290.5161538461538,3776.71,0.0,1.0,0,13,0.5984329555549965,102.70732839505838,0.0,0.07142857142857142,2024-03-04,Extreme Greed,82,Greed
2024-03-05,0x75f7eeb85dc639d5e99c78f95393aa9a5f1170d4,19791.026041,180,0.9055555555555556,0.0,4676.724,841810.32,0.3055555555555556,0.6944444444444444,55,125,2212.884125258621,195.65804028577477,0.0,0.4444444444444444,2024-03-05,Extreme Greed,90,Greed
2024-03-06,0x75f7eeb85dc639d5e99c78f95393aa9a5f1170d4,6814.825139,82,0.8780487804878049,0.0,3990.4636585365856,327218.02,0.5975609756097561,0.4024390243902439,49,33,1830.5366261056706,146.9693030530839,0.0,1.4705882352941178,2024-03-06,Extreme Greed,75,Greed
2024-03-08,0x75f7eeb85dc639d5e99c78f95393aa9a5f1170d4,4271.886236,67,0.8805970149253731,0.0,2740.047462686567,183583.18,0.2835820895522388,0.7164179104477612,19,48,1349.3026512000822,148.75855367571137,0.0,0.40816326530612246,2024-03-08,Extreme Greed,81,Greed
2024-03-09,0x75f7eeb85dc639d5e99c78f95393aa9a5f1170d4,9949.501624,117,0.8290598290598291,0.08547008547008547,5625.459401709401,658178.75,0.7094017094017094,0.2905982905982906,83,34,2842.6226877331533,154.56552113291943,0.0,2.4,2024-03-09,Extreme Greed,84,Greed
2024-03-10,0x75f7eeb85dc639d5e99c78f95393aa9a5f1170d4,2482.9272,42,0.6904761904761905,0.21428571428571427,5237.472619047619,219973.85,0.9047619047619048,0.09523809523809523,38,4,2030.9370250547934,207.7542700001469,0.0,7.8,2024-03-10,Extreme Greed,79,Greed
2024-03-11,0x75f7eeb85dc639d5e99c78f95393aa9a5f1170d4,3588.179495,42,0.9285714285714286,0.0,4202.844047619047,176519.44999999998,0.2857142857142857,0.7142857142857143,12,30,1952.4161802421386,196.10462239183906,0.0,0.41935483870967744,2024-03-11,Extreme Greed,82,Greed
2024-03-12,0x75f7eeb85dc639d5e99c78f95393aa9a5f1170d4,3039.166,8,0.875,0.0,12880.10625,103040.85,0.125,0.875,1,7,6250.345815685727,521.6006618377291,0.0,0.25,2024-03-12,Extreme Greed,81,Greed
2024-03-13,0x4f93fead39b70a1824f981a54d4e55b278e9f760,0.0,7,0.0,0.0,857.2571428571428,6000.799999999999,1.0,0.0,7,0,4.314146878817746,0.0,0.0,8.0,2024-03-13,Extreme Greed,81,Greed
2024-03-14,0x4f93fead39b70a1824f981a54d4e55b278e9f760,65.480454,1,1.0,0.0,6066.28,6066.28,0.0,1.0,0,1,0.9998348024782034,0.0,0.0,0.5,2024-03-14,Extreme Greed,88,Greed
2024-03-14,0x75f7eeb85dc639d5e99c78f95393aa9a5f1170d4,3400.385378,17,0.8823529411764706,0.0,11756.876470588235,199866.9,0.11764705882352941,0.8823529411764706,2,15,5778.71630735036,260.0889043080728,0.0,0.1875,2024-03-14,Extreme Greed,88,Greed
2024-03-15,0x4f93fead39b70a1824f981a54d4e55b278e9f760,338.42832,8,0.125,0.0,3292.47625,26339.81,0.875,0.125,7,1,500.44413876000607,119.65248000878543,0.0,4.0,2024-03-15,Extreme Greed,83,Greed
2024-03-15,0x75f7eeb85dc639d5e99c78f95393aa9a5f1170d4,5509.2545,35,0.9142857142857143,0.0,7132.707714285714,249644.77,0.37142857142857144,0.6285714285714286,13,22,2857.1797878375846,238.2233118077571,0.0,0.6086956521739131,2024-03-15,Extreme Greed,83,Greed
2024-03-15,0xb1231a4a2dd02f2276fa3c5e2a2f3436e6bfed23,388.830831,19,0.42105263157894735,0.0,3995.254210526316,75909.83,0.3157894736842105,0.6842105263157895,6,13,332.9934294291629,45.93886713622566,0.0,0.5,2024-03-15,Extreme Greed,83,Greed
2024-03-16,0x4f93fead39b70a1824f981a54d4e55b278e9f760,228.57984,6,0.16666666666666666,0.0,4537.276666666667,27223.66,0.8333333333333334,0.16666666666666666,5,1,500.6946636225309,93.31732891450332,0.0,3.0,2024-03-16,Extreme Greed,81,Greed
2024-03-16,0xb1231a4a2dd02f2276fa3c5e2a2f3436e6bfed23,0.0,2,0.0,0.0,5000.0,10000.0,0.0,1.0,0,2,0.14544775181294262,0.0,0.0,0.3333333333333333,2024-03-16,Extreme Greed,81,Greed
2024-03-17,0x4f93fead39b70a1824f981a54d4e55b278e9f760,429.683075,14,0.2857142857142857,0.0,6218.810714285714,87063.35,0.7142857142857143,0.2857142857142857,10,4,0.23874789511149416,54.26789625476134,0.0,2.2,2024-03-17,Extreme Greed,79,Greed
2024-03-17,0x75f7eeb85dc639d5e99c78f95393aa9a5f1170d4,73.61088,7,0.8571428571428571,0.0,705.8557142857143,4940.99,0.8571428571428571,0.14285714285714285,6,1,358.5383771530173,8.610799112949197,0.0,3.5,2024-03-17,Extreme Greed,79,Greed
2024-03-17,0xb1231a4a2dd02f2276fa3c5e2a2f3436e6bfed23,0.0,2,0.0,0.0,3751.305,7502.61,1.0,0.0,2,0,3751.305,0.0,0.0,3.0,2024-03-17,Extreme Greed,79,Greed
2024-03-18,0x4f93fead39b70a1824f981a54d4e55b278e9f760,0.0,12,0.0,0.0,2833.491666666667,34001.9,1.0,0.0,12,0,250.16203581808642,0.0,0.0,13.0,2024-03-18,Extreme Greed,77,Greed
2024-03-18,0x75f7eeb85dc639d5e99c78f95393aa9a5f1170d4,1244.6384,6,0.8333333333333334,0.0,8540.285,51241.71,0.16666666666666666,0.8333333333333334,1,5,4166.894011315374,484.8645557642945,0.0,0.3333333333333333,2024-03-18,Extreme Greed,77,Greed
2024-03-18,0xb1231a4a2dd02f2276fa3c5e2a2f3436e6bfed23,212.3193,1,1.0,0.0,5214.47,5214.47,0.0,1.0,0,1,0.9998074959246274,0.0,0.0,0.5,2024-03-18,Extreme Greed,77,Greed
2024-03-19,0x4f93fead39b70a1824f981a54d4e55b278e9f760,0.0,4,0.0,0.0,2266.8775,9067.51,1.0,0.0,4,0,0.0655598043185888,0.0,0.0,5.0,2024-03-19,Extreme Greed,79,Greed
2024-03-19,0x75f7eeb85dc639d5e99c78f95393aa9a5f1170d4,842.799493,10,0.5,0.0,18098.891,180988.91,0.5,0.5,5,5,1442.583153752567,138.47014080652662,0.0,1.0,2024-03-19,Extreme Greed,79,Greed
2024-03-19,0xb1231a4a2dd02f2276fa3c5e2a2f3436e6bfed23,-174.00152,10,0.0,0.2,2982.842,29828.420000000002,0.8,0.2,8,2,47.90260608237979,46.34274907297599,-174.00152,3.0,2024-03-19,Extreme Greed,79,Greed
2024-03-20,0x75f7eeb85dc639d5e99c78f95393aa9a5f1170d4,2593.147623,59,0.9491525423728814,0.0,2446.8210169491526,144362.44,0.3898305084745763,0.6101694915254238,23,36,1224.6158776593527,81.93123859590196,0.0,0.6486486486486487,2024-03-20,Greed,74,Greed
2024-03-20,0xb1231a4a2dd02f2276fa3c5e2a2f3436e6bfed23,3829.986976,10,0.4,0.0,7134.341,71343.41,0.6,0.4,6,4,1063.37724310352,790.3020692309518,0.0,1.4,2024-03-20,Greed,74,Greed
2024-03-21,0x4f93fead39b70a1824f981a54d4e55b278e9f760,0.0,1,0.0,0.0,9744.18,9744.18,1.0,0.0,1,0,0.22899637353010613,0.0,0.0,2.0,2024-03-21,Extreme Greed,78,Greed
2024-03-21,0x75f7eeb85dc639d5e99c78f95393aa9a5f1170d4,2097.182,23,0.9565217391304348,0.0,4256.877391304348,97908.18,0.9565217391304348,0.043478260869565216,22,1,2174.1434490829365,163.05616818583826,0.0,11.5,2024-03-21,Extreme Greed,78,Greed
2024-03-21,0xb1231a4a2dd02f2276fa3c5e2a2f3436e6bfed23,238.326075,4,0.25,0.0,2560.8025000000002,10243.210000000001,0.75,0.25,3,1,543.9388605077263,119.1630375,0.0,2.0,2024-03-21,Extreme Greed,78,Greed
2024-03-24,0x75f7eeb85dc639d5e99c78f95393aa9a5f1170d4,1297.018477,19,0.7894736842105263,0.0,4873.274210526315,92592.20999999999,0.7894736842105263,0.21052631578947367,15,4,19.905282931627024,84.64288646631248,0.0,3.2,2024-03-24,Greed,74,Greed
2024-03-25,0x4f93fead39b70a1824f981a54d4e55b278e9f760,1302.916428,7,0.8571428571428571,0.0,8159.4742857142855,57116.32,0.0,1.0,0,7,428.8081043860281,173.14631124356953,0.0,0.125,2024-03-25,Extreme Greed,75,Greed
2024-03-26,0x4f93fead39b70a1824f981a54d4e55b278e9f760,20.599193,7,0.14285714285714285,0.0,3426.62,23986.34,0.8571428571428571,0.14285714285714285,6,1,857.6321942266784,7.785763126660362,0.0,3.5,2024-03-26,Extreme Greed,81,Greed
2024-03-26,0x75f7eeb85dc639d5e99c78f95393aa9a5f1170d4,3195.3074,111,0.9819819819819819,0.0,1572.7824324324324,174578.85,0.018018018018018018,0.9819819819819819,2,109,772.0723471385113,40.207151077303344,0.0,0.02727272727272727,2024-03-26,Extreme Greed,81,Greed
2024-03-27,0x4f93fead39b70a1824f981a54d4e55b278e9f760,189.192,27,0.4444444444444444,0.0,3224.6703703703706,87066.1,0.4444444444444444,0.5555555555555556,12,15,429.79170922687575,14.737103941135228,0.0,0.8125,2024-03-27,Extreme Greed,83,Greed
2024-03-27,0x75f7eeb85dc639d5e99c78f95393aa9a5f1170d4,-38.78086,11,0.0,0.6363636363636364,1163.5172727272727,12798.689999999999,0.6363636363636364,0.36363636363636365,7,4,580.4282914950246,6.860734870127384,-38.78086,1.6,2024-03-27,Extreme Greed,83,Greed
2024-03-28,0x4f93fead39b70a1824f981a54d4e55b278e9f760,0.0,3,0.0,0.0,6671.296666666666,20013.89,1.0,0.0,3,0,0.20631642382152704,0.0,0.0,4.0,2024-03-28,Extreme Greed,80,Greed
2024-03-28,0x75f7eeb85dc639d5e99c78f95393aa9a5f1170d4,227.85100799999998,10,0.9,0.0,1530.983,15309.83,0.9,0.1,9,1,777.0896820714636,21.38900563905774,0.0,5.0,2024-03-28,Extreme Greed,80,Greed
2024-03-29,0x4f93fead39b70a1824f981a54d4e55b278e9f760,883.097404,15,0.4,0.0,5794.291333333333,86914.37,0.6,0.4,9,6,400.4563749947214,95.5086831563824,0.0,1.4285714285714286,2024-03-29,Extreme Greed,79,Greed
2024-03-30,0x75f7eeb85dc639d5e99c78f95393aa9a5f1170d4,1100.57514,45,0.9777777777777777,0.0,2246.753777777778,101103.92,0.022222222222222223,0.9777777777777777,1,44,1111.2318706960266,52.44350104198017,0.0,0.044444444444444446,2024-03-30,Extreme Greed,75,Greed
2024-03-31,0x4f93fead39b70a1824f981a54d4e55b278e9f760,912.786145,13,0.7692307692307693,0.0,3070.2276923076925,39912.96,0.0,1.0,0,13,11.229021822350756,112.05139600499244,0.0,0.07142857142857142,2024-03-31,Extreme Greed,75,Greed
2024-04-01,0x4f93fead39b70a1824f981a54d4e55b278e9f760,0.840939,29,0.06896551724137931,0.0,4654.808275862069,134989.44,0.8620689655172413,0.13793103448275862,25,4,39.01041638440192,0.10936280788482529,0.0,5.2,2024-04-01,Extreme Greed,79,Greed
2024-04-01,0x75f7eeb85dc639d5e99c78f95393aa9a5f1170d4,2507.122467,48,0.8333333333333334,0.020833333333333332,4260.021458333334,204481.03,0.14583333333333334,0.8541666666666666,7,41,1395.1085848724572,112.50968528122215,0.0,0.19047619047619047,2024-04-01,Extreme Greed,79,Greed
2024-04-02,0x4f93fead39b70a1824f981a54d4e55b278e9f760,883.760812,37,0.32432432432432434,0.0,6072.016756756757,224664.62,0.16216216216216217,0.8378378378378378,6,31,505.38091833254816,82.11980963179407,0.0,0.21875,2024-04-02,Extreme Greed,79,Greed
2024-04-02,0xb1231a4a2dd02f2276fa3c5e2a2f3436e6bfed23,0.0,4,0.0,0.0,3749.9725,14999.89,1.0,0.0,4,0,1332.8924756776655,0.0,0.0,5.0,2024-04-02,Extreme Greed,79,Greed
2024-04-03,0x75f7eeb85dc639d5e99c78f95393aa9a5f1170d4,126.7884,2,0.5,0.0,3443.955,6887.91,0.5,0.5,1,1,1690.7798581952459,89.65293741579247,0.0,1.0,2024-04-03,Greed,71,Greed
2024-04-03,0xb1231a4a2dd02f2276fa3c5e2a2f3436e6bfed23,0.0,2,0.0,0.0,4999.83,9999.66,1.0,0.0,2,0,4992.035780665299,0.0,0.0,3.0,2024-04-03,Greed,71,Greed
2024-04-04,0x4f93fead39b70a1824f981a54d4e55b278e9f760,0.0,32,0.0,0.0,2999.6165625,95987.73,0.0,1.0,0,32,0.029776882209230426,0.0,0.0,0.030303030303030304,2024-04-04,Greed,70,Greed
2024-04-05,0x4f93fead39b70a1824f981a54d4e55b278e9f760,4444.4983010000005,10,0.7,0.0,17253.157,172531.56999999998,1.0,0.0,10,0,300.44876667950297,798.7271619373006,0.0,11.0,2024-04-05,Extreme Greed,79,Greed
2024-04-05,0x75f7eeb85dc639d5e99c78f95393aa9a5f1170d4,5296.433789,82,0.9146341463414634,0.0,3723.111585365854,305295.15,0.08536585365853659,0.9146341463414634,7,75,1661.3428168086018,153.42122975938761,0.0,0.10526315789473684,2024-04-05,Extreme Greed,79,Greed
2024-04-05,0xb1231a4a2dd02f2276fa3c5e2a2f3436e6bfed23,965.5522159999999,8,1.0,0.0,3245.635,25965.08,0.0,1.0,0,8,0.7763672971910437,177.03840215664962,0.0,0.1111111111111111,2024-04-05,Extreme Greed,79,Greed
2024-04-06,0x4f93fead39b70a1824f981a54d4e55b278e9f760,236.33513399999998,16,0.25,0.0,4263.979375,68223.67,0.0,1.0,0,16,312.80093604660664,42.149058574016486,0.0,0.058823529411764705,2024-04-06,Extreme Greed,75,Greed
2024-04-07,0x4f93fead39b70a1824f981a54d4e55b278e9f760,0.0,23,0.0,0.0,2173.397391304348,49988.14,0.0,1.0,0,23,0.03079221616360997,0.0,0.0,0.041666666666666664,2024-04-07,Extreme Greed,78,Greed
2024-04-08,0x4f93fead39b70a1824f981a54d4e55b278e9f760,0.0,28,0.0,0.0,5827.370357142857,163166.37,0.0,1.0,0,28,0.034747489422801786,0.0,0.0,0.034482758620689655,2024-04-08,Extreme Greed,76,Greed
2024-04-08,0x75f7eeb85dc639d5e99c78f95393aa9a5f1170d4,1218.4267,2,0.5,0.0,24387.135,48774.27,0.5,0.5,1,1,12498.674978964562,861.5577819487472,0.0,1.0,2024-04-08,Extreme Greed,76,Greed
2024-04-09,0x4f93fead39b70a1824f981a54d4e55b278e9f760,0.0,3,0.0,0.0,19021.280000000002,57063.840000000004,0.0,1.0,0,3,0.06794532002536804,0.0,0.0,0.25,2024-04-09,Extreme Greed,80,Greed
2024-04-10,0x4f93fead39b70a1824f981a54d4e55b278e9f760,5207.443414,41,0.8780487804878049,0.0,8578.926097560974,351735.97,0.975609756097561,0.024390243902439025,40,1,146.52634253659596,197.76893722954745,0.0,20.5,2024-04-10,Extreme Greed,78,Greed
2024-04-11,0x4f93fead39b70a1824f981a54d4e55b278e9f760,389.743164,16,0.125,0.0,4775.06,76400.96,0.875,0.125,14,2,750.2752391020882,69.72639235953248,0.0,5.0,2024-04-11,Extreme Greed,76,Greed
2024-04-12,0x4f93fead39b70a1824f981a54d4e55b278e9f760,0.0,21,0.0,0.0,7138.52761904762,149909.08000000002,1.0,0.0,21,0,0.081611389826682,0.0,0.0,22.0,2024-04-12,Extreme Greed,79,Greed
2024-04-12,0x75f7eeb85dc639d5e99c78f95393aa9a5f1170d4,2237.798674,93,0.7634408602150538,0.16129032258064516,2815.611935483871,261851.91,0.07526881720430108,0.9247311827956989,7,86,895.7118146965053,79.41774694701044,0.0,0.09195402298850575,2024-04-12,Extreme Greed,79,Greed
2024-04-12,0xb1231a4a2dd02f2276fa3c5e2a2f3436e6bfed23,-2830.444513,15,0.0,1.0,2021.84,30327.6,1.0,0.0,15,0,0.24684241646211322,234.49968690028348,-2830.444513,16.0,2024-04-12,Extreme Greed,79,Greed
2024-04-13,0x4f93fead39b70a1824f981a54d4e55b278e9f760,0.0,18,0.0,0.0,8677.150000000001,156188.7,1.0,0.0,18,0,0.03654077586212925,0.0,0.0,19.0,2024-04-13,Greed,72,Greed
2024-04-13,0x75f7eeb85dc639d5e99c78f95393aa9a5f1170d4,6621.451755,71,0.8591549295774648,0.0,4651.021830985916,330222.55,0.39436619718309857,0.6056338028169014,28,43,2090.644617309798,203.14061751957482,0.0,0.6590909090909091,2024-04-13,Greed,72,Greed
2024-04-14,0x4f93fead39b70a1824f981a54d4e55b278e9f760,-36565.98544,64,0.046875,0.59375,9199.4678125,588765.94,0.359375,0.640625,23,41,437.60570311451767,2750.1848881371893,-36565.98544,0.5714285714285714,2024-04-14,Greed,72,Greed
2024-04-14,0x75f7eeb85dc639d5e99c78f95393aa9a5f1170d4,461.97292000000004,43,0.6976744186046512,0.06976744186046512,1637.1216279069768,70396.23,0.5348837209302325,0.46511627906976744,23,20,617.0024917805845,42.272892901650174,0.0,1.1428571428571428,2024-04-14,Greed,72,Greed
2024-04-15,0x4f93fead39b70a1824f981a54d4e55b278e9f760,0.0,3,0.0,0.0,16671.31666666667,50013.950000000004,1.0,0.0,3,0,0.06899355372159864,0.0,0.0,4.0,2024-04-15,Greed,74,Greed
2024-04-15,0x75f7eeb85dc639d5e99c78f95393aa9a5f1170d4,3774.08872,38,0.9210526315789473,0.0,6344.664210526315,241097.24,0.39473684210526316,0.6052631578947368,15,23,3158.1281106821248,169.9212307644182,0.0,0.6666666666666666,2024-04-15,Greed,74,Greed
2024-04-16,0x3998f134d6aaa2b6a5f723806d00fd2bbbbce891,0.0,1,0.0,0.0,91.08,91.08,0.0,1.0,0,1,0.9891338627827632,0.0,0.0,0.5,2024-04-16,Greed,65,Greed
2024-04-16,0x75f7eeb85dc639d5e99c78f95393aa9a5f1170d4,2467.702221,46,0.9347826086956522,0.0,3952.523695652174,181816.09,0.6739130434782609,0.32608695652173914,31,15,1956.7879580527726,104.35454801166235,0.0,2.0,2024-04-16,Greed,65,Greed
2024-04-17,0x75f7eeb85dc639d5e99c78f95393aa9a5f1170d4,2441.4683999999997,14,0.9285714285714286,0.0,6968.785000000001,97562.99,0.9285714285714286,0.07142857142857142,13,1,3571.7628261378627,232.6697853775852,0.0,7.0,2024-04-17,Greed,67,Greed
2024-04-19,0x4f93fead39b70a1824f981a54d4e55b278e9f760,1946.4454620000001,35,0.7714285714285715,0.0,9635.940571428573,337257.92000000004,0.14285714285714285,0.8571428571428571,5,30,246.6092675098904,114.02941773198246,0.0,0.1935483870967742,2024-04-19,Greed,66,Greed
2024-04-20,0x430f09841d65beb3f27765503d0f850b8bce7713,0.0,20,0.0,0.0,2436.6825,48733.65,1.0,0.0,20,0,146.76387935725683,0.0,0.0,21.0,2024-04-20,Greed,66,Greed
2024-04-20,0x4f93fead39b70a1824f981a54d4e55b278e9f760,0.0,2,0.0,0.0,5999.795,11999.59,0.0,1.0,0,2,0.30040226546419635,0.0,0.0,0.3333333333333333,2024-04-20,Greed,66,Greed
2024-04-22,0x4f93fead39b70a1824f981a54d4e55b278e9f760,0.0,9,0.0,0.0,5332.623333333333,47993.61,0.0,1.0,0,9,0.1162911005790374,0.0,0.0,0.1,2024-04-22,Greed,73,Greed
2024-04-23,0x4f93fead39b70a1824f981a54d4e55b278e9f760,759.2148159999999,54,0.5740740740740741,0.0,3567.7494444444446,192658.47,0.6481481481481481,0.35185185185185186,35,19,180.5955545686956,71.07686420570106,0.0,1.8,2024-04-23,Greed,71,Greed
2024-04-23,0x75f7eeb85dc639d5e99c78f95393aa9a5f1170d4,360.32138,12,0.3333333333333333,0.0,3366.369166666667,40396.43,0.16666666666666666,0.8333333333333334,2,10,61.605535335970025,64.4959212257343,0.0,0.2727272727272727,2024-04-23,Greed,71,Greed
2024-04-24,0x4f93fead39b70a1824f981a54d4e55b278e9f760,279.185907,20,0.3,0.05,7063.762,141275.24,0.65,0.35,13,7,526.3428133265063,47.020172247729526,0.0,1.75,2024-04-24,Greed,72,Greed
2024-04-25,0x430f09841d65beb3f27765503d0f850b8bce7713,0.0,68,0.0,0.0,753.8510294117647,51261.869999999995,1.0,0.0,68,0,0.011029869819511165,0.0,0.0,69.0,2024-04-25,Greed,72,Greed
2024-04-25,0x4f93fead39b70a1824f981a54d4e55b278e9f760,0.0,6,0.0,0.0,11496.523333333333,68979.14,1.0,0.0,6,0,0.1423352412249793,0.0,0.0,7.0,2024-04-25,Greed,72,Greed
2024-04-26,0xb1231a4a2dd02f2276fa3c5e2a2f3436e6bfed23,0.0,3,0.0,0.0,1662.7633333333335,4988.290000000001,0.0,1.0,0,3,0.033030229006501495,0.0,0.0,0.25,2024-04-26,Greed,70,Greed
2024-04-27,0x4f93fead39b70a1824f981a54d4e55b278e9f760,4281.488139,27,0.7037037037037037,0.0,5713.498888888889,154264.47,0.0,1.0,0,27,242.93118420514733,205.65189595972714,0.0,0.03571428571428571,2024-04-27,Greed,67,Greed
2024-04-28,0x4f93fead39b70a1824f981a54d4e55b278e9f760,0.0,8,0.0,0.0,3374.92625,26999.41,0.0,1.0,0,8,0.12383770793376263,0.0,0.0,0.1111111111111111,2024-04-28,Greed,65,Greed
2024-04-28,0xb1231a4a2dd02f2276fa3c5e2a2f3436e6bfed23,0.0,50,0.0,0.0,339.7238,16986.19,0.0,1.0,0,50,0.008911111255414076,0.0,0.0,0.0196078431372549,2024-04-28,Greed,65,Greed
2024-04-29,0x4f93fead39b70a1824f981a54d4e55b278e9f760,526.9338359999999,31,0.5483870967741935,0.0,3370.167419354839,104475.19,0.7741935483870968,0.22580645161290322,24,7,290.4926625901983,40.41024056652662,0.0,3.125,2024-04-29,Greed,67,Greed
2024-04-29,0xb1231a4a2dd02f2276fa3c5e2a2f3436e6bfed23,0.0,14,0.0,0.0,301.70142857142855,4223.82,0.0,1.0,0,14,0.010276030009760457,0.0,0.0,0.06666666666666667,2024-04-29,Greed,67,Greed
2024-04-30,0x4f93fead39b70a1824f981a54d4e55b278e9f760,0.0,24,0.0,0.0,5209.114583333333,125018.75,1.0,0.0,24,0,0.07710754573069974,0.0,0.0,25.0,2024-04-30,Greed,67,Greed
2024-05-01,0x4f93fead39b70a1824f981a54d4e55b278e9f760,0.0,14,0.0,0.0,6216.103571428571,87025.45,1.0,0.0,14,0,0.03439871469164729,0.0,0.0,15.0,2024-05-01,Neutral,54,Neutral
2024-05-03,0x4f93fead39b70a1824f981a54d4e55b278e9f760,5319.861625,23,0.6956521739130435,0.0,12059.708260869564,277373.29,0.0,1.0,0,23,221.6527598383128,324.189605348012,0.0,0.041666666666666664,2024-05-03,Neutral,48,Neutral
2024-05-03,0x75f7eeb85dc639d5e99c78f95393aa9a5f1170d4,-13.844579999999999,7,0.14285714285714285,0.2857142857142857,47.215714285714284,330.51,0.42857142857142855,0.5714285714285714,3,4,9.153813904747766,4.935930427574942,-13.844579999999999,0.8,2024-05-03,Neutral,48,Neutral
2024-05-03,0xb1231a4a2dd02f2276fa3c5e2a2f3436e6bfed23,0.0,6,0.0,0.0,829.8083333333334,4978.85,0.0,1.0,0,6,0.036269260008561885,0.0,0.0,0.14285714285714285,2024-05-03,Neutral,48,Neutral
2024-05-04,0x4f93fead39b70a1824f981a54d4e55b278e9f760,0.0,6,0.0,0.0,8999.890000000001,53999.340000000004,0.0,1.0,0,6,0.19840412789328218,0.0,0.0,0.14285714285714285,2024-05-04,Greed,67,Greed
2024-05-04,0xb1231a4a2dd02f2276fa3c5e2a2f3436e6bfed23,0.0,3,0.0,0.0,1666.47,4999.41,0.0,1.0,0,3,736.9826771015909,0.0,0.0,0.25,2024-05-04,Greed,67,Greed
2024-05-05,0x4f93fead39b70a1824f981a54d4e55b278e9f760,0.0,4,0.0,0.0,5996.512500000001,23986.050000000003,0.0,1.0,0,4,0.06602148292725751,0.0,0.0,0.2,2024-05-05,Greed,69,Greed
2024-05-05,0x75f7eeb85dc639d5e99c78f95393aa9a5f1170d4,0.916,2,0.5,0.0,41.15,82.3,0.5,0.5,1,1,21.29298330614986,0.6477098115668776,0.0,1.0,2024-05-05,Greed,69,Greed
2024-05-06,0x4f93fead39b70a1824f981a54d4e55b278e9f760,968.59038,9,0.4444444444444444,0.0,22890.714444444442,206016.43,0.8888888888888888,0.1111111111111111,8,1,2000.6179142398532,237.64601629026436,0.0,4.5,2024-05-06,Greed,71,Greed
2024-05-07,0x4f93fead39b70a1824f981a54d4e55b278e9f760,656.21704,10,0.7,0.0,9890.126,98901.26000000001,0.4,0.6,4,6,3356.833450336852,58.92380742815348,0.0,0.7142857142857143,2024-05-07,Greed,68,Greed
2024-05-07,0x75f7eeb85dc639d5e99c78f95393aa9a5f1170d4,0.0,1,0.0,0.0,47.59,47.59,0.0,1.0,0,1,47.59,0.0,0.0,0.5,2024-05-07,Greed,68,Greed
2024-05-07,0xb1231a4a2dd02f2276fa3c5e2a2f3436e6bfed23,227.320653,7,0.2857142857142857,0.0,1395.532857142857,9768.73,0.2857142857142857,0.7142857142857143,2,5,0.2498046074006548,55.46158540224014,0.0,0.5,2024-05-07,Greed,68,Greed
2024-05-08,0x4f93fead39b70a1824f981a54d4e55b278e9f760,0.0,10,0.0,0.0,6583.419,65834.19,1.0,0.0,10,0,0.18426066508068584,0.0,0.0,11.0,2024-05-08,Greed,64,Greed
2024-05-08,0x75f7eeb85dc639d5e99c78f95393aa9a5f1170d4,1.56576,3,0.3333333333333333,0.3333333333333333,46.46,139.38,0.6666666666666666,0.3333333333333333,2,1,17.268728293772433,3.9822544965383613,0.0,1.5,2024-05-08,Greed,64,Greed
2024-05-09,0x4f93fead39b70a1824f981a54d4e55b278e9f760,1147.595856,25,0.44,0.0,8679.6232,216990.58,0.36,0.64,9,16,569.6982028535663,97.3938635073204,0.0,0.5882352941176471,2024-05-09,Greed,55,Greed
2024-05-09,0xb1231a4a2dd02f2276fa3c5e2a2f3436e6bfed23,0.0,3,0.0,0.0,1658.5133333333333,4975.54,0.0,1.0,0,3,0.09163679538775067,0.0,0.0,0.25,2024-05-09,Greed,55,Greed
2024-05-10,0x4f93fead39b70a1824f981a54d4e55b278e9f760,2101.741695,22,0.2727272727272727,0.0,7131.0,156882.0,0.7272727272727273,0.2727272727272727,16,6,45.97218850441269,240.61922882162773,0.0,2.4285714285714284,2024-05-10,Greed,66,Greed
2024-05-11,0x4f93fead39b70a1824f981a54d4e55b278e9f760,251.604742,9,1.0,0.0,7027.661111111111,63248.95,0.0,1.0,0,9,0.4856563250548462,38.73340875071258,0.0,0.1,2024-05-11,Neutral,53,Neutral
2024-05-12,0x4f93fead39b70a1824f981a54d4e55b278e9f760,0.0,10,0.0,0.0,4500.464,45004.64,1.0,0.0,10,0,27.36887597679464,0.0,0.0,11.0,2024-05-12,Greed,56,Greed
2024-05-12,0xb1231a4a2dd02f2276fa3c5e2a2f3436e6bfed23,0.0,13,0.0,0.0,782.6861538461538,10174.92,0.5384615384615384,0.46153846153846156,7,6,117.11872614697069,0.0,0.0,1.1428571428571428,2024-05-12,Greed,56,Greed
2024-05-13,0x4f93fead39b70a1824f981a54d4e55b278e9f760,2136.853859,25,0.4,0.0,7525.7636,188144.09,0.2,0.8,5,20,404.88040632082,256.52681180321053,0.0,0.2857142857142857,2024-05-13,Greed,57,Greed
2024-05-13,0xb1231a4a2dd02f2276fa3c5e2a2f3436e6bfed23,0.0,3,0.0,0.0,1658.2700000000002,4974.81,0.0,1.0,0,3,0.18883512013121664,0.0,0.0,0.25,2024-05-13,Greed,57,Greed
2024-05-14,0x4f93fead39b70a1824f981a54d4e55b278e9f760,1150.5233050000002,23,0.17391304347826086,0.0,6341.452173913043,145853.4,1.0,0.0,23,0,22.783753205809372,172.16967241498202,0.0,24.0,2024-05-14,Greed,66,Greed
2024-05-15,0x4f93fead39b70a1824f981a54d4e55b278e9f760,948.970582,36,0.4722222222222222,0.0,6525.626944444444,234922.57,0.3055555555555556,0.6944444444444444,11,25,251.6546034264734,49.856725134153635,0.0,0.46153846153846156,2024-05-15,Greed,64,Greed
2024-05-16,0x4f93fead39b70a1824f981a54d4e55b278e9f760,214.5898,24,0.20833333333333334,0.0,6615.870416666668,158780.89,0.5833333333333334,0.4166666666666667,14,10,63.27321426065921,23.271428199622363,0.0,1.3636363636363635,2024-05-16,Greed,70,Greed
2024-05-16,0xb1231a4a2dd02f2276fa3c5e2a2f3436e6bfed23,0.0,3,0.0,0.0,1280.0233333333333,3840.0699999999997,0.0,1.0,0,3,0.3922559555749414,0.0,0.0,0.25,2024-05-16,Greed,70,Greed
2024-05-18,0x4f93fead39b70a1824f981a54d4e55b278e9f760,3522.3946610000003,25,0.64,0.0,5052.1256,126303.14,0.28,0.72,7,18,625.6867869344048,227.39973415277277,0.0,0.42105263157894735,2024-05-18,Greed,73,Greed
2024-05-19,0x4f93fead39b70a1824f981a54d4e55b278e9f760,0.0,8,0.0,0.0,3749.76125,29998.09,1.0,0.0,8,0,549.7685223374384,0.0,0.0,9.0,2024-05-19,Greed,72,Greed
2024-05-20,0x4f93fead39b70a1824f981a54d4e55b278e9f760,0.0,7,0.0,0.0,4714.771428571429,33003.4,1.0,0.0,7,0,0.12087733778454232,0.0,0.0,8.0,2024-05-20,Greed,70,Greed
2024-05-20,0xb1231a4a2dd02f2276fa3c5e2a2f3436e6bfed23,-74.818442,3,0.0,1.0,1707.1166666666668,5121.35,0.0,1.0,0,3,0.489537219618182,27.576972178221165,-74.818442,0.25,2024-05-20,Greed,70,Greed
2024-05-21,0x4f93fead39b70a1824f981a54d4e55b278e9f760,6017.309216,53,0.1320754716981132,0.0,9096.75358490566,482127.94,0.20754716981132076,0.7924528301886793,11,42,42.36287994992257,630.8229994758032,0.0,0.27906976744186046,2024-05-21,Extreme Greed,76,Greed
2024-05-21,0xb1231a4a2dd02f2276fa3c5e2a2f3436e6bfed23,1272.088356,72,0.09722222222222222,0.1527777777777778,8594.73125,618820.65,0.25,0.75,18,54,828.0548790584918,132.31165841967808,0.0,0.34545454545454546,2024-05-21,Extreme Greed,76,Greed
2024-05-22,0x4f93fead39b70a1824f981a54d4e55b278e9f760,0.0,6,0.0,0.0,7499.215,44995.29,0.0,1.0,0,6,0.020686412820437393,0.0,0.0,0.14285714285714285,2024-05-22,Extreme Greed,76,Greed
2024-05-23,0x75f7eeb85dc639d5e99c78f95393aa9a5f1170d4,0.0,1,0.0,0.0,10.56,10.56,0.0,1.0,0,1,10.56,0.0,0.0,0.5,2024-05-23,Extreme Greed,76,Greed
2024-05-23,0x8477e447846c758f5a675856001ea72298fd9cb5,413.347329,305,0.47540983606557374,0.036065573770491806,1074.7592786885245,327801.58,0.6098360655737705,0.3901639344262295,186,119,11.521798398671685,5.748890898543034,0.0,1.5583333333333333,2024-05-23,Extreme Greed,76,Greed
2024-05-23,0xb1231a4a2dd02f2276fa3c5e2a2f3436e6bfed23,0.0,19,0.0,0.0,3896.7610526315784,74038.45999999999,0.15789473684210525,0.8421052631578947,3,16,1315.756156985567,0.0,0.0,0.23529411764705882,2024-05-23,Extreme Greed,76,Greed
2024-05-24,0xb1231a4a2dd02f2276fa3c5e2a2f3436e6bfed23,821.949278,2,1.0,0.0,25405.949999999997,50811.899999999994,0.0,1.0,0,2,0.8567474231124651,255.14111984227185,0.0,0.3333333333333333,2024-05-24,Greed,74,Greed
2024-05-25,0x8477e447846c758f5a675856001ea72298fd9cb5,14.126038999999999,14,0.35714285714285715,0.0,355.9985714285714,4983.98,0.35714285714285715,0.6428571428571429,5,9,13.70398818634372,1.655089045151449,0.0,0.6,2024-05-25,Extreme Greed,76,Greed
2024-05-25,0xb1231a4a2dd02f2276fa3c5e2a2f3436e6bfed23,0.0,2,0.0,0.0,12503.574999999999,25007.149999999998,1.0,0.0,2,0,12378.020071691388,0.0,0.0,3.0,2024-05-25,Extreme Greed,76,Greed
2024-05-26,0x8477e447846c758f5a675856001ea72298fd9cb5,5.2257,7,0.2857142857142857,0.0,459.03142857142853,3213.22,0.2857142857142857,0.7142857142857143,2,5,102.11627293941328,1.973876908079027,0.0,0.5,2024-05-26,Extreme Greed,75,Greed
2024-05-26,0xb1231a4a2dd02f2276fa3c5e2a2f3436e6bfed23,773.4582,9,0.2222222222222222,0.0,5640.383333333334,50763.450000000004,0.0,1.0,0,9,0.13791206424764224,244.95820162000234,0.0,0.1,2024-05-26,Extreme Greed,75,Greed
2024-05-27,0x8477e447846c758f5a675856001ea72298fd9cb5,1129.35587,251,0.35856573705179284,0.01195219123505976,602.0546613545816,151115.72,0.3705179282868526,0.6294820717131474,93,158,11.795856324787238,10.695100246439745,0.0,0.5911949685534591,2024-05-27,Greed,74,Greed
2024-05-29,0x3998f134d6aaa2b6a5f723806d00fd2bbbbce891,0.0,5,0.0,0.0,6113.468,30567.34,1.0,0.0,5,0,89.60186828639031,0.0,0.0,6.0,2024-05-29,Greed,72,Greed
2024-05-29,0x8477e447846c758f5a675856001ea72298fd9cb5,277.791953,159,0.4276729559748428,0.018867924528301886,337.7447798742138,53701.42,0.389937106918239,0.610062893081761,62,97,61.07359538950983,5.029134881902221,0.0,0.6428571428571429,2024-05-29,Greed,72,Greed
2024-05-30,0x8477e447846c758f5a675856001ea72298fd9cb5,20.951433,7,0.7142857142857143,0.0,405.4414285714286,2838.09,0.7142857142857143,0.2857142857142857,5,2,151.39249330093452,3.7577088098581393,0.0,2.0,2024-05-30,Greed,73,Greed
2024-05-31,0x8477e447846c758f5a675856001ea72298fd9cb5,25.35812,13,0.3076923076923077,0.0,279.70307692307694,3636.14,0.3076923076923077,0.6923076923076923,4,9,70.37712934327496,3.8342365986890954,0.0,0.5,2024-05-31,Greed,73,Greed
2024-06-01,0x8477e447846c758f5a675856001ea72298fd9cb5,91.510419,25,0.36,0.0,513.3848,12834.62,0.36,0.64,9,16,50.42864712557117,7.909299454844354,0.0,0.5882352941176471,2024-06-01,Greed,72,Greed
2024-06-02,0x8477e447846c758f5a675856001ea72298fd9cb5,192.906947,93,0.3655913978494624,0.0,316.822688172043,29464.51,0.3655913978494624,0.6344086021505376,34,59,22.789683156227966,4.425015055071825,0.0,0.5833333333333334,2024-06-02,Greed,73,Greed
2024-06-03,0x8477e447846c758f5a675856001ea72298fd9cb5,562.808208,70,0.6285714285714286,0.0,306.66942857142857,21466.86,0.6285714285714286,0.37142857142857144,44,26,8.039991253647987,11.849209775400267,0.0,1.6666666666666667,2024-06-03,Greed,73,Greed
2024-06-04,0x8477e447846c758f5a675856001ea72298fd9cb5,52.211438,53,0.4716981132075472,0.0,457.42283018867926,24243.41,0.4716981132075472,0.5283018867924528,25,28,54.170168511407404,2.4828445149485265,0.0,0.896551724137931,2024-06-04,Greed,73,Greed
2024-06-05,0x8477e447846c758f5a675856001ea72298fd9cb5,56.055506,54,0.2962962962962963,0.018518518518518517,469.4587037037037,25350.77,0.3148148148148148,0.6851851851851852,17,37,32.10278836013227,2.9096994557928553,0.0,0.47368421052631576,2024-06-05,Extreme Greed,75,Greed
2024-06-06,0x8477e447846c758f5a675856001ea72298fd9cb5,274.173187,234,0.42735042735042733,0.008547008547008548,587.8536752136753,137557.76,0.4358974358974359,0.5641025641025641,102,132,31.95248199406337,3.3659483181601715,0.0,0.7744360902255639,2024-06-06,Extreme Greed,78,Greed
2024-06-07,0x4f93fead39b70a1824f981a54d4e55b278e9f760,7329.223137999999,52,0.5769230769230769,0.0,15114.859615384614,785972.7,0.75,0.25,39,13,127.15270344811383,271.21772517534197,0.0,2.857142857142857,2024-06-07,Extreme Greed,77,Greed
2024-06-07,0x8477e447846c758f5a675856001ea72298fd9cb5,1573.244278,374,0.39037433155080214,0.0053475935828877,832.9677272727273,311529.93,0.3422459893048128,0.6577540106951871,128,246,38.207165065061126,13.615775495300143,0.0,0.5222672064777328,2024-06-07,Extreme Greed,77,Greed
2024-06-07,0xb1231a4a2dd02f2276fa3c5e2a2f3436e6bfed23,0.0,14,0.0,0.0,77.5807142857143,1086.13,1.0,0.0,14,0,3.950638689197881,0.0,0.0,15.0,2024-06-07,Extreme Greed,77,Greed
2024-06-08,0x4f93fead39b70a1824f981a54d4e55b278e9f760,0.0,7,0.0,0.0,6428.95,45002.65,1.0,0.0,7,0,0.2058305098761441,0.0,0.0,8.0,2024-06-08,Greed,72,Greed
2024-06-08,0x8477e447846c758f5a675856001ea72298fd9cb5,129.13883900000002,22,0.36363636363636365,0.0,2379.510454545454,52349.229999999996,0.6363636363636364,0.36363636363636365,14,8,667.9443678969784,15.436587702614386,0.0,1.6666666666666667,2024-06-08,Greed,72,Greed
2024-06-09,0x4f93fead39b70a1824f981a54d4e55b278e9f760,0.0,5,0.0,0.0,4199.992,20999.96,1.0,0.0,5,0,0.05917713914849524,0.0,0.0,6.0,2024-06-09,Extreme Greed,75,Greed
2024-06-09,0xb1231a4a2dd02f2276fa3c5e2a2f3436e6bfed23,0.0,12,0.0,0.0,117.52166666666666,1410.26,1.0,0.0,12,0,0.05110910989603828,0.0,0.0,13.0,2024-06-09,Extreme Greed,75,Greed
2024-06-10,0x4f93fead39b70a1824f981a54d4e55b278e9f760,0.0,4,0.0,0.0,6000.075,24000.3,1.0,0.0,4,0,0.065665047038,0.0,0.0,5.0,2024-06-10,Greed,72,Greed
2024-06-10,0x8477e447846c758f5a675856001ea72298fd9cb5,31.266804999999998,49,0.3673469387755102,0.0,460.97204081632657,22587.63,0.3673469387755102,0.6326530612244898,18,31,35.07598147374584,2.0391473922780037,0.0,0.59375,2024-06-10,Greed,72,Greed
2024-06-11,0x4f93fead39b70a1824f981a54d4e55b278e9f760,0.0,21,0.0,0.0,13143.021904761907,276003.46,1.0,0.0,21,0,0.06589233450187405,0.0,0.0,22.0,2024-06-11,Greed,74,Greed
2024-06-11,0x8477e447846c758f5a675856001ea72298fd9cb5,51.081143,27,0.3333333333333333,0.0,696.6096296296296,18808.46,0.6666666666666666,0.3333333333333333,18,9,211.47750903228837,3.968087033395137,0.0,1.9,2024-06-11,Greed,74,Greed
2024-06-11,0xb1231a4a2dd02f2276fa3c5e2a2f3436e6bfed23,4269.550668,75,0.10666666666666667,0.0,1046.24,78468.0,1.0,0.0,75,0,102.05982387483053,215.06959829470668,0.0,76.0,2024-06-11,Greed,74,Greed
2024-06-12,0x8477e447846c758f5a675856001ea72298fd9cb5,-21886.531493,217,0.0967741935483871,0.2626728110599078,884.2718433179723,191886.99,0.35944700460829493,0.6405529953917051,78,139,4.934314889295488,296.4060484481601,-21886.531493,0.5642857142857143,2024-06-12,Greed,72,Greed
2024-06-12,0xb1231a4a2dd02f2276fa3c5e2a2f3436e6bfed23,0.0,37,0.0,0.0,41.1072972972973,1520.97,1.0,0.0,37,0,0.006424884941351131,0.0,0.0,38.0,2024-06-12,Greed,72,Greed
2024-06-13,0x75f7eeb85dc639d5e99c78f95393aa9a5f1170d4,-1.40304,1,0.0,1.0,11.97,11.97,1.0,0.0,1,0,0.9230413325107957,0.0,-1.40304,2.0,2024-06-13,Greed,70,Greed
2024-06-13,0xb1231a4a2dd02f2276fa3c5e2a2f3436e6bfed23,6634.160155,78,0.24358974358974358,0.0,1699.554487179487,132565.25,0.9615384615384616,0.038461538461538464,75,3,641.0534271856164,193.7574980909063,0.0,19.0,2024-06-13,Greed,70,Greed
2024-06-14,0x4f93fead39b70a1824f981a54d4e55b278e9f760,0.0,16,0.0,0.0,6124.31,97988.96,1.0,0.0,16,0,0.015005785560345158,0.0,0.0,17.0,2024-06-14,Greed,74,Greed
2024-06-14,0xb1231a4a2dd02f2276fa3c5e2a2f3436e6bfed23,10258.592609,15,1.0,0.0,2791.98,41879.7,1.0,0.0,15,0,0.19292830496588706,1369.0796104124174,0.0,16.0,2024-06-14,Greed,74,Greed
2024-06-15,0x4f93fead39b70a1824f981a54d4e55b278e9f760,2084.433906,38,0.7631578947368421,0.0,15581.516578947369,592097.63,0.23684210526315788,0.7631578947368421,9,29,186.62906336865467,82.12439654193786,0.0,0.3333333333333333,2024-06-15,Greed,74,Greed
2024-06-15,0xb1231a4a2dd02f2276fa3c5e2a2f3436e6bfed23,1285.5244400000001,40,0.225,0.0,3156.3154999999997,126252.62,0.0,1.0,0,40,81.7635501617581,90.42289374822367,0.0,0.024390243902439025,2024-06-15,Greed,74,Greed
2024-06-16,0xb1231a4a2dd02f2276fa3c5e2a2f3436e6bfed23,0.0,11,0.0,0.0,2294.0981818181817,25235.079999999998,0.0,1.0,0,11,0.02595153184516752,0.0,0.0,0.08333333333333333,2024-06-16,Greed,71,Greed
2024-06-17,0x4f93fead39b70a1824f981a54d4e55b278e9f760,1268.7590360000002,14,0.2857142857142857,0.07142857142857142,18035.112857142856,252491.58,0.5714285714285714,0.42857142857142855,8,6,1286.9046279051565,308.73904539589324,0.0,1.2857142857142858,2024-06-17,Greed,71,Greed
2024-06-17,0xb1231a4a2dd02f2276fa3c5e2a2f3436e6bfed23,9330.743339,24,0.875,0.0,4828.689166666667,115888.54000000001,1.0,0.0,24,0,8.389829263460307,267.8014435155919,0.0,25.0,2024-06-17,Greed,71,Greed
2024-06-18,0x4f93fead39b70a1824f981a54d4e55b278e9f760,0.0,7,0.0,0.0,8999.745714285715,62998.22,1.0,0.0,7,0,0.06321976909886683,0.0,0.0,8.0,2024-06-18,Greed,74,Greed
2024-06-18,0xb1231a4a2dd02f2276fa3c5e2a2f3436e6bfed23,282.57636,18,0.2222222222222222,0.0,11128.698333333334,200316.57,0.7777777777777778,0.2222222222222222,14,4,1569.1206424852712,33.92937267476099,0.0,3.0,2024-06-18,Greed,74,Greed
2024-06-19,0x430f09841d65beb3f27765503d0f850b8bce7713,0.0,3,0.0,0.0,7722.796666666666,23168.39,1.0,0.0,3,0,6558.660284944773,0.0,0.0,4.0,2024-06-19,Greed,64,Greed
2024-06-19,0x4f93fead39b70a1824f981a54d4e55b278e9f760,2053.973644,17,1.0,0.0,11180.089411764706,190061.52,0.0,1.0,0,17,0.19233055784871003,233.4007094567924,0.0,0.05555555555555555,2024-06-19,Greed,64,Greed
2024-06-19,0xb1231a4a2dd02f2276fa3c5e2a2f3436e6bfed23,2833.6833,41,0.34146341463414637,0.0,4971.736829268292,203841.21,0.0,1.0,0,41,195.18321618904858,161.32561619073024,0.0,0.023809523809523808,2024-06-19,Greed,64,Greed
2024-06-20,0x430f09841d65beb3f27765503d0f850b8bce7713,57478.456026,8,1.0,0.0,21188.46875,169507.75,0.0,1.0,0,8,0.2614683283676124,6997.004674706841,0.0,0.1111111111111111,2024-06-20,Greed,60,Greed
2024-06-20,0x4f93fead39b70a1824f981a54d4e55b278e9f760,0.0,4,0.0,0.0,7499.34,29997.36,0.0,1.0,0,4,4999.987598799603,0.0,0.0,0.2,2024-06-20,Greed,60,Greed
2024-06-20,0xb1231a4a2dd02f2276fa3c5e2a2f3436e6bfed23,0.0,27,0.0,0.0,314.2848148148148,8485.69,0.0,1.0,0,27,0.013845326309803261,0.0,0.0,0.03571428571428571,2024-06-20,Greed,60,Greed
2024-06-21,0x4f93fead39b70a1824f981a54d4e55b278e9f760,773.5582039999999,11,0.2727272727272727,0.0,6746.9345454545455,74216.28,1.0,0.0,11,0,1636.6306529947346,137.5116998912804,0.0,12.0,2024-06-21,Greed,63,Greed
2024-06-21,0xb1231a4a2dd02f2276fa3c5e2a2f3436e6bfed23,0.0,69,0.0,0.0,1478.9595652173912,102048.20999999999,0.8260869565217391,0.17391304347826086,57,12,2.8530590050511324,0.0,0.0,4.461538461538462,2024-06-21,Greed,63,Greed
2024-06-22,0x4f93fead39b70a1824f981a54d4e55b278e9f760,0.0,3,0.0,0.0,6000.07,18000.21,1.0,0.0,3,0,0.12514049789617346,0.0,0.0,4.0,2024-06-22,Neutral,53,Neutral
2024-06-22,0xb1231a4a2dd02f2276fa3c5e2a2f3436e6bfed23,756.876565,21,0.38095238095238093,0.0,7218.764761904762,151594.06,0.047619047619047616,0.9523809523809523,1,20,3571.5859593249056,68.80260308174988,0.0,0.09523809523809523,2024-06-22,Neutral,53,Neutral
2024-06-23,0xb1231a4a2dd02f2276fa3c5e2a2f3436e6bfed23,0.0,5,0.0,0.0,358.424,1792.12,0.0,1.0,0,5,0.03073679664842701,0.0,0.0,0.16666666666666666,2024-06-23,Greed,55,Greed
2024-06-24,0x4f93fead39b70a1824f981a54d4e55b278e9f760,0.0,21,0.0,0.0,12000.350952380952,252007.37,1.0,0.0,21,0,0.084777695992211,0.0,0.0,22.0,2024-06-24,Neutral,51,Neutral
2024-06-24,0xb1231a4a2dd02f2276fa3c5e2a2f3436e6bfed23,0.0,10,0.0,0.0,15099.543,150995.43,0.4,0.6,4,6,0.16050131343841217,0.0,0.0,0.7142857142857143,2024-06-24,Neutral,51,Neutral
2024-06-25,0xb1231a4a2dd02f2276fa3c5e2a2f3436e6bfed23,4869.353105,49,0.22448979591836735,0.0,2104.062857142857,103099.08,0.22448979591836735,0.7755102040816326,11,38,51.23689592238042,242.73329860014363,0.0,0.3076923076923077,2024-06-25,Fear,30,Fear
2024-06-26,0x4f93fead39b70a1824f981a54d4e55b278e9f760,4197.732182,31,0.6774193548387096,0.0,11748.220645161291,364194.84,0.0,1.0,0,31,32.564285675200004,259.4985996951513,0.0,0.03125,2024-06-26,Neutral,46,Neutral
2024-06-26,0xb1231a4a2dd02f2276fa3c5e2a2f3436e6bfed23,0.0,41,0.0,0.0,24.288292682926826,995.8199999999999,1.0,0.0,41,0,0.0031109004688637414,0.0,0.0,42.0,2024-06-26,Neutral,46,Neutral
2024-06-27,0x4f93fead39b70a1824f981a54d4e55b278e9f760,0.0,12,0.0,0.0,9999.173333333334,119990.08,0.0,1.0,0,12,0.11929738895640156,0.0,0.0,0.07692307692307693,2024-06-27,Fear,40,Fear
2024-06-27,0xb1231a4a2dd02f2276fa3c5e2a2f3436e6bfed23,0.0,18,0.0,0.0,583.1594444444444,10496.869999999999,0.6666666666666666,0.3333333333333333,12,6,0.01427706296892827,0.0,0.0,1.8571428571428572,2024-06-27,Fear,40,Fear
2024-06-29,0x4f93fead39b70a1824f981a54d4e55b278e9f760,1842.738325,17,0.7647058823529411,0.0,13148.880588235294,223530.97,0.9411764705882353,0.058823529411764705,16,1,1059.100539495154,149.09969287835884,0.0,8.5,2024-06-29,Fear,30,Fear
2024-06-29,0xb1231a4a2dd02f2276fa3c5e2a2f3436e6bfed23,4307.587820000001,58,0.1896551724137931,0.0,975.2437931034483,56564.14,0.3275862068965517,0.6724137931034483,19,39,2.555405574241932,188.43422668233987,0.0,0.5,2024-06-29,Fear,30,Fear
2024-06-30,0x4f93fead39b70a1824f981a54d4e55b278e9f760,0.0,3,0.0,0.0,9999.756666666666,29999.27,1.0,0.0,3,0,3333.9788220098576,0.0,0.0,4.0,2024-06-30,Neutral,47,Neutral
2024-06-30,0xb1231a4a2dd02f2276fa3c5e2a2f3436e6bfed23,0.0,11,0.0,0.0,47.401818181818186,521.4200000000001,0.18181818181818182,0.8181818181818182,2,9,0.05638280131154258,0.0,0.0,0.3,2024-06-30,Neutral,47,Neutral
2024-07-01,0x4f93fead39b70a1824f981a54d4e55b278e9f760,1202.488212,13,0.6923076923076923,0.0,7476.965384615385,97200.55,0.15384615384615385,0.8461538461538461,2,11,1068.5749424393407,250.09254180072512,0.0,0.25,2024-07-01,Neutral,53,Neutral
2024-07-01,0xb1231a4a2dd02f2276fa3c5e2a2f3436e6bfed23,3863.351096,51,0.3333333333333333,0.0,5205.286274509804,265469.6,0.0784313725490196,0.9215686274509803,4,47,36.834419592073914,197.72491053063106,0.0,0.10416666666666667,2024-07-01,Neutral,53,Neutral
2024-07-02,0xb1231a4a2dd02f2276fa3c5e2a2f3436e6bfed23,2421.253116,18,0.7222222222222222,0.0,1852.6372222222224,33347.47,0.7222222222222222,0.2777777777777778,13,5,0.12574649802276877,226.36405308073617,0.0,2.3333333333333335,2024-07-02,Neutral,51,Neutral
2024-07-03,0x4f93fead39b70a1824f981a54d4e55b278e9f760,1118.387284,10,0.4,0.0,10388.008,103880.08,1.0,0.0,10,0,986.8945765824143,161.89726563080868,0.0,11.0,2024-07-03,Neutral,50,Neutral
2024-07-03,0xb1231a4a2dd02f2276fa3c5e2a2f3436e6bfed23,0.0,8,0.0,0.0,9465.0725,75720.58,1.0,0.0,8,0,9375.142017884893,0.0,0.0,9.0,2024-07-03,Neutral,50,Neutral
2024-07-04,0x4f93fead39b70a1824f981a54d4e55b278e9f760,0.0,14,0.0,0.0,18215.87285714286,255022.22,1.0,0.0,14,0,0.12146955151322861,0.0,0.0,15.0,2024-07-04,Fear,44,Fear
2024-07-04,0xb1231a4a2dd02f2276fa3c5e2a2f3436e6bfed23,0.0,11,0.0,0.0,15958.708181818183,175545.79,1.0,0.0,11,0,0.13715100109796655,0.0,0.0,12.0,2024-07-04,Fear,44,Fear
2024-07-05,0x4f93fead39b70a1824f981a54d4e55b278e9f760,0.0,20,0.0,0.0,13514.937,270298.74,1.0,0.0,20,0,0.03265427060302338,0.0,0.0,21.0,2024-07-05,Fear,29,Fear
2024-07-05,0xb1231a4a2dd02f2276fa3c5e2a2f3436e6bfed23,0.0,12,0.0,0.0,165.92916666666667,1991.15,1.0,0.0,12,0,0.10906556936690687,0.0,0.0,13.0,2024-07-05,Fear,29,Fear
2024-07-06,0xb1231a4a2dd02f2276fa3c5e2a2f3436e6bfed23,108.87217799999999,24,0.2916666666666667,0.0,103.75708333333334,2490.17,0.7083333333333334,0.2916666666666667,17,7,0.8713461268058623,10.03473956812726,0.0,2.25,2024-07-06,Fear,26,Fear
2024-07-07,0xb1231a4a2dd02f2276fa3c5e2a2f3436e6bfed23,61.428942,10,1.0,0.0,49.875,498.75,0.0,1.0,0,10,0.005241116427028574,4.100173833321266,0.0,0.09090909090909091,2024-07-07,Fear,29,Fear
2024-07-08,0xb1231a4a2dd02f2276fa3c5e2a2f3436e6bfed23,0.0,1,0.0,0.0,497.64,497.64,1.0,0.0,1,0,0.0674070073452927,0.0,0.0,2.0,2024-07-08,Fear,28,Fear
2024-07-09,0xb1231a4a2dd02f2276fa3c5e2a2f3436e6bfed23,648.984412,15,1.0,0.0,182.42999999999998,2736.45,0.0,1.0,0,15,0.018261969741889424,40.13596510326193,0.0,0.0625,2024-07-09,Fear,27,Fear
2024-07-10,0x4f93fead39b70a1824f981a54d4e55b278e9f760,11595.627026,43,0.7674418604651163,0.0,15625.97930232558,671917.11,0.23255813953488372,0.7674418604651163,10,33,523.3942793736303,367.3141822365576,0.0,0.3235294117647059,2024-07-10,Fear,28,Fear
2024-07-10,0xb1231a4a2dd02f2276fa3c5e2a2f3436e6bfed23,382.10788099999996,13,0.38461538461538464,0.0,1229.4692307692308,15983.1,0.0,1.0,0,13,16.08238591972374,52.963246265833234,0.0,0.07142857142857142,2024-07-10,Fear,28,Fear
2024-07-11,0x4f93fead39b70a1824f981a54d4e55b278e9f760,1876.812082,19,0.47368421052631576,0.0,8941.422105263156,169887.02,0.5263157894736842,0.47368421052631576,10,9,524.8800101126661,150.16378122148163,0.0,1.1,2024-07-11,Fear,29,Fear
2024-07-12,0x4f93fead39b70a1824f981a54d4e55b278e9f760,0.0,10,0.0,0.0,7600.664999999999,76006.65,1.0,0.0,10,0,0.08813099655316978,0.0,0.0,11.0,2024-07-12,Fear,25,Fear
2024-07-12,0xb1231a4a2dd02f2276fa3c5e2a2f3436e6bfed23,1412.314654,9,1.0,0.0,1508.48,13576.32,1.0,0.0,9,0,0.243671254153959,117.75822860495778,0.0,10.0,2024-07-12,Fear,25,Fear
2024-07-13,0x4f93fead39b70a1824f981a54d4e55b278e9f760,2678.839374,13,1.0,0.0,10668.462307692309,138690.01,0.0,1.0,0,13,0.23320073053400595,183.9701431848467,0.0,0.07142857142857142,2024-07-13,Fear,25,Fear
2024-07-13,0xb1231a4a2dd02f2276fa3c5e2a2f3436e6bfed23,234.778463,4,1.0,0.0,124.795,499.18,0.0,1.0,0,4,0.011372879548377457,51.09781488561192,0.0,0.2,2024-07-13,Fear,25,Fear
2024-07-14,0x4f93fead39b70a1824f981a54d4e55b278e9f760,0.0,7,0.0,0.0,12000.16142857143,84001.13,0.0,1.0,0,7,1714.3087737052524,0.0,0.0,0.125,2024-07-14,Fear,33,Fear
2024-07-15,0x271b280974205ca63b716753467d5a371de622ab,-1.0,5,0.0,0.4,6070.2,30351.0,0.4,0.6,2,3,103.17997857217726,0.28678926060785465,-1.0,0.75,2024-07-15,Neutral,52,Neutral
2024-07-15,0x4f93fead39b70a1824f981a54d4e55b278e9f760,0.0,21,0.0,0.0,7999.7071428571435,167993.85,0.0,1.0,0,21,0.05396079289814689,0.0,0.0,0.045454545454545456,2024-07-15,Neutral,52,Neutral
2024-07-16,0x4f93fead39b70a1824f981a54d4e55b278e9f760,0.0,22,0.0,0.0,6545.480454545454,144000.57,0.0,1.0,0,22,0.020262709214107173,0.0,0.0,0.043478260869565216,2024-07-16,Greed,65,Greed
2024-07-17,0x4f93fead39b70a1824f981a54d4e55b278e9f760,0.0,9,0.0,0.0,18326.035555555558,164934.32,0.0,1.0,0,9,0.03832594406352314,0.0,0.0,0.1,2024-07-17,Greed,69,Greed
2024-07-17,0x8477e447846c758f5a675856001ea72298fd9cb5,1859.269477,335,0.43283582089552236,0.029850746268656716,1346.5090746268656,451080.54,0.4626865671641791,0.5373134328358209,155,180,14.952246340564916,11.936716117955681,0.0,0.861878453038674,2024-07-17,Greed,69,Greed
2024-07-17,0xb1231a4a2dd02f2276fa3c5e2a2f3436e6bfed23,0.0,7,0.0,0.0,1427.2385714285715,9990.67,0.0,1.0,0,7,20.040270717591767,0.0,0.0,0.125,2024-07-17,Greed,69,Greed
2024-07-18,0x4f93fead39b70a1824f981a54d4e55b278e9f760,2569.979964,53,0.7735849056603774,0.0,12119.926603773585,642356.11,1.0,0.0,53,0,127.86456419263669,59.31831103823802,0.0,54.0,2024-07-18,Greed,61,Greed
2024-07-18,0x8477e447846c758f5a675856001ea72298fd9cb5,1233.9043470000001,7,1.0,0.0,1049.82,7348.74,1.0,0.0,7,0,0.07283131879319839,169.40826909785378,0.0,8.0,2024-07-18,Greed,61,Greed
2024-07-19,0x4f93fead39b70a1824f981a54d4e55b278e9f760,2120.091364,16,0.6875,0.0,9132.66875,146122.7,0.0,1.0,0,16,437.5699509881758,205.211549837058,0.0,0.058823529411764705,2024-07-19,Greed,60,Greed
2024-07-19,0x8477e447846c758f5a675856001ea72298fd9cb5,35.79975,7,0.14285714285714285,0.0,592.3885714285715,4146.72,0.14285714285714285,0.8571428571428571,1,6,142.9887306401495,13.531033642612085,0.0,0.2857142857142857,2024-07-19,Greed,60,Greed
2024-07-20,0x4f93fead39b70a1824f981a54d4e55b278e9f760,129.66130099999998,9,0.4444444444444444,0.0,11097.74111111111,99879.67,1.0,0.0,9,0,933.8430632988994,24.29132067306815,0.0,10.0,2024-07-20,Greed,74,Greed
2024-07-20,0x8477e447846c758f5a675856001ea72298fd9cb5,2169.508265,257,0.11284046692607004,0.011673151750972763,562.1888715953307,144482.54,0.1245136186770428,0.8754863813229572,32,225,12.760153892834436,54.3840052738407,0.0,0.14601769911504425,2024-07-20,Greed,74,Greed
2024-07-21,0x4f93fead39b70a1824f981a54d4e55b278e9f760,0.0,3,0.0,0.0,14665.06,43995.18,1.0,0.0,3,0,0.29826835159732923,0.0,0.0,4.0,2024-07-21,Greed,74,Greed
2024-07-21,0x8477e447846c758f5a675856001ea72298fd9cb5,-2960.716887,445,0.04719101123595506,0.48314606741573035,427.66804494382023,190312.28,0.5303370786516854,0.4696629213483146,236,209,9.26987616739713,11.39090156293519,-2960.716887,1.1285714285714286,2024-07-21,Greed,74,Greed
2024-07-22,0x4f93fead39b70a1824f981a54d4e55b278e9f760,2273.29301,21,0.6190476190476191,0.0,10728.97,225308.37,0.47619047619047616,0.5238095238095238,10,11,894.2677134458797,159.0950556429404,0.0,0.9166666666666666,2024-07-22,Greed,70,Greed
2024-07-22,0x8477e447846c758f5a675856001ea72298fd9cb5,-756.173134,133,0.06766917293233082,0.631578947368421,593.273909774436,78905.43,0.6992481203007519,0.3007518796992481,93,40,0.018386386009040766,21.427952540798664,-756.173134,2.292682926829268,2024-07-22,Greed,70,Greed
2024-07-23,0x430f09841d65beb3f27765503d0f850b8bce7713,88084.992348,229,1.0,0.0,1072.2595633187773,245547.44,0.0,1.0,0,229,0.0034542328630506993,611.3254701869841,0.0,0.004347826086956522,2024-07-23,Greed,71,Greed
2024-07-23,0x4f93fead39b70a1824f981a54d4e55b278e9f760,0.0,2,0.0,0.0,11997.235,23994.47,1.0,0.0,2,0,0.18957370453633096,0.0,0.0,3.0,2024-07-23,Greed,71,Greed
2024-07-23,0x8477e447846c758f5a675856001ea72298fd9cb5,1805.309858,139,0.7194244604316546,0.2517985611510791,640.1771942446044,88984.63,0.9712230215827338,0.02877697841726619,135,4,4.346623448945815,31.39294290563137,0.0,27.2,2024-07-23,Greed,71,Greed
2024-07-24,0x3998f134d6aaa2b6a5f723806d00fd2bbbbce891,0.0,3,0.0,0.0,0.4266666666666667,1.28,0.0,1.0,0,3,0.28438181090846726,0.0,0.0,0.25,2024-07-24,Greed,69,Greed
2024-07-24,0x430f09841d65beb3f27765503d0f850b8bce7713,0.0,2,0.0,0.0,0.335,0.67,0.0,1.0,0,2,0.20940887321343343,0.0,0.0,0.3333333333333333,2024-07-24,Greed,69,Greed
2024-07-24,0x4f93fead39b70a1824f981a54d4e55b278e9f760,0.0,21,0.0,0.0,1333.8833333333332,28011.55,0.14285714285714285,0.8571428571428571,3,18,0.04921735442512244,0.0,0.0,0.21052631578947367,2024-07-24,Greed,69,Greed
2024-07-24,0x8477e447846c758f5a675856001ea72298fd9cb5,625.561479,29,0.6206896551724138,0.0,1215.0548275862068,35236.59,0.6206896551724138,0.3793103448275862,18,11,0.203652274843725,30.648024165924348,0.0,1.5833333333333333,2024-07-24,Greed,69,Greed
2024-07-24,0xb1231a4a2dd02f2276fa3c5e2a2f3436e6bfed23,0.0,35,0.0,0.0,170.22400000000002,5957.84,0.9428571428571428,0.05714285714285714,33,2,7.046086435181117,0.0,0.0,11.333333333333334,2024-07-24,Greed,69,Greed
2024-07-25,0x430f09841d65beb3f27765503d0f850b8bce7713,0.0,1,0.0,0.0,0.94,0.94,0.0,1.0,0,1,0.4853652002612681,0.0,0.0,0.5,2024-07-25,Greed,68,Greed
2024-07-25,0x4f93fead39b70a1824f981a54d4e55b278e9f760,0.0,65,0.0,0.0,7990.4683076923075,519380.44,1.0,0.0,65,0,0.028258880119021123,0.0,0.0,66.0,2024-07-25,Greed,68,Greed
2024-07-25,0xb1231a4a2dd02f2276fa3c5e2a2f3436e6bfed23,916.7382600000001,12,0.8333333333333334,0.0,764.4941666666667,9173.93,1.0,0.0,12,0,0.22273298802177535,79.19421098627359,0.0,13.0,2024-07-25,Greed,68,Greed
2024-07-26,0x3998f134d6aaa2b6a5f723806d00fd2bbbbce891,0.0,1,0.0,0.0,0.81,0.81,0.0,1.0,0,1,0.4478451509876885,0.0,0.0,0.5,2024-07-26,Greed,68,Greed
2024-07-26,0x4f93fead39b70a1824f981a54d4e55b278e9f760,0.0,10,0.0,0.0,15000.965,150009.65,1.0,0.0,10,0,0.022859437963557556,0.0,0.0,11.0,2024-07-26,Greed,68,Greed
2024-07-26,0x8477e447846c758f5a675856001ea72298fd9cb5,341.250124,111,0.2882882882882883,0.0,1316.2212612612611,146100.56,0.2882882882882883,0.7117117117117117,32,79,9.072491195939785,12.50782918286028,0.0,0.4125,2024-07-26,Greed,68,Greed
2024-07-26,0xb1231a4a2dd02f2276fa3c5e2a2f3436e6bfed23,2425.262989,30,0.9666666666666667,0.0,8415.887666666667,252476.63,0.03333333333333333,0.9666666666666667,1,29,0.13273255471808673,88.42729096593553,0.0,0.06666666666666667,2024-07-26,Greed,68,Greed
2024-07-27,0x4f93fead39b70a1824f981a54d4e55b278e9f760,6400.623656,52,0.8076923076923077,0.0,17322.249807692308,900756.99,0.17307692307692307,0.8269230769230769,9,43,577.0207493375151,161.2997913713772,0.0,0.22727272727272727,2024-07-27,Greed,72,Greed
2024-07-27,0x8477e447846c758f5a675856001ea72298fd9cb5,0.0,5,0.0,0.0,888.552,4442.76,0.0,1.0,0,5,0.13837903754210973,0.0,0.0,0.16666666666666666,2024-07-27,Greed,72,Greed
2024-07-28,0x4f93fead39b70a1824f981a54d4e55b278e9f760,0.0,3,0.0,0.0,10666.563333333334,31999.690000000002,1.0,0.0,3,0,0.09022665555564406,0.0,0.0,4.0,2024-07-28,Greed,71,Greed
2024-07-28,0x8477e447846c758f5a675856001ea72298fd9cb5,587.29903,13,0.9230769230769231,0.0,865.7684615384616,11254.99,0.9230769230769231,0.07692307692307693,12,1,192.478147723024,35.053293487233084,0.0,6.5,2024-07-28,Greed,71,Greed
2024-07-29,0x8477e447846c758f5a675856001ea72298fd9cb5,217.857529,15,0.3333333333333333,0.0,1797.1860000000001,26957.79,0.3333333333333333,0.6666666666666666,5,10,333.56496839087384,33.400555976218946,0.0,0.5454545454545454,2024-07-29,Greed,74,Greed
2024-07-29,0xb1231a4a2dd02f2276fa3c5e2a2f3436e6bfed23,112.946925,24,0.4583333333333333,0.0,12510.05625,300241.35,0.5416666666666666,0.4583333333333333,13,11,145.8270579819235,7.90253735091672,0.0,1.1666666666666667,2024-07-29,Greed,74,Greed
2024-07-30,0x4f93fead39b70a1824f981a54d4e55b278e9f760,0.0,6,0.0,0.0,6001.078333333334,36006.47,1.0,0.0,6,0,0.037781196441487426,0.0,0.0,7.0,2024-07-30,Greed,67,Greed
2024-07-31,0x4f93fead39b70a1824f981a54d4e55b278e9f760,0.0,3,0.0,0.0,13335.046666666667,40005.14,1.0,0.0,3,0,0.0700768754067763,0.0,0.0,4.0,2024-07-31,Greed,61,Greed
2024-07-31,0x8477e447846c758f5a675856001ea72298fd9cb5,765.690884,40,0.35,0.0,1112.535,44501.4,0.35,0.65,14,26,180.14568223013435,47.4469545952345,0.0,0.5555555555555556,2024-07-31,Greed,61,Greed
2024-08-01,0x3998f134d6aaa2b6a5f723806d00fd2bbbbce891,0.0,1,0.0,0.0,0.74,0.74,0.0,1.0,0,1,0.4256399254312555,0.0,0.0,0.5,2024-08-01,Neutral,52,Neutral
2024-08-01,0x4f93fead39b70a1824f981a54d4e55b278e9f760,0.0,13,0.0,0.0,11076.539230769231,143995.01,1.0,0.0,13,0,0.04122142475988192,0.0,0.0,14.0,2024-08-01,Neutral,52,Neutral
2024-08-01,0x8477e447846c758f5a675856001ea72298fd9cb5,167.080017,34,0.11764705882352941,0.08823529411764706,1432.7749999999999,48714.35,0.7352941176470589,0.2647058823529412,25,9,176.43260353127795,30.05191071750093,0.0,2.6,2024-08-01,Neutral,52,Neutral
2024-08-01,0xb1231a4a2dd02f2276fa3c5e2a2f3436e6bfed23,0.0,9,0.0,0.0,3896.047777777778,35064.43,1.0,0.0,9,0,2500.064349345356,0.0,0.0,10.0,2024-08-01,Neutral,52,Neutral
2024-08-02,0x4f93fead39b70a1824f981a54d4e55b278e9f760,0.0,36,0.0,0.0,8221.31,295967.16,0.9722222222222222,0.027777777777777776,35,1,0.01872437365557928,0.0,0.0,18.0,2024-08-02,Greed,57,Greed
2024-08-02,0x8477e447846c758f5a675856001ea72298fd9cb5,228.247701,15,0.8,0.0,1984.4720000000002,29767.08,0.0,1.0,0,15,166.7610822620983,23.324499069232527,0.0,0.0625,2024-08-02,Greed,57,Greed
2024-08-02,0xb1231a4a2dd02f2276fa3c5e2a2f3436e6bfed23,554.12049,12,0.4166666666666667,0.0,5882.177500000001,70586.13,0.5833333333333334,0.4166666666666667,7,5,28.69434657950768,92.38534060726963,0.0,1.3333333333333333,2024-08-02,Greed,57,Greed
2024-08-03,0x3998f134d6aaa2b6a5f723806d00fd2bbbbce891,0.0,1,0.0,0.0,0.65,0.65,0.0,1.0,0,1,0.3931602402979957,0.0,0.0,0.5,2024-08-03,Fear,37,Fear
2024-08-03,0x4f93fead39b70a1824f981a54d4e55b278e9f760,0.0,13,0.0,0.0,8652.23,112478.98999999999,1.0,0.0,13,0,0.012976493537251731,0.0,0.0,14.0,2024-08-03,Fear,37,Fear
2024-08-03,0x8477e447846c758f5a675856001ea72298fd9cb5,464.1897,1,1.0,0.0,4534.09,4534.09,1.0,0.0,1,0,0.9997800483452636,0.0,0.0,2.0,2024-08-03,Fear,37,Fear
2024-08-03,0xa520ded057a32086c40e7dd6ed4eb8efb82c00e0,0.0,16,0.0,0.0,9281.686875,148506.99,1.0,0.0,16,0,375.6649415923158,0.0,0.0,17.0,2024-08-03,Fear,37,Fear
2024-08-03,0xb1231a4a2dd02f2276fa3c5e2a2f3436e6bfed23,0.0,6,0.0,0.0,4168.69,25012.14,1.0,0.0,6,0,0.10679685459267953,0.0,0.0,7.0,2024-08-03,Fear,37,Fear
2024-08-04,0x3998f134d6aaa2b6a5f723806d00fd2bbbbce891,0.0,1,0.0,0.0,0.01,0.01,0.0,1.0,0,1,0.009853347886730932,0.0,0.0,0.5,2024-08-04,Fear,34,Fear
2024-08-04,0x4f93fead39b70a1824f981a54d4e55b278e9f760,-108604.496278,72,0.0,0.8333333333333334,12521.542916666665,901551.09,0.16666666666666666,0.8333333333333334,12,60,451.32675800444173,4571.24267672697,-108604.496278,0.21311475409836064,2024-08-04,Fear,34,Fear
2024-08-04,0x8477e447846c758f5a675856001ea72298fd9cb5,109.005815,17,0.17647058823529413,0.0,2129.0517647058823,36193.88,0.8235294117647058,0.17647058823529413,14,3,277.89284965371155,20.517399161501928,0.0,3.75,2024-08-04,Fear,34,Fear
2024-08-04,0xa520ded057a32086c40e7dd6ed4eb8efb82c00e0,-14176.51042,10,0.0,0.2,13492.987,134929.87,0.8,0.2,8,2,0.1738830052181214,3352.294914013736,-14176.51042,3.0,2024-08-04,Fear,34,Fear
2024-08-04,0xb1231a4a2dd02f2276fa3c5e2a2f3436e6bfed23,0.0,27,0.0,0.0,5002.563703703704,135069.22,0.9629629629629629,0.037037037037037035,26,1,480.58634425507995,0.0,0.0,13.5,2024-08-04,Fear,34,Fear
2024-08-05,0x4f93fead39b70a1824f981a54d4e55b278e9f760,-4779.219012,17,0.0,0.11764705882352941,12572.832941176472,213738.16,0.8823529411764706,0.11764705882352941,15,2,635.1572311817442,1044.042744408268,-4779.219012,5.333333333333333,2024-08-05,Fear,26,Fear
2024-08-05,0x8477e447846c758f5a675856001ea72298fd9cb5,160.44369899999998,17,0.4117647058823529,0.0,2357.7947058823524,40082.509999999995,0.5882352941176471,0.4117647058823529,10,7,131.03157462192974,19.386598152567043,0.0,1.375,2024-08-05,Fear,26,Fear
2024-08-05,0xa520ded057a32086c40e7dd6ed4eb8efb82c00e0,0.0,2,0.0,0.0,10053.805,20107.61,1.0,0.0,2,0,0.19434489444584258,0.0,0.0,3.0,2024-08-05,Fear,26,Fear
2024-08-05,0xb1231a4a2dd02f2276fa3c5e2a2f3436e6bfed23,-8394.889856,44,0.5909090909090909,0.06818181818181818,3331.070909090909,146567.12,0.3181818181818182,0.6818181818181818,14,30,179.49183554534213,858.0284974407749,-8394.889856,0.4838709677419355,2024-08-05,Fear,26,Fear
2024-08-06,0x3998f134d6aaa2b6a5f723806d00fd2bbbbce891,215.754798,27,0.2962962962962963,0.48148148148148145,28.555555555555557,771.0,0.037037037037037035,0.9629629629629629,1,26,0.5649603886002369,14.37459373223231,0.0,0.07407407407407407,2024-08-06,Extreme Fear,17,Fear
2024-08-06,0xb1231a4a2dd02f2276fa3c5e2a2f3436e6bfed23,51.56325,80,0.0625,0.0,758.8422499999999,60707.38,0.9375,0.0625,75,5,0.03743990139508845,3.2059614973430923,0.0,12.666666666666666,2024-08-06,Extreme Fear,17,Fear
2024-08-07,0x3998f134d6aaa2b6a5f723806d00fd2bbbbce891,0.0,11,0.0,0.0,0.0036363636363636364,0.04,0.0,1.0,0,11,0.003507729363733855,0.0,0.0,0.08333333333333333,2024-08-07,Fear,29,Fear
2024-08-07,0xa520ded057a32086c40e7dd6ed4eb8efb82c00e0,0.0,1,0.0,0.0,500.0,500.0,1.0,0.0,1,0,500.0,0.0,0.0,2.0,2024-08-07,Fear,29,Fear
2024-08-07,0xb1231a4a2dd02f2276fa3c5e2a2f3436e6bfed23,188.789255,21,0.47619047619047616,0.0,94.89190476190477,1992.73,0.5238095238095238,0.47619047619047616,11,10,0.010625911804383447,11.854034184795951,0.0,1.0909090909090908,2024-08-07,Fear,29,Fear
2024-08-08,0xa520ded057a32086c40e7dd6ed4eb8efb82c00e0,-40.712216999999995,4,0.0,0.75,114.82,459.28,0.0,1.0,0,4,0.5449557076457736,13.161854936272276,-40.712216999999995,0.2,2024-08-08,Extreme Fear,20,Fear
2024-08-08,0xb1231a4a2dd02f2276fa3c5e2a2f3436e6bfed23,0.0,5,0.0,0.0,3168.014,15840.07,1.0,0.0,5,0,0.0445199457638604,0.0,0.0,6.0,2024-08-08,Extreme Fear,20,Fear
2024-08-09,0x430f09841d65beb3f27765503d0f850b8bce7713,0.0,1,0.0,0.0,0.12,0.12,0.0,1.0,0,1,0.10712490888000856,0.0,0.0,0.5,2024-08-09,Neutral,48,Neutral
2024-08-09,0x4f93fead39b70a1824f981a54d4e55b278e9f760,11147.900554,12,0.75,0.0,11003.166666666666,132038.0,0.25,0.75,3,9,1048.1443391269897,962.0730295915045,0.0,0.4,2024-08-09,Neutral,48,Neutral
2024-08-09,0x8477e447846c758f5a675856001ea72298fd9cb5,151.092375,69,0.2463768115942029,0.014492753623188406,635.3107246376812,43836.44,0.2608695652173913,0.7391304347826086,18,51,25.515857260638892,9.895539434437291,0.0,0.36538461538461536,2024-08-09,Neutral,48,Neutral
2024-08-09,0xa520ded057a32086c40e7dd6ed4eb8efb82c00e0,0.0,2,0.0,0.0,250.0,500.0,1.0,0.0,2,0,110.58900263533694,0.0,0.0,3.0,2024-08-09,Neutral,48,Neutral
2024-08-09,0xb1231a4a2dd02f2276fa3c5e2a2f3436e6bfed23,6783.078347,60,0.2833333333333333,0.23333333333333334,5447.171666666666,326830.3,0.5166666666666667,0.48333333333333334,31,29,32.07731464712625,422.75309576334655,0.0,1.0666666666666667,2024-08-09,Neutral,48,Neutral
2024-08-10,0x430f09841d65beb3f27765503d0f850b8bce7713,0.0,1,0.0,0.0,0.68,0.68,0.0,1.0,0,1,0.4038935933703259,0.0,0.0,0.5,2024-08-10,Fear,40,Fear
2024-08-10,0xb1231a4a2dd02f2276fa3c5e2a2f3436e6bfed23,0.0,87,0.0,0.0,130.32885057471265,11338.61,1.0,0.0,87,0,0.026434140421461163,0.0,0.0,88.0,2024-08-10,Fear,40,Fear
2024-08-11,0x4f93fead39b70a1824f981a54d4e55b278e9f760,847.7766200000001,8,0.5,0.0,5104.981250000001,40839.850000000006,0.0,1.0,0,8,69.70575993668888,137.12604784290517,0.0,0.1111111111111111,2024-08-11,Fear,39,Fear
2024-08-11,0xb1231a4a2dd02f2276fa3c5e2a2f3436e6bfed23,0.0,16,0.0,0.0,211.8975,3390.36,1.0,0.0,16,0,0.013065478693541412,0.0,0.0,17.0,2024-08-11,Fear,39,Fear
2024-08-12,0x430f09841d65beb3f27765503d0f850b8bce7713,0.0,1,0.0,0.0,0.61,0.61,0.0,1.0,0,1,0.3786812816061086,0.0,0.0,0.5,2024-08-12,Fear,25,Fear
2024-08-12,0x4f93fead39b70a1824f981a54d4e55b278e9f760,858.6705000000001,16,0.375,0.0,2758.775,44140.4,1.0,0.0,16,0,381.4010714703687,105.10496787199908,0.0,17.0,2024-08-12,Fear,25,Fear
2024-08-12,0xb1231a4a2dd02f2276fa3c5e2a2f3436e6bfed23,0.0,31,0.0,0.0,323.4293548387097,10026.31,0.7419354838709677,0.25806451612903225,23,8,16.243952628787564,0.0,0.0,2.6666666666666665,2024-08-12,Fear,25,Fear
2024-08-13,0x430f09841d65beb3f27765503d0f850b8bce7713,0.0,1,0.0,0.0,0.67,0.67,0.0,1.0,0,1,0.40062936296935475,0.0,0.0,0.5,2024-08-13,Fear,31,Fear
2024-08-13,0x4f93fead39b70a1824f981a54d4e55b278e9f760,0.0,5,0.0,0.0,2500.02,12500.1,0.8,0.2,4,1,0.08985105352856178,0.0,0.0,2.5,2024-08-13,Fear,31,Fear
2024-08-13,0xb1231a4a2dd02f2276fa3c5e2a2f3436e6bfed23,212.08102,17,0.47058823529411764,0.0,488.06470588235294,8297.1,0.9411764705882353,0.058823529411764705,16,1,0.17248604892795763,21.807082908076133,0.0,8.5,2024-08-13,Fear,31,Fear
2024-08-14,0x430f09841d65beb3f27765503d0f850b8bce7713,0.0,1,0.0,0.0,0.53,0.53,0.0,1.0,0,1,0.34582656405071854,0.0,0.0,0.5,2024-08-14,Fear,30,Fear
2024-08-14,0x4f93fead39b70a1824f981a54d4e55b278e9f760,2168.9015130000003,9,0.5555555555555556,0.0,7185.148888888889,64666.34,0.4444444444444444,0.5555555555555556,4,5,16.466430583922296,532.1122617086244,0.0,0.8333333333333334,2024-08-14,Fear,30,Fear
2024-08-14,0xb1231a4a2dd02f2276fa3c5e2a2f3436e6bfed23,0.0,15,0.0,0.0,136.21066666666667,2043.16,1.0,0.0,15,0,0.007285046421356236,0.0,0.0,16.0,2024-08-14,Fear,30,Fear
2024-08-15,0xb1231a4a2dd02f2276fa3c5e2a2f3436e6bfed23,0.0,12,0.0,0.0,126.86416666666668,1522.3700000000001,1.0,0.0,12,0,0.005762028935578124,0.0,0.0,13.0,2024-08-15,Fear,29,Fear
2024-08-16,0x4f93fead39b70a1824f981a54d4e55b278e9f760,0.0,2,0.0,0.0,6250.0650000000005,12500.130000000001,1.0,0.0,2,0,0.25049184035437455,0.0,0.0,3.0,2024-08-16,Fear,27,Fear
2024-08-16,0xb1231a4a2dd02f2276fa3c5e2a2f3436e6bfed23,825.230544,33,0.09090909090909091,0.0,4663.112424242424,153882.71,0.9090909090909091,0.09090909090909091,30,3,24.608380510719496,82.38035943567348,0.0,7.75,2024-08-16,Fear,27,Fear
2024-08-17,0x3998f134d6aaa2b6a5f723806d00fd2bbbbce891,0.0,29,0.0,0.0,1035.7675862068966,30037.26,1.0,0.0,29,0,0.022444154801595416,0.0,0.0,30.0,2024-08-17,Fear,25,Fear
2024-08-17,0xa520ded057a32086c40e7dd6ed4eb8efb82c00e0,-288.283113,1,0.0,1.0,211.7,211.7,0.0,1.0,0,1,0.9952699859142751,0.0,-288.283113,0.5,2024-08-17,Fear,25,Fear
2024-08-18,0x4f93fead39b70a1824f981a54d4e55b278e9f760,307.201888,14,0.8571428571428571,0.0,4486.033571428571,62804.47,0.0,1.0,0,14,1425.4492004392341,31.537463840542046,0.0,0.06666666666666667,2024-08-18,Fear,31,Fear
2024-08-18,0xa520ded057a32086c40e7dd6ed4eb8efb82c00e0,0.0,1,0.0,0.0,0.01,0.01,0.0,1.0,0,1,0.009910365732066401,0.0,0.0,0.5,2024-08-18,Fear,31,Fear
2024-08-19,0xb1231a4a2dd02f2276fa3c5e2a2f3436e6bfed23,339.69958299999996,8,0.625,0.0,12539.37875,100315.03,0.375,0.625,3,5,1855.333082595311,67.50399160612497,0.0,0.6666666666666666,2024-08-19,Fear,28,Fear
2024-08-20,0x4f93fead39b70a1824f981a54d4e55b278e9f760,192.602844,8,0.125,0.0,5302.23375,42417.87,0.625,0.375,5,3,1609.206455962502,68.09538853410737,0.0,1.5,2024-08-20,Fear,30,Fear
2024-08-20,0x8477e447846c758f5a675856001ea72298fd9cb5,0.0,4,0.0,0.0,1874.2325,7496.93,0.0,1.0,0,4,1389.2876951534788,0.0,0.0,0.2,2024-08-20,Fear,30,Fear
2024-08-21,0x8477e447846c758f5a675856001ea72298fd9cb5,656.200925,143,0.3776223776223776,0.0,720.2106993006994,102990.13,0.3776223776223776,0.6223776223776224,54,89,25.58808610413987,16.621624954082773,0.0,0.6111111111111112,2024-08-21,Fear,26,Fear
2024-08-21,0xa520ded057a32086c40e7dd6ed4eb8efb82c00e0,0.0,2,0.0,0.0,1000.14,2000.28,1.0,0.0,2,0,500.5741082892668,0.0,0.0,3.0,2024-08-21,Fear,26,Fear
2024-08-23,0x4f93fead39b70a1824f981a54d4e55b278e9f760,1005.30527,10,0.3,0.0,6350.956,63509.56,0.0,1.0,0,10,239.6513290415718,280.4841642773341,0.0,0.09090909090909091,2024-08-23,Fear,34,Fear
2024-08-24,0x4f93fead39b70a1824f981a54d4e55b278e9f760,0.0,2,0.0,0.0,7500.035,15000.07,0.0,1.0,0,2,0.1791926997968713,0.0,0.0,0.3333333333333333,2024-08-24,Greed,56,Greed
2024-08-24,0xb1231a4a2dd02f2276fa3c5e2a2f3436e6bfed23,0.0,5,0.0,0.0,3999.9199999999996,19999.6,0.0,1.0,0,5,191.1576732389031,0.0,0.0,0.16666666666666666,2024-08-24,Greed,56,Greed
2024-08-25,0x4f93fead39b70a1824f981a54d4e55b278e9f760,0.0,4,0.0,0.0,3749.0825,14996.33,0.0,1.0,0,4,0.0641815646168311,0.0,0.0,0.2,2024-08-25,Neutral,54,Neutral
2024-08-25,0xb1231a4a2dd02f2276fa3c5e2a2f3436e6bfed23,0.0,13,0.0,0.0,534.9192307692308,6953.95,0.6153846153846154,0.38461538461538464,8,5,0.022936383613600543,0.0,0.0,1.5,2024-08-25,Neutral,54,Neutral
2024-08-26,0x4f93fead39b70a1824f981a54d4e55b278e9f760,231.236918,5,0.4,0.0,18452.704,92263.52,1.0,0.0,5,0,3713.611495473756,63.93962575484458,0.0,6.0,2024-08-26,Greed,55,Greed
2024-08-26,0xb1231a4a2dd02f2276fa3c5e2a2f3436e6bfed23,0.0,1,0.0,0.0,347.75,347.75,1.0,0.0,1,0,0.02713026771924863,0.0,0.0,2.0,2024-08-26,Greed,55,Greed
2024-08-27,0x4f93fead39b70a1824f981a54d4e55b278e9f760,0.0,7,0.0,0.0,9286.455714285714,65005.19,1.0,0.0,7,0,0.20732109781642188,0.0,0.0,8.0,2024-08-27,Neutral,48,Neutral
2024-08-27,0xb1231a4a2dd02f2276fa3c5e2a2f3436e6bfed23,0.0,43,0.0,0.0,121.97604651162791,5244.97,0.9767441860465116,0.023255813953488372,42,1,0.016660364284785314,0.0,0.0,21.5,2024-08-27,Neutral,48,Neutral
2024-08-28,0x4f93fead39b70a1824f981a54d4e55b278e9f760,0.0,7,0.0,0.0,6784.937142857142,47494.56,1.0,0.0,7,0,0.07174916724918383,0.0,0.0,8.0,2024-08-28,Fear,30,Fear
2024-08-28,0xb1231a4a2dd02f2276fa3c5e2a2f3436e6bfed23,1333.359645,2,1.0,0.0,11832.755000000001,23665.510000000002,1.0,0.0,2,0,0.7468805916367278,11.428814876360201,0.0,3.0,2024-08-28,Fear,30,Fear
2024-08-29,0xb1231a4a2dd02f2276fa3c5e2a2f3436e6bfed23,0.0,1,0.0,0.0,9995.85,9995.85,0.0,1.0,0,1,9995.85,0.0,0.0,0.5,2024-08-29,Fear,29,Fear
2024-08-30,0x3998f134d6aaa2b6a5f723806d00fd2bbbbce891,0.0,1,0.0,0.0,0.69,0.69,0.0,1.0,0,1,0.40800756363042034,0.0,0.0,0.5,2024-08-30,Fear,34,Fear
2024-08-30,0x430f09841d65beb3f27765503d0f850b8bce7713,0.0,1,0.0,0.0,0.62,0.62,0.0,1.0,0,1,0.3838050568415911,0.0,0.0,0.5,2024-08-30,Fear,34,Fear
2024-08-30,0x4f93fead39b70a1824f981a54d4e55b278e9f760,0.0,3,0.0,0.0,9164.183333333334,27492.550000000003,1.0,0.0,3,0,0.06734893135751972,0.0,0.0,4.0,2024-08-30,Fear,34,Fear
2024-08-30,0xb1231a4a2dd02f2276fa3c5e2a2f3436e6bfed23,256.464,1,1.0,0.0,9739.38,9739.38,1.0,0.0,1,0,0.9998968418578288,0.0,0.0,2.0,2024-08-30,Fear,34,Fear
2024-08-31,0x430f09841d65beb3f27765503d0f850b8bce7713,0.0,1,0.0,0.0,0.96,0.96,0.0,1.0,0,1,0.48902798753055277,0.0,0.0,0.5,2024-08-31,Fear,29,Fear
2024-08-31,0x8477e447846c758f5a675856001ea72298fd9cb5,10.882801,24,0.5,0.041666666666666664,312.76375,7506.33,0.2916666666666667,0.7083333333333334,7,17,148.35474160308814,1.0389891150716801,0.0,0.4444444444444444,2024-08-31,Fear,29,Fear
2024-08-31,0xb1231a4a2dd02f2276fa3c5e2a2f3436e6bfed23,0.0,9,0.0,0.0,11111.126666666667,100000.14,0.4444444444444444,0.5555555555555556,4,5,2246.4597646967104,0.0,0.0,0.8333333333333334,2024-08-31,Fear,29,Fear
2024-09-01,0x8477e447846c758f5a675856001ea72298fd9cb5,137.433093,12,0.4166666666666667,0.0,1029.9733333333334,12359.68,0.5833333333333334,0.4166666666666667,7,5,125.29063452382968,25.479618769976113,0.0,1.3333333333333333,2024-09-01,Fear,26,Fear
2024-09-02,0x4f93fead39b70a1824f981a54d4e55b278e9f760,0.0,2,0.0,0.0,15000.21,30000.42,1.0,0.0,2,0,0.09179304373082653,0.0,0.0,3.0,2024-09-02,Fear,26,Fear
2024-09-04,0x4f93fead39b70a1824f981a54d4e55b278e9f760,0.0,1,0.0,0.0,35004.98,35004.98,1.0,0.0,1,0,0.19152572920672797,0.0,0.0,2.0,2024-09-04,Fear,27,Fear
2024-09-04,0xb1231a4a2dd02f2276fa3c5e2a2f3436e6bfed23,1065.785132,33,0.15151515151515152,0.09090909090909091,2923.5148484848487,96475.99,0.9090909090909091,0.09090909090909091,30,3,0.11762774529065885,469.2981111542668,0.0,7.75,2024-09-04,Fear,27,Fear
2024-09-05,0x3998f134d6aaa2b6a5f723806d00fd2bbbbce891,0.0,1,0.0,0.0,0.84,0.84,0.0,1.0,0,1,0.45582927633228715,0.0,0.0,0.5,2024-09-05,Fear,29,Fear
2024-09-06,0x4f93fead39b70a1824f981a54d4e55b278e9f760,0.0,4,0.0,0.0,8747.6675,34990.67,1.0,0.0,4,0,0.04029980002742955,0.0,0.0,5.0,2024-09-06,Extreme Fear,22,Fear
2024-09-06,0xb1231a4a2dd02f2276fa3c5e2a2f3436e6bfed23,-1104.856765,38,0.0,1.0,106.74815789473683,4056.43,0.0,1.0,0,38,0.008465514231232466,21.196751960438153,-1104.856765,0.02564102564102564,2024-09-06,Extreme Fear,22,Fear
2024-09-08,0xa520ded057a32086c40e7dd6ed4eb8efb82c00e0,0.0,1,0.0,0.0,0.11,0.11,0.0,1.0,0,1,0.09911539524163625,0.0,0.0,0.5,2024-09-08,Fear,29,Fear
2024-09-09,0xb1231a4a2dd02f2276fa3c5e2a2f3436e6bfed23,0.0,2,0.0,0.0,2007.2150000000001,4014.4300000000003,1.0,0.0,2,0,0.167995760260311,0.0,0.0,3.0,2024-09-09,Fear,26,Fear
2024-09-10,0xa520ded057a32086c40e7dd6ed4eb8efb82c00e0,-219.729659,2,0.0,1.0,890.27,1780.54,0.0,1.0,0,2,0.5854920920251343,102.05946318164507,-219.729659,0.3333333333333333,2024-09-10,Fear,33,Fear
2024-09-10,0xb1231a4a2dd02f2276fa3c5e2a2f3436e6bfed23,0.0,1,0.0,0.0,766.74,766.74,1.0,0.0,1,0,0.05068205945516103,0.0,0.0,2.0,2024-09-10,Fear,33,Fear
2024-09-11,0x430f09841d65beb3f27765503d0f850b8bce7713,0.0,1,0.0,0.0,0.54,0.54,0.0,1.0,0,1,0.35109107627453356,0.0,0.0,0.5,2024-09-11,Fear,37,Fear
2024-09-14,0x430f09841d65beb3f27765503d0f850b8bce7713,0.0,1,0.0,0.0,0.65,0.65,0.0,1.0,0,1,0.39410787340240894,0.0,0.0,0.5,2024-09-14,Neutral,50,Neutral
2024-09-14,0xb1231a4a2dd02f2276fa3c5e2a2f3436e6bfed23,0.0,10,0.0,0.0,101.415,1014.1500000000001,1.0,0.0,10,0,0.006155142136224506,0.0,0.0,11.0,2024-09-14,Neutral,50,Neutral
2024-09-18,0xb1231a4a2dd02f2276fa3c5e2a2f3436e6bfed23,-878.684794,145,0.0,0.9241379310344827,94.02413793103449,13633.5,0.07586206896551724,0.9241379310344827,11,134,0.041515172735647074,4.966129290375059,-878.684794,0.08888888888888889,2024-09-18,Neutral,45,Neutral
2024-09-19,0xb1231a4a2dd02f2276fa3c5e2a2f3436e6bfed23,0.0,19,0.0,0.0,80.09842105263158,1521.8700000000001,1.0,0.0,19,0,5.298738591291588,0.0,0.0,20.0,2024-09-19,Neutral,49,Neutral
2024-09-20,0x4f93fead39b70a1824f981a54d4e55b278e9f760,9585.03428,12,0.6666666666666666,0.08333333333333333,25380.9675,304571.61,0.25,0.75,3,9,878.2521476229986,2303.819847803142,0.0,0.4,2024-09-20,Neutral,54,Neutral
2024-09-20,0x72c6a4624e1dffa724e6d00d64ceae698af892a0,0.0,4,0.0,0.0,7075.4425,28301.77,0.0,1.0,0,4,584.6615084120341,0.0,0.0,0.2,2024-09-20,Neutral,54,Neutral
2024-09-21,0x430f09841d65beb3f27765503d0f850b8bce7713,36165.56933,23,1.0,0.0,7202.092173913044,165648.12,0.0,1.0,0,23,0.14498953018550056,1429.8114770090967,0.0,0.041666666666666664,2024-09-21,Neutral,54,Neutral
2024-09-22,0x4f93fead39b70a1824f981a54d4e55b278e9f760,0.0,3,0.0,0.0,6666.579999999999,19999.739999999998,1.0,0.0,3,0,0.4541198974941347,0.0,0.0,4.0,2024-09-22,Neutral,52,Neutral
2024-09-23,0x4f93fead39b70a1824f981a54d4e55b278e9f760,334.760796,2,0.5,0.0,20167.145,40334.29,0.5,0.5,1,1,5000.494983478655,236.7116289270065,0.0,1.0,2024-09-23,Neutral,50,Neutral
2024-09-24,0x72c6a4624e1dffa724e6d00d64ceae698af892a0,0.0,1,0.0,0.0,6113.57,6113.57,0.0,1.0,0,1,0.20988182719717224,0.0,0.0,0.5,2024-09-24,Neutral,54,Neutral
2024-09-24,0xb1231a4a2dd02f2276fa3c5e2a2f3436e6bfed23,0.0,9,0.0,0.0,111.67333333333335,1005.0600000000001,1.0,0.0,9,0,4.7567573212981,0.0,0.0,10.0,2024-09-24,Neutral,54,Neutral
2024-09-25,0x4f93fead39b70a1824f981a54d4e55b278e9f760,0.0,6,0.0,0.0,8333.518333333333,50001.11,1.0,0.0,6,0,0.3825309560289125,0.0,0.0,7.0,2024-09-25,Greed,59,Greed
2024-09-25,0x72c6a4624e1dffa724e6d00d64ceae698af892a0,0.0,3,0.0,0.0,917.6733333333333,2753.02,0.0,1.0,0,3,0.0244150344276432,0.0,0.0,0.25,2024-09-25,Greed,59,Greed
2024-09-26,0x4f93fead39b70a1824f981a54d4e55b278e9f760,439.812513,3,0.6666666666666666,0.0,26813.47333333333,80440.42,0.0,1.0,0,3,6667.17347274697,251.14774566213526,0.0,0.25,2024-09-26,Neutral,50,Neutral
2024-09-26,0x72c6a4624e1dffa724e6d00d64ceae698af892a0,0.0,5,0.0,0.0,6654.302000000001,33271.51,0.0,1.0,0,5,0.14238492911918052,0.0,0.0,0.16666666666666666,2024-09-26,Neutral,50,Neutral
2024-09-27,0x4f93fead39b70a1824f981a54d4e55b278e9f760,0.0,10,0.0,0.0,9999.232,99992.31999999999,0.0,1.0,0,10,0.22156323290137622,0.0,0.0,0.09090909090909091,2024-09-27,Greed,61,Greed
2024-09-27,0x72c6a4624e1dffa724e6d00d64ceae698af892a0,0.0,46,0.0,0.0,567.4939130434783,26104.72,0.0,1.0,0,46,0.00689098336219917,0.0,0.0,0.02127659574468085,2024-09-27,Greed,61,Greed
2024-09-28,0x72c6a4624e1dffa724e6d00d64ceae698af892a0,0.0,4,0.0,0.0,7299.8025,29199.21,0.0,1.0,0,4,0.0669968628616219,0.0,0.0,0.2,2024-09-28,Greed,64,Greed
2024-09-30,0x4f93fead39b70a1824f981a54d4e55b278e9f760,2710.626288,10,0.5,0.0,17728.09,177280.9,1.0,0.0,10,0,2000.3484624338791,366.75017184022215,0.0,11.0,2024-09-30,Greed,61,Greed
2024-09-30,0x72c6a4624e1dffa724e6d00d64ceae698af892a0,0.0,96,0.0,0.0,389.4682291666666,37388.95,0.0,1.0,0,96,0.0026745703435005594,0.0,0.0,0.010309278350515464,2024-09-30,Greed,61,Greed
2024-10-01,0x4f93fead39b70a1824f981a54d4e55b278e9f760,0.0,4,0.0,0.0,34988.58,139954.32,1.0,0.0,4,0,0.3827776912034492,0.0,0.0,5.0,2024-10-01,Neutral,50,Neutral
2024-10-02,0x4f93fead39b70a1824f981a54d4e55b278e9f760,0.0,4,0.0,0.0,24988.585,99954.34,1.0,0.0,4,0,0.1144882703386847,0.0,0.0,5.0,2024-10-02,Fear,42,Fear
2024-10-03,0x3f9a0aadc7f04a7c9d75dc1b5a6ddd6e36486cf6,100.375782,5,0.6,0.0,2585.338,12926.69,0.4,0.6,2,3,905.5559583182891,24.456905264671907,0.0,0.75,2024-10-03,Fear,37,Fear
2024-10-03,0x4f93fead39b70a1824f981a54d4e55b278e9f760,0.0,4,0.0,0.0,30002.25,120009.0,1.0,0.0,4,0,0.09059300665303954,0.0,0.0,5.0,2024-10-03,Fear,37,Fear
2024-10-04,0xb1231a4a2dd02f2276fa3c5e2a2f3436e6bfed23,0.0,1,0.0,0.0,0.34,0.34,0.0,1.0,0,1,0.25409074669971254,0.0,0.0,0.5,2024-10-04,Fear,41,Fear
2024-10-05,0x430f09841d65beb3f27765503d0f850b8bce7713,0.0,1,0.0,0.0,0.61,0.61,0.0,1.0,0,1,0.37894766715562006,0.0,0.0,0.5,2024-10-05,Neutral,49,Neutral
2024-10-05,0x4f93fead39b70a1824f981a54d4e55b278e9f760,5767.161892,36,0.6666666666666666,0.0,16822.36472222222,605605.13,0.25,0.75,9,27,530.4760729430186,218.54118140047288,0.0,0.35714285714285715,2024-10-05,Neutral,49,Neutral
2024-10-06,0x4f93fead39b70a1824f981a54d4e55b278e9f760,130.487079,22,0.22727272727272727,0.0,13642.298181818182,300130.56,0.2727272727272727,0.7272727272727273,6,16,909.3752603808695,17.741123762831634,0.0,0.4117647058823529,2024-10-06,Neutral,50,Neutral
2024-10-07,0x4f93fead39b70a1824f981a54d4e55b278e9f760,0.0,21,0.0,0.0,10475.459523809524,219984.65,0.0,1.0,0,21,0.03645682121299861,0.0,0.0,0.045454545454545456,2024-10-07,Neutral,50,Neutral
2024-10-08,0x4f93fead39b70a1824f981a54d4e55b278e9f760,5396.546638,35,0.9428571428571428,0.0,12416.672857142858,434583.55,0.9714285714285714,0.02857142857142857,34,1,571.4530198719984,225.16460397553345,0.0,17.5,2024-10-08,Neutral,49,Neutral
2024-10-08,0xb1231a4a2dd02f2276fa3c5e2a2f3436e6bfed23,0.0,1,0.0,0.0,0.58,0.58,0.0,1.0,0,1,0.36733569856265774,0.0,0.0,0.5,2024-10-08,Neutral,49,Neutral
2024-10-09,0x4f93fead39b70a1824f981a54d4e55b278e9f760,396.06272,14,0.21428571428571427,0.0,15742.852142857142,220399.93,0.7857142857142857,0.21428571428571427,11,3,1429.0036855934377,61.54299038481661,0.0,3.0,2024-10-09,Neutral,49,Neutral
2024-10-10,0x4f93fead39b70a1824f981a54d4e55b278e9f760,0.0,16,0.0,0.0,18751.521249999998,300024.33999999997,1.0,0.0,16,0,0.08541785644682194,0.0,0.0,17.0,2024-10-10,Fear,39,Fear
2024-10-11,0x430f09841d65beb3f27765503d0f850b8bce7713,0.0,1,0.0,0.0,0.73,0.73,0.0,1.0,0,1,0.42281179724064205,0.0,0.0,0.5,2024-10-11,Fear,32,Fear
2024-10-11,0x4f93fead39b70a1824f981a54d4e55b278e9f760,8885.327477,25,0.72,0.0,19556.1384,488903.45999999996,0.0,1.0,0,25,400.33534791572885,368.77210687145254,0.0,0.038461538461538464,2024-10-11,Fear,32,Fear
2024-10-12,0x4f93fead39b70a1824f981a54d4e55b278e9f760,541.55471,10,0.7,0.0,15971.34,159713.4,0.7,0.3,7,3,1000.4163469169152,63.374247509280295,0.0,2.0,2024-10-12,Neutral,49,Neutral
2024-10-13,0x4f93fead39b70a1824f981a54d4e55b278e9f760,0.0,10,0.0,0.0,6000.242,60002.42,1.0,0.0,10,0,236.06376648547842,0.0,0.0,11.0,2024-10-13,Neutral,50,Neutral
2024-10-14,0x4f93fead39b70a1824f981a54d4e55b278e9f760,1913.61958,5,1.0,0.0,12383.204000000002,61916.020000000004,0.0,1.0,0,5,0.490882454847109,497.27205914834235,0.0,0.16666666666666666,2024-10-14,Neutral,48,Neutral
2024-10-15,0x4f93fead39b70a1824f981a54d4e55b278e9f760,1170.2260760000001,7,0.5714285714285714,0.0,11596.194285714286,81173.36,0.42857142857142855,0.5714285714285714,3,4,2857.969252230726,347.7876385038441,0.0,0.8,2024-10-15,Greed,65,Greed
2024-10-16,0x4f93fead39b70a1824f981a54d4e55b278e9f760,219.480876,11,0.2727272727272727,0.0,7293.560909090909,80229.17,0.7272727272727273,0.2727272727272727,8,3,945.5203362834723,35.58157491300189,0.0,2.25,2024-10-16,Greed,73,Greed
2024-10-17,0x4f93fead39b70a1824f981a54d4e55b278e9f760,36.11496,8,0.125,0.125,17504.00375,140032.03,0.75,0.25,6,2,5636.323822005218,13.621658869109886,0.0,2.3333333333333335,2024-10-17,Greed,71,Greed
2024-10-17,0xa520ded057a32086c40e7dd6ed4eb8efb82c00e0,0.0,1,0.0,0.0,499.72,499.72,1.0,0.0,1,0,499.72,0.0,0.0,2.0,2024-10-17,Greed,71,Greed
2024-10-18,0x4f93fead39b70a1824f981a54d4e55b278e9f760,333.219141,6,0.8333333333333334,0.0,20055.238333333335,120331.43000000001,0.16666666666666666,0.8333333333333334,1,5,1667.2632796552098,51.489580908627175,0.0,0.3333333333333333,2024-10-18,Greed,73,Greed
2024-10-19,0x4f93fead39b70a1824f981a54d4e55b278e9f760,0.0,4,0.0,0.0,24999.215,99996.86,1.0,0.0,4,0,2500.93911364391,0.0,0.0,5.0,2024-10-19,Greed,72,Greed
2024-10-20,0x4f93fead39b70a1824f981a54d4e55b278e9f760,229.060526,6,0.8333333333333334,0.0,20037.618333333336,120225.71,0.16666666666666666,0.8333333333333334,1,5,1667.0940215726903,31.733598980085706,0.0,0.3333333333333333,2024-10-20,Greed,73,Greed
2024-10-20,0x8477e447846c758f5a675856001ea72298fd9cb5,160.095271,90,0.06666666666666667,0.0,624.6905555555555,56222.15,0.06666666666666667,0.9333333333333333,6,84,58.42906835230916,7.6574120619211605,0.0,0.08235294117647059,2024-10-20,Greed,73,Greed
2024-10-21,0x4f93fead39b70a1824f981a54d4e55b278e9f760,0.0,11,0.0,0.0,13638.561818181817,150024.18,1.0,0.0,11,0,909.4192185177109,0.0,0.0,12.0,2024-10-21,Greed,72,Greed
2024-10-21,0x8477e447846c758f5a675856001ea72298fd9cb5,2464.915564,162,0.41975308641975306,0.0,1074.6531481481481,174093.81,0.41975308641975306,0.5802469135802469,68,94,18.586379391522147,41.24728666867994,0.0,0.7263157894736842,2024-10-21,Greed,72,Greed
2024-10-22,0x4f93fead39b70a1824f981a54d4e55b278e9f760,0.0,3,0.0,0.0,20000.12,60000.36,1.0,0.0,3,0,0.12311861301064168,0.0,0.0,4.0,2024-10-22,Greed,70,Greed
2024-10-23,0x4f93fead39b70a1824f981a54d4e55b278e9f760,-46.489941,18,0.0,0.16666666666666666,11667.003888888888,210006.07,0.8333333333333334,0.16666666666666666,15,3,8.629453434578716,6.37713910085234,-46.489941,4.0,2024-10-23,Greed,71,Greed
2024-10-25,0x4f93fead39b70a1824f981a54d4e55b278e9f760,4543.862071,25,0.64,0.0,16183.4872,404587.18,0.36,0.64,9,16,61.24832837082603,269.9305740026039,0.0,0.5882352941176471,2024-10-25,Greed,72,Greed
2024-10-25,0x72c6a4624e1dffa724e6d00d64ceae698af892a0,8692.0,5,1.0,0.0,4659.2,23296.0,1.0,0.0,5,0,0.04016537825712969,3251.906850691785,0.0,6.0,2024-10-25,Greed,72,Greed
2024-10-27,0x4f93fead39b70a1824f981a54d4e55b278e9f760,666.6623079999999,4,0.75,0.0,22666.1025,90664.41,0.0,1.0,0,4,7500.120415948871,293.9572048762827,0.0,0.2,2024-10-27,Greed,74,Greed
2024-10-28,0x4f93fead39b70a1824f981a54d4e55b278e9f760,0.0,9,0.0,0.0,13332.702222222222,119994.32,0.0,1.0,0,9,0.22148032258524683,0.0,0.0,0.1,2024-10-28,Greed,72,Greed
2024-10-28,0xa520ded057a32086c40e7dd6ed4eb8efb82c00e0,167.28016200000002,4,1.0,0.0,375.23249999999996,1500.9299999999998,0.0,1.0,0,4,0.25329650825778594,79.31218213310486,0.0,0.2,2024-10-28,Greed,72,Greed
2024-10-29,0x4f93fead39b70a1824f981a54d4e55b278e9f760,0.0,37,0.0,0.0,16285.80864864865,602574.92,0.0,1.0,0,37,0.04495372578037618,0.0,0.0,0.02631578947368421,2024-10-29,Greed,72,Greed
2024-10-29,0x8477e447846c758f5a675856001ea72298fd9cb5,801.170876,16,0.1875,0.0,668.305625,10692.89,0.1875,0.8125,3,13,374.9899335500729,180.5029186888292,0.0,0.2857142857142857,2024-10-29,Greed,72,Greed
2024-10-30,0x8477e447846c758f5a675856001ea72298fd9cb5,9.150023,25,0.28,0.04,473.23400000000004,11830.85,0.32,0.68,8,17,0.17288946352192247,1.0256853979943898,0.0,0.5,2024-10-30,Extreme Greed,77,Greed
2024-10-31,0x2c229d22b100a7beb69122eed721cee9b24011dd,-2.5534149999999998,9,0.0,0.3333333333333333,3327.722222222222,29949.5,0.6666666666666666,0.3333333333333333,6,3,554.9397184152654,0.5319393342707835,-2.5534149999999998,1.75,2024-10-31,Extreme Greed,77,Greed
2024-10-31,0x4f93fead39b70a1824f981a54d4e55b278e9f760,765.475192,28,0.8214285714285714,0.0,30487.215,853642.02,0.8928571428571429,0.10714285714285714,25,3,718.2417717648835,21.624337578921015,0.0,6.5,2024-10-31,Extreme Greed,77,Greed
2024-10-31,0x8477e447846c758f5a675856001ea72298fd9cb5,451.122034,11,1.0,0.0,1143.8036363636363,12581.84,1.0,0.0,11,0,0.6395031947774948,54.63129616489622,0.0,12.0,2024-10-31,Extreme Greed,77,Greed
2024-11-01,0x2c229d22b100a7beb69122eed721cee9b24011dd,-0.09906000000000104,14,0.2857142857142857,0.2857142857142857,2139.280714285714,29949.93,0.42857142857142855,0.5714285714285714,6,8,119.80217372413247,2.0067723967900997,-0.09906000000000104,0.7777777777777778,2024-11-01,Extreme Greed,75,Greed
2024-11-01,0x4f93fead39b70a1824f981a54d4e55b278e9f760,1040.5747959999999,9,0.2222222222222222,0.0,25670.122222222224,231031.1,0.7777777777777778,0.2222222222222222,7,2,1608.6804357016333,237.118948866937,0.0,2.6666666666666665,2024-11-01,Extreme Greed,75,Greed
2024-11-02,0x4f93fead39b70a1824f981a54d4e55b278e9f760,0.0,2,0.0,0.0,20000.0,40000.0,1.0,0.0,2,0,0.30925014393305683,0.0,0.0,3.0,2024-11-02,Greed,72,Greed
2024-11-03,0x3f9a0aadc7f04a7c9d75dc1b5a6ddd6e36486cf6,0.0,2,0.0,0.0,9530.66,19061.32,1.0,0.0,2,0,7374.992298088918,0.0,0.0,3.0,2024-11-03,Greed,74,Greed
2024-11-03,0x4f93fead39b70a1824f981a54d4e55b278e9f760,0.0,4,0.0,0.0,27498.585,109994.34,1.0,0.0,4,0,0.21907748990876777,0.0,0.0,5.0,2024-11-03,Greed,74,Greed
2024-11-04,0x3f9a0aadc7f04a7c9d75dc1b5a6ddd6e36486cf6,540.05911,10,1.0,0.0,1960.1330000000003,19601.33,0.0,1.0,0,10,0.32527405080241506,42.342634171213916,0.0,0.09090909090909091,2024-11-04,Greed,70,Greed
2024-11-04,0x4f93fead39b70a1824f981a54d4e55b278e9f760,2259.351364,26,0.5,0.0,16623.486153846156,432210.64,0.5,0.5,13,13,1108.0521413105187,137.28936820396905,0.0,1.0,2024-11-04,Greed,70,Greed
2024-11-05,0x4f93fead39b70a1824f981a54d4e55b278e9f760,678.4759280000001,10,0.5,0.0,20062.723,200627.23,0.5,0.5,5,5,0.2665364653613285,93.32108146532121,0.0,1.0,2024-11-05,Greed,70,Greed
2024-11-06,0x2c229d22b100a7beb69122eed721cee9b24011dd,-3.41119,3,0.0,0.6666666666666666,666.84,2000.52,0.3333333333333333,0.6666666666666666,1,2,334.38950361122437,1.5821842320138744,-3.41119,0.6666666666666666,2024-11-06,Greed,70,Greed
2024-11-06,0x4f93fead39b70a1824f981a54d4e55b278e9f760,2821.24842,12,0.5833333333333334,0.0,10158.865,121906.38,0.4166666666666667,0.5833333333333334,5,7,547.2942395042949,330.85027844496074,0.0,0.75,2024-11-06,Greed,70,Greed
2024-11-07,0x3f9a0aadc7f04a7c9d75dc1b5a6ddd6e36486cf6,503.46257599999996,16,0.6875,0.0,1929.28125,30868.5,0.3125,0.6875,5,11,12.156919446923961,66.73110405136819,0.0,0.5,2024-11-07,Extreme Greed,77,Greed
2024-11-07,0x4f93fead39b70a1824f981a54d4e55b278e9f760,628.96246,2,0.5,0.0,30314.425,60628.85,0.5,0.5,1,1,15000.469983734523,444.7436205777726,0.0,1.0,2024-11-07,Extreme Greed,77,Greed
2024-11-07,0xa520ded057a32086c40e7dd6ed4eb8efb82c00e0,3360.9281,95,0.5052631578947369,0.0,208.8205263157895,19837.95,0.49473684210526314,0.5052631578947369,47,48,15.92626359992257,96.39975325995191,0.0,0.9795918367346939,2024-11-07,Extreme Greed,77,Greed
2024-11-08,0x2c229d22b100a7beb69122eed721cee9b24011dd,-710.786946,15,0.0,0.6666666666666666,2003.9206666666666,30058.81,0.3333333333333333,0.6666666666666666,5,10,35.267864493636246,56.781646372848705,-710.786946,0.5454545454545454,2024-11-08,Extreme Greed,75,Greed
2024-11-08,0x4f93fead39b70a1824f981a54d4e55b278e9f760,646.3734049999999,24,0.25,0.0,10026.734583333333,240641.63,0.75,0.25,18,6,653.2288679660406,66.94438927907437,0.0,2.7142857142857144,2024-11-08,Extreme Greed,75,Greed
2024-11-09,0x4f93fead39b70a1824f981a54d4e55b278e9f760,0.0,9,0.0,0.0,16666.712222222224,150000.41,1.0,0.0,9,0,437.95297852911403,0.0,0.0,10.0,2024-11-09,Extreme Greed,75,Greed
2024-11-09,0x8477e447846c758f5a675856001ea72298fd9cb5,102.90894,77,0.24675324675324675,0.3246753246753247,563.4285714285714,43384.0,0.5714285714285714,0.42857142857142855,44,33,58.55811554788337,3.0464758005297154,0.0,1.3235294117647058,2024-11-09,Extreme Greed,75,Greed
2024-11-10,0x3f9a0aadc7f04a7c9d75dc1b5a6ddd6e36486cf6,0.0,1,0.0,0.0,9836.88,9836.88,1.0,0.0,1,0,9836.88,0.0,0.0,2.0,2024-11-10,Extreme Greed,78,Greed
2024-11-10,0x4f93fead39b70a1824f981a54d4e55b278e9f760,548.36595,8,0.75,0.0,22568.36875,180546.95,0.25,0.75,2,6,1239.234102996521,75.72922856971596,0.0,0.42857142857142855,2024-11-10,Extreme Greed,78,Greed
2024-11-10,0x8477e447846c758f5a675856001ea72298fd9cb5,442.748384,164,0.27439024390243905,0.0,1361.297987804878,223252.87,0.27439024390243905,0.725609756097561,45,119,131.0960658922551,9.13575395040686,0.0,0.38333333333333336,2024-11-10,Extreme Greed,78,Greed
2024-11-11,0x083384f897ee0f19899168e3b1bec365f52a9012,0.0,177,0.0,0.0,5089.718248587571,900880.13,0.0,1.0,0,177,13.005950618396604,0.0,0.0,0.0056179775280898875,2024-11-11,Extreme Greed,76,Greed
2024-11-11,0x3f9a0aadc7f04a7c9d75dc1b5a6ddd6e36486cf6,393.07947,4,1.0,0.0,2557.49,10229.96,0.0,1.0,0,4,0.4145662582627094,118.64225735268789,0.0,0.2,2024-11-11,Extreme Greed,76,Greed
2024-11-11,0x4f93fead39b70a1824f981a54d4e55b278e9f760,1479.677222,20,0.45,0.0,16571.107,331422.14,0.55,0.45,11,9,81.00574438149701,133.63115006615766,0.0,1.2,2024-11-11,Extreme Greed,76,Greed
2024-11-11,0x8477e447846c758f5a675856001ea72298fd9cb5,4876.874304,172,0.45930232558139533,0.023255813953488372,1907.2104069767443,328040.19,0.48255813953488375,0.5174418604651163,83,89,204.15889884282296,69.83803660630717,0.0,0.9333333333333333,2024-11-11,Extreme Greed,76,Greed
2024-11-12,0x39cef799f8b69da1995852eea189df24eb5cae3c,0.0,2,0.0,0.0,5195.3,10390.6,1.0,0.0,2,0,4190.369905750417,0.0,0.0,3.0,2024-11-12,Extreme Greed,80,Greed
2024-11-12,0x3f9a0aadc7f04a7c9d75dc1b5a6ddd6e36486cf6,0.0,4,0.0,0.0,1319.1399999999999,5276.5599999999995,1.0,0.0,4,0,79.45774659976576,0.0,0.0,5.0,2024-11-12,Extreme Greed,80,Greed
2024-11-12,0x4f93fead39b70a1824f981a54d4e55b278e9f760,2053.119744,74,0.16216216216216217,0.0,14354.293783783784,1062217.74,0.8378378378378378,0.16216216216216217,62,12,1099.4397633508474,103.2684853494277,0.0,4.846153846153846,2024-11-12,Extreme Greed,80,Greed
2024-11-12,0x8477e447846c758f5a675856001ea72298fd9cb5,1441.27965,91,0.24175824175824176,0.08791208791208792,1631.5342857142857,148469.62,0.32967032967032966,0.6703296703296703,30,61,91.18099304382817,60.17079192348228,0.0,0.5,2024-11-12,Extreme Greed,80,Greed
2024-11-13,0x2c229d22b100a7beb69122eed721cee9b24011dd,-17.60528,10,0.2,0.5,582.841,5828.41,0.3,0.7,3,7,97.7422146700916,6.903021915405842,-17.60528,0.5,2024-11-13,Extreme Greed,84,Greed
2024-11-13,0x3f9a0aadc7f04a7c9d75dc1b5a6ddd6e36486cf6,135.09947,8,0.875,0.0,1860.1075,14880.86,0.125,0.875,1,7,0.4456399532423809,7.988785271874097,0.0,0.25,2024-11-13,Extreme Greed,84,Greed
2024-11-13,0x4f93fead39b70a1824f981a54d4e55b278e9f760,7680.907897,25,0.64,0.0,19512.4728,487811.82,0.36,0.64,9,16,58.22794425690991,454.5669545037602,0.0,0.5882352941176471,2024-11-13,Extreme Greed,84,Greed
2024-11-13,0x8477e447846c758f5a675856001ea72298fd9cb5,48.000187,4,0.5,0.0,1653.81,6615.24,0.5,0.5,2,2,833.4046558053842,14.982695742053085,0.0,1.0,2024-11-13,Extreme Greed,84,Greed
2024-11-13,0xa520ded057a32086c40e7dd6ed4eb8efb82c00e0,0.0,1,0.0,0.0,200.04,200.04,1.0,0.0,1,0,200.04,0.0,0.0,2.0,2024-11-13,Extreme Greed,84,Greed
2024-11-14,0x2c229d22b100a7beb69122eed721cee9b24011dd,2215.402997,69,0.2028985507246377,0.0,1825.0886956521738,125931.12,0.7971014492753623,0.2028985507246377,55,14,19.11408630934005,89.57896406384732,0.0,3.7333333333333334,2024-11-14,Extreme Greed,88,Greed
2024-11-14,0x4f93fead39b70a1824f981a54d4e55b278e9f760,2348.106228,41,0.34146341463414637,0.0,21522.69975609756,882430.6900000001,0.6585365853658537,0.34146341463414637,27,14,1399.8254257160606,87.39348348931003,0.0,1.8666666666666667,2024-11-14,Extreme Greed,88,Greed
2024-11-15,0x2c229d22b100a7beb69122eed721cee9b24011dd,2137.203852,33,0.6666666666666666,0.0,1024.2048484848485,33798.76,0.3333333333333333,0.6666666666666666,11,22,37.424387316814546,93.22986863004495,0.0,0.5217391304347826,2024-11-15,Extreme Greed,80,Greed
2024-11-15,0x3f9a0aadc7f04a7c9d75dc1b5a6ddd6e36486cf6,0.0,35,0.0,0.0,930.75,32576.25,1.0,0.0,35,0,10.63613729337074,0.0,0.0,36.0,2024-11-15,Extreme Greed,80,Greed
2024-11-15,0x4f93fead39b70a1824f981a54d4e55b278e9f760,2003.536586,79,0.4177215189873418,0.0,17219.896202531647,1360371.8,0.569620253164557,0.43037974683544306,45,34,884.0138740423987,52.60025154729561,0.0,1.3142857142857143,2024-11-15,Extreme Greed,80,Greed
2024-11-15,0x8477e447846c758f5a675856001ea72298fd9cb5,0.0,2,0.0,0.0,555.8050000000001,1111.6100000000001,0.0,1.0,0,2,420.58590653367105,0.0,0.0,0.3333333333333333,2024-11-15,Extreme Greed,80,Greed
2024-11-16,0x28736f43f1e871e6aa8b1148d38d4994275d72c4,159.100072,93,0.17204301075268819,0.10752688172043011,373.7049462365591,34754.56,0.5268817204301075,0.4731182795698925,49,44,2.975508026881793,6.780094076536799,0.0,1.1111111111111112,2024-11-16,Extreme Greed,86,Greed
2024-11-16,0x2c229d22b100a7beb69122eed721cee9b24011dd,1484.528402,22,0.5909090909090909,0.0,1292.3377272727273,28431.43,0.4090909090909091,0.5909090909090909,9,13,5.7626857881756175,84.24675373333352,0.0,0.7142857142857143,2024-11-16,Extreme Greed,86,Greed
2024-11-16,0x4f93fead39b70a1824f981a54d4e55b278e9f760,255.14686999999998,12,0.5833333333333334,0.0,18322.8475,219874.16999999998,0.5833333333333334,0.4166666666666667,7,5,6667.129902780199,41.368659057302274,0.0,1.3333333333333333,2024-11-16,Extreme Greed,86,Greed
2024-11-16,0x8477e447846c758f5a675856001ea72298fd9cb5,870.746565,30,0.4,0.0,674.5303333333334,20235.91,0.4,0.6,12,18,0.1872665696076604,42.26493411648576,0.0,0.6842105263157895,2024-11-16,Extreme Greed,86,Greed
2024-11-17,0x083384f897ee0f19899168e3b1bec365f52a9012,0.0,68,0.0,0.0,7976.664411764705,542413.1799999999,0.0,1.0,0,68,146.80002999693164,0.0,0.0,0.014492753623188406,2024-11-17,Extreme Greed,90,Greed
2024-11-17,0x28736f43f1e871e6aa8b1148d38d4994275d72c4,161.289904,95,0.35789473684210527,0.10526315789473684,353.5228421052631,33584.67,0.47368421052631576,0.5263157894736842,45,50,5.713340647151699,6.753129743286976,0.0,0.9019607843137255,2024-11-17,Extreme Greed,90,Greed
2024-11-17,0x4f93fead39b70a1824f981a54d4e55b278e9f760,546.624374,26,0.3076923076923077,0.0,23861.476153846153,620398.38,0.6923076923076923,0.3076923076923077,18,8,3063.1828658289737,36.9726376716313,0.0,2.111111111111111,2024-11-17,Extreme Greed,90,Greed
2024-11-17,0x8477e447846c758f5a675856001ea72298fd9cb5,175.061007,20,0.35,0.15,979.567,19591.34,0.5,0.5,10,10,408.6031900624331,27.09286814561043,0.0,1.0,2024-11-17,Extreme Greed,90,Greed
2024-11-18,0x083384f897ee0f19899168e3b1bec365f52a9012,0.0,40,0.0,0.0,23734.5,949380.0,0.0,1.0,0,40,0.016621798286148962,0.0,0.0,0.024390243902439025,2024-11-18,Extreme Greed,83,Greed
2024-11-18,0x28736f43f1e871e6aa8b1148d38d4994275d72c4,147.410285,162,0.41358024691358025,0.16049382716049382,666.941975308642,108044.6,0.4382716049382716,0.5617283950617284,71,91,48.91671600886742,4.117402089632765,0.0,0.782608695652174,2024-11-18,Extreme Greed,83,Greed
2024-11-18,0x2c229d22b100a7beb69122eed721cee9b24011dd,-8.138354999999999,15,0.26666666666666666,0.26666666666666666,393.86333333333334,5907.95,0.4666666666666667,0.5333333333333333,7,8,3.077921012630181,3.292953551346312,-8.138354999999999,0.8888888888888888,2024-11-18,Extreme Greed,83,Greed
2024-11-18,0x3998f134d6aaa2b6a5f723806d00fd2bbbbce891,48.185146,6,0.3333333333333333,0.3333333333333333,116.12333333333333,696.74,0.16666666666666666,0.8333333333333334,1,5,0.4980040733742171,13.048888550004444,0.0,0.3333333333333333,2024-11-18,Extreme Greed,83,Greed
2024-11-18,0x4f93fead39b70a1824f981a54d4e55b278e9f760,3158.176614,35,0.42857142857142855,0.0,26917.316857142858,942106.09,0.5428571428571428,0.45714285714285713,19,16,858.6699864995203,255.05254724872353,0.0,1.1764705882352942,2024-11-18,Extreme Greed,83,Greed
2024-11-18,0x8477e447846c758f5a675856001ea72298fd9cb5,431.960709,79,0.34177215189873417,0.0,968.6977215189872,76527.12,0.34177215189873417,0.6582278481012658,27,52,303.751535232927,19.652748624779395,0.0,0.5283018867924528,2024-11-18,Extreme Greed,83,Greed
2024-11-18,0xa520ded057a32086c40e7dd6ed4eb8efb82c00e0,693.220788,9,1.0,0.0,186.3422222222222,1677.08,0.0,1.0,0,9,0.0023149279252907616,128.3319305681245,0.0,0.1,2024-11-18,Extreme Greed,83,Greed
2024-11-19,0x28736f43f1e871e6aa8b1148d38d4994275d72c4,233.36546,213,0.48826291079812206,0.07042253521126761,895.9638028169014,190840.29,0.539906103286385,0.460093896713615,115,98,13.30581737319687,6.7631669880422525,0.0,1.1717171717171717,2024-11-19,Extreme Greed,90,Greed
2024-11-19,0x3998f134d6aaa2b6a5f723806d00fd2bbbbce891,0.0,1,0.0,0.0,0.01,0.01,0.0,1.0,0,1,0.009857059834486313,0.0,0.0,0.5,2024-11-19,Extreme Greed,90,Greed
2024-11-19,0x3f9a0aadc7f04a7c9d75dc1b5a6ddd6e36486cf6,245.44495999999998,5,1.0,0.0,6564.348,32821.74,0.0,1.0,0,5,0.23574109896380108,86.74857085476147,0.0,0.16666666666666666,2024-11-19,Extreme Greed,90,Greed
2024-11-19,0x4f93fead39b70a1824f981a54d4e55b278e9f760,1573.210981,30,0.5,0.0,10658.076000000001,319742.28,0.5666666666666667,0.43333333333333335,17,13,1169.5168244215974,89.67238836292196,0.0,1.2857142857142858,2024-11-19,Extreme Greed,90,Greed
2024-11-19,0x8477e447846c758f5a675856001ea72298fd9cb5,906.2475900000001,56,0.4642857142857143,0.03571428571428571,1511.193392857143,84626.83,0.5,0.5,28,28,209.42033799351833,37.90773959667917,0.0,1.0,2024-11-19,Extreme Greed,90,Greed
2024-11-20,0x28736f43f1e871e6aa8b1148d38d4994275d72c4,-316.245208,407,0.3464373464373464,0.1891891891891892,2149.553218673219,874868.16,0.4619164619164619,0.538083538083538,188,219,240.78073898798084,10.989780222457963,-316.245208,0.8590909090909091,2024-11-20,Extreme Greed,83,Greed
2024-11-20,0x2c229d22b100a7beb69122eed721cee9b24011dd,2626.800865,76,0.631578947368421,0.02631578947368421,2627.9109210526312,199721.22999999998,0.34210526315789475,0.6578947368421053,26,50,390.4080281197737,49.01519853004079,0.0,0.5294117647058824,2024-11-20,Extreme Greed,83,Greed
2024-11-20,0x39cef799f8b69da1995852eea189df24eb5cae3c,-808.158708,2,0.0,0.5,10882.16,21764.32,0.5,0.5,1,1,6091.454947649133,571.454502701759,-808.158708,1.0,2024-11-20,Extreme Greed,83,Greed
2024-11-20,0x4f93fead39b70a1824f981a54d4e55b278e9f760,2259.775633,33,0.48484848484848486,0.0,25402.638787878786,838287.08,0.45454545454545453,0.5454545454545454,15,18,1683.4105021636642,127.0025063532672,0.0,0.8421052631578947,2024-11-20,Extreme Greed,83,Greed
2024-11-20,0x8477e447846c758f5a675856001ea72298fd9cb5,447.920315,32,0.4375,0.0,2027.2915625,64873.33,0.4375,0.5625,14,18,519.8738512144538,22.00820155696063,0.0,0.7894736842105263,2024-11-20,Extreme Greed,83,Greed
2024-11-21,0x28736f43f1e871e6aa8b1148d38d4994275d72c4,780.001314,446,0.34977578475336324,0.17713004484304934,729.007130044843,325137.18,0.5,0.5,223,223,65.07061892433093,8.621927489264287,0.0,1.0,2024-11-21,Extreme Greed,82,Greed
2024-11-21,0x2c229d22b100a7beb69122eed721cee9b24011dd,-0.15074600000000027,22,0.18181818181818182,0.5,1508.5563636363636,33188.24,0.3181818181818182,0.6818181818181818,7,15,490.99809530750537,1.5667395093148642,-0.15074600000000027,0.5,2024-11-21,Extreme Greed,82,Greed
2024-11-21,0x4f93fead39b70a1824f981a54d4e55b278e9f760,909.745283,9,0.4444444444444444,0.0,17786.91,160082.19,0.5555555555555556,0.4444444444444444,5,4,4444.156126992955,142.80259320363695,0.0,1.2,2024-11-21,Extreme Greed,82,Greed
2024-11-21,0x8477e447846c758f5a675856001ea72298fd9cb5,0.0,57,0.0,0.0,1398.0726315789473,79690.14,0.0,1.0,0,57,42.11000402466112,0.0,0.0,0.017241379310344827,2024-11-21,Extreme Greed,82,Greed
2024-11-21,0xa520ded057a32086c40e7dd6ed4eb8efb82c00e0,2.83504,1,1.0,0.0,202.87,202.87,0.0,1.0,0,1,0.995093302689018,0.0,0.0,0.5,2024-11-21,Extreme Greed,82,Greed
2024-11-22,0x083384f897ee0f19899168e3b1bec365f52a9012,-21227.0,12,0.0,1.0,28186.666666666668,338240.0,1.0,0.0,12,0,0.013085098489944004,1526.1783793454342,-21227.0,13.0,2024-11-22,Extreme Greed,94,Greed
2024-11-22,0x28736f43f1e871e6aa8b1148d38d4994275d72c4,141.21958999999998,433,0.3117782909930716,0.21709006928406466,422.0099076212471,182730.29,0.48036951501154734,0.5196304849884527,208,225,16.26083418679342,4.417601884105496,0.0,0.9247787610619469,2024-11-22,Extreme Greed,94,Greed
2024-11-22,0x2c229d22b100a7beb69122eed721cee9b24011dd,-260.909686,57,0.05263157894736842,0.49122807017543857,7077.548245614035,403420.25,0.45614035087719296,0.543859649122807,26,31,602.0696684828011,12.046205496511128,-260.909686,0.84375,2024-11-22,Extreme Greed,94,Greed
2024-11-22,0x3f9a0aadc7f04a7c9d75dc1b5a6ddd6e36486cf6,1050.894,22,0.3181818181818182,0.0,2990.737727272727,65796.23,0.6818181818181818,0.3181818181818182,15,7,411.56282356874306,92.35236736074609,0.0,2.0,2024-11-22,Extreme Greed,94,Greed
2024-11-22,0x4f93fead39b70a1824f981a54d4e55b278e9f760,1825.01255,18,0.6666666666666666,0.0,16769.490555555556,301850.83,0.3333333333333333,0.6666666666666666,6,12,1615.4844084906215,134.29105194014133,0.0,0.5384615384615384,2024-11-22,Extreme Greed,94,Greed
2024-11-22,0x8477e447846c758f5a675856001ea72298fd9cb5,365.437929,137,0.3795620437956204,0.06569343065693431,2588.8760583941607,354676.02,0.43795620437956206,0.5620437956204379,60,77,18.788118239029004,8.990187666093327,0.0,0.782051282051282,2024-11-22,Extreme Greed,94,Greed
2024-11-23,0x28736f43f1e871e6aa8b1148d38d4994275d72c4,673.6312,156,0.40384615384615385,0.08974358974358974,333.45923076923077,52019.64,0.48717948717948717,0.5128205128205128,76,80,3.1765991333522443,10.987718995090386,0.0,0.9506172839506173,2024-11-23,Extreme Greed,93,Greed
2024-11-23,0x3f9a0aadc7f04a7c9d75dc1b5a6ddd6e36486cf6,788.45072,7,1.0,0.0,3091.247142857143,21638.73,0.0,1.0,0,7,0.3598270045375293,93.8451928208,0.0,0.125,2024-11-23,Extreme Greed,93,Greed
2024-11-23,0x4f93fead39b70a1824f981a54d4e55b278e9f760,0.0,9,0.0,0.0,6667.414444444444,60006.729999999996,1.0,0.0,9,0,960.7378632103605,0.0,0.0,10.0,2024-11-23,Extreme Greed,93,Greed
2024-11-23,0x8477e447846c758f5a675856001ea72298fd9cb5,1439.449718,191,0.3036649214659686,0.03664921465968586,2003.0396858638744,382580.58,0.3403141361256545,0.6596858638743456,65,126,64.89728806718406,22.04804459314032,0.0,0.5196850393700787,2024-11-23,Extreme Greed,93,Greed
2024-11-24,0x28736f43f1e871e6aa8b1148d38d4994275d72c4,108.321127,69,0.42028985507246375,0.08695652173913043,200.7391304347826,13851.0,0.782608695652174,0.21739130434782608,54,15,33.22328183482137,2.737019758982232,0.0,3.4375,2024-11-24,Extreme Greed,80,Greed
2024-11-24,0x4f93fead39b70a1824f981a54d4e55b278e9f760,445.338356,33,0.15151515151515152,0.0,15770.984848484848,520442.5,0.8484848484848485,0.15151515151515152,28,5,1078.800225120867,42.88275921523231,0.0,4.833333333333333,2024-11-24,Extreme Greed,80,Greed
2024-11-24,0x8477e447846c758f5a675856001ea72298fd9cb5,391.890903,70,0.17142857142857143,0.12857142857142856,1866.554,130658.78,0.3,0.7,21,49,179.63082107530605,23.42950846765318,0.0,0.44,2024-11-24,Extreme Greed,80,Greed
2024-11-25,0x28736f43f1e871e6aa8b1148d38d4994275d72c4,464.281002,225,0.4222222222222222,0.19555555555555557,324.3673333333333,72982.65,0.4711111111111111,0.5288888888888889,106,119,12.950083611694737,10.031006223383002,0.0,0.8916666666666667,2024-11-25,Extreme Greed,82,Greed
2024-11-25,0x4f93fead39b70a1824f981a54d4e55b278e9f760,5059.459732,30,0.3333333333333333,0.0,28814.273999999998,864428.22,0.6666666666666666,0.3333333333333333,20,10,666.9339322396974,370.36774627339406,0.0,1.9090909090909092,2024-11-25,Extreme Greed,82,Greed
2024-11-26,0x083384f897ee0f19899168e3b1bec365f52a9012,1603.1,27,0.4444444444444444,0.0,17248.14814814815,465700.0,0.4444444444444444,0.5555555555555556,12,15,432.5934772652245,172.31681367375162,0.0,0.8125,2024-11-26,Extreme Greed,79,Greed
2024-11-26,0x28736f43f1e871e6aa8b1148d38d4994275d72c4,-508.290641,217,0.35023041474654376,0.18433179723502305,1012.5778341013826,219729.39,0.5852534562211982,0.4147465437788018,127,90,148.2494911018169,17.201970801420483,-508.290641,1.4065934065934067,2024-11-26,Extreme Greed,79,Greed
2024-11-26,0x3f9a0aadc7f04a7c9d75dc1b5a6ddd6e36486cf6,0.0,36,0.0,0.0,1012.4008333333334,36446.43,1.0,0.0,36,0,20.207073643669602,0.0,0.0,37.0,2024-11-26,Extreme Greed,79,Greed
2024-11-26,0x4f93fead39b70a1824f981a54d4e55b278e9f760,0.0,22,0.0,0.0,19319.39181818182,425026.62,1.0,0.0,22,0,0.027545842827449315,0.0,0.0,23.0,2024-11-26,Extreme Greed,79,Greed
2024-11-27,0x28736f43f1e871e6aa8b1148d38d4994275d72c4,193.66415899999998,169,0.4378698224852071,0.11242603550295859,1110.83224852071,187730.65,0.40828402366863903,0.591715976331361,69,100,39.91196342414514,20.8955233262667,0.0,0.693069306930693,2024-11-27,Extreme Greed,75,Greed
2024-11-27,0x4f93fead39b70a1824f981a54d4e55b278e9f760,-2848.159792,44,0.0,0.8409090909090909,28557.08818181818,1256511.88,0.06818181818181818,0.9318181818181818,3,41,454.63735657464383,101.68942019838775,-2848.159792,0.09523809523809523,2024-11-27,Extreme Greed,75,Greed
2024-11-28,0x083384f897ee0f19899168e3b1bec365f52a9012,-132271.0,82,0.0,1.0,16058.536341463414,1316799.98,1.0,0.0,82,0,0.054091228581025406,2491.5845458943427,-132271.0,83.0,2024-11-28,Extreme Greed,77,Greed
2024-11-28,0x28736f43f1e871e6aa8b1148d38d4994275d72c4,165.532644,207,0.37681159420289856,0.178743961352657,946.0768115942029,195837.9,0.5603864734299517,0.4396135265700483,116,91,5.284497328184491,5.858901507890781,0.0,1.2717391304347827,2024-11-28,Extreme Greed,77,Greed
2024-11-28,0x3f9a0aadc7f04a7c9d75dc1b5a6ddd6e36486cf6,3855.7522,25,1.0,0.0,1612.0868,40302.17,0.0,1.0,0,25,0.08549241660561518,216.68960636931106,0.0,0.038461538461538464,2024-11-28,Extreme Greed,77,Greed
2024-11-28,0x4f93fead39b70a1824f981a54d4e55b278e9f760,1174.315571,12,0.5,0.0,28232.108333333334,338785.3,0.75,0.25,9,3,1666.9342731017296,164.09380345703568,0.0,2.5,2024-11-28,Extreme Greed,77,Greed
2024-11-28,0x8477e447846c758f5a675856001ea72298fd9cb5,0.0,6,0.0,0.0,416.6333333333334,2499.8,0.0,1.0,0,6,83.7119791358944,0.0,0.0,0.14285714285714285,2024-11-28,Extreme Greed,77,Greed
2024-11-29,0x271b280974205ca63b716753467d5a371de622ab,1584.342755,1,1.0,0.0,1584.35,1584.35,0.0,1.0,0,1,0.9993714307881588,0.0,0.0,0.5,2024-11-29,Extreme Greed,78,Greed
2024-11-29,0x28736f43f1e871e6aa8b1148d38d4994275d72c4,9551.73423,206,0.44660194174757284,0.07766990291262135,388.948786407767,80123.45,0.4223300970873786,0.5776699029126213,87,119,3.6068362722949607,211.1341232266989,0.0,0.7333333333333333,2024-11-29,Extreme Greed,78,Greed
2024-11-29,0x2c229d22b100a7beb69122eed721cee9b24011dd,31.04129,10,0.9,0.0,525.317,5253.17,0.1,0.9,1,9,261.5527798064851,2.69571788018805,0.0,0.2,2024-11-29,Extreme Greed,78,Greed
2024-11-29,0x3998f134d6aaa2b6a5f723806d00fd2bbbbce891,17511.326788,56,0.6428571428571429,0.017857142857142856,1817.6805357142857,101790.11,0.30357142857142855,0.6964285714285714,17,39,0.11349772895245729,947.7290692570538,0.0,0.45,2024-11-29,Extreme Greed,78,Greed
2024-11-29,0x3f9a0aadc7f04a7c9d75dc1b5a6ddd6e36486cf6,0.0,10,0.0,0.0,13325.11,133251.1,1.0,0.0,10,0,82.20987014257564,0.0,0.0,11.0,2024-11-29,Extreme Greed,78,Greed
2024-11-29,0x430f09841d65beb3f27765503d0f850b8bce7713,124284.948775,15,1.0,0.0,8285.689333333334,124285.34,0.0,1.0,0,15,0.21119755662830741,9492.439479325501,0.0,0.0625,2024-11-29,Extreme Greed,78,Greed
2024-11-29,0x4f93fead39b70a1824f981a54d4e55b278e9f760,610.52512,7,0.14285714285714285,0.0,25798.085714285717,180586.6,0.0,1.0,0,7,2857.676112943929,230.7568052396952,0.0,0.125,2024-11-29,Extreme Greed,78,Greed
2024-11-29,0x72c6a4624e1dffa724e6d00d64ceae698af892a0,573.585288,1,1.0,0.0,573.59,573.59,0.0,1.0,0,1,0.9982648406594651,0.0,0.0,0.5,2024-11-29,Extreme Greed,78,Greed
2024-11-29,0x8381e6d82f1affd39a336e143e081ef7620a3b7f,0.0,3,0.0,0.0,668.3,2004.8999999999999,1.0,0.0,3,0,259.65535035392037,0.0,0.0,4.0,2024-11-29,Extreme Greed,78,Greed
2024-11-29,0x8477e447846c758f5a675856001ea72298fd9cb5,22697.489906,63,0.5873015873015873,0.0,695.2509523809523,43800.81,0.14285714285714285,0.8571428571428571,9,54,78.41894988225813,537.737278618993,0.0,0.18181818181818182,2024-11-29,Extreme Greed,78,Greed
2024-11-29,0xa520ded057a32086c40e7dd6ed4eb8efb82c00e0,0.0,21,0.0,0.0,5762.356666666667,121009.49,1.0,0.0,21,0,0.06457256535539303,0.0,0.0,22.0,2024-11-29,Extreme Greed,78,Greed
2024-11-30,0x083384f897ee0f19899168e3b1bec365f52a9012,0.0,23,0.0,0.0,48561.68565217392,1116918.77,0.0,1.0,0,23,0.03394267191734993,0.0,0.0,0.041666666666666664,2024-11-30,Extreme Greed,84,Greed
2024-11-30,0x23e7a7f8d14b550961925fbfdaa92f5d195ba5bd,11715.94323,55,0.8363636363636363,0.0,2469.9509090909087,135847.3,0.14545454545454545,0.8545454545454545,8,47,8.071319661770126,330.60821813251624,0.0,0.1875,2024-11-30,Extreme Greed,84,Greed
2024-11-30,0x28736f43f1e871e6aa8b1148d38d4994275d72c4,5590.528248,154,0.461038961038961,0.1038961038961039,315.52253246753247,48590.47,0.38961038961038963,0.6103896103896104,60,94,2.8240092117964943,128.21920928129296,0.0,0.6421052631578947,2024-11-30,Extreme Greed,84,Greed
2024-11-30,0x2c229d22b100a7beb69122eed721cee9b24011dd,59.744873999999996,6,0.3333333333333333,0.0,6943.03,41658.18,0.6666666666666666,0.3333333333333333,4,2,90.28427714712734,17.968437927302094,0.0,1.6666666666666667,2024-11-30,Extreme Greed,84,Greed
2024-11-30,0x3998f134d6aaa2b6a5f723806d00fd2bbbbce891,19050.661786,39,0.6923076923076923,0.0,2556.5420512820515,99705.14,0.1794871794871795,0.8205128205128205,7,32,0.12720972411497647,777.6755846437381,0.0,0.24242424242424243,2024-11-30,Extreme Greed,84,Greed
2024-11-30,0x47add9a56df66b524d5e2c1993a43cde53b6ed85,8.570313,8,0.125,0.0,249.58375,1996.67,0.875,0.125,7,1,21.042766615693637,3.030063219595612,0.0,4.0,2024-11-30,Extreme Greed,84,Greed
2024-11-30,0x4f93fead39b70a1824f981a54d4e55b278e9f760,850.54514,12,0.4166666666666667,0.0,19926.774999999998,239121.3,1.0,0.0,12,0,1666.8133210063895,123.74482153188491,0.0,13.0,2024-11-30,Extreme Greed,84,Greed
2024-11-30,0x8477e447846c758f5a675856001ea72298fd9cb5,40.699929,76,0.06578947368421052,0.0,636.261447368421,48355.87,0.06578947368421052,0.9342105263157895,5,71,12.01728206291155,2.344227874589544,0.0,0.08333333333333333,2024-11-30,Extreme Greed,84,Greed
2024-12-01,0x23e7a7f8d14b550961925fbfdaa92f5d195ba5bd,0.0,1,0.0,0.0,0.06,0.06,0.0,1.0,0,1,0.05646892042448042,0.0,0.0,0.5,2024-12-01,Extreme Greed,81,Greed
2024-12-01,0x28736f43f1e871e6aa8b1148d38d4994275d72c4,4458.25495,193,0.5025906735751295,0.05699481865284974,247.12725388601035,47695.56,0.34196891191709844,0.6580310880829016,66,127,3.545704462083354,59.690568486219505,0.0,0.5234375,2024-12-01,Extreme Greed,81,Greed
2024-12-01,0x3998f134d6aaa2b6a5f723806d00fd2bbbbce891,13.566929,3,0.6666666666666666,0.0,11.366666666666667,34.1,0.3333333333333333,0.6666666666666666,1,2,0.3725395504744295,7.649800116857454,0.0,0.6666666666666666,2024-12-01,Extreme Greed,81,Greed
2024-12-01,0x39cef799f8b69da1995852eea189df24eb5cae3c,0.0,1,0.0,0.0,199.81,199.81,0.0,1.0,0,1,199.81,0.0,0.0,0.5,2024-12-01,Extreme Greed,81,Greed
2024-12-01,0x47add9a56df66b524d5e2c1993a43cde53b6ed85,197.422418,4,0.5,0.0,358.71500000000003,1434.8600000000001,0.5,0.5,2,2,0.2048479986484958,62.94127538467624,0.0,1.0,2024-12-01,Extreme Greed,81,Greed
2024-12-01,0x4f93fead39b70a1824f981a54d4e55b278e9f760,337.835516,27,0.5925925925925926,0.0,22229.845925925925,600205.84,0.18518518518518517,0.8148148148148148,5,22,717.8116350231031,19.667557915336555,0.0,0.2608695652173913,2024-12-01,Extreme Greed,81,Greed
2024-12-01,0x8381e6d82f1affd39a336e143e081ef7620a3b7f,0.0,3,0.0,0.0,999.5866666666667,2998.76,1.0,0.0,3,0,413.121485344366,0.0,0.0,4.0,2024-12-01,Extreme Greed,81,Greed
2024-12-01,0x8477e447846c758f5a675856001ea72298fd9cb5,1169.432253,123,0.44715447154471544,0.0,893.489918699187,109899.26,0.44715447154471544,0.5528455284552846,55,68,30.907034834721582,16.380152629591976,0.0,0.8115942028985508,2024-12-01,Extreme Greed,81,Greed
2024-12-01,0xa520ded057a32086c40e7dd6ed4eb8efb82c00e0,34709.852428,61,0.8032786885245902,0.0,856.4519672131147,52243.57,0.19672131147540983,0.8032786885245902,12,49,0.012121187426997691,716.7451268235432,0.0,0.26,2024-12-01,Extreme Greed,81,Greed
2024-12-02,0x28736f43f1e871e6aa8b1148d38d4994275d72c4,1283.846047,140,0.5214285714285715,0.014285714285714285,140.36935714285713,19651.71,0.5,0.5,70,70,20.110685858135835,25.57531452202374,0.0,1.0,2024-12-02,Extreme Greed,80,Greed
2024-12-02,0x2c229d22b100a7beb69122eed721cee9b24011dd,16196.864846,53,0.5660377358490566,0.0,2348.7403773584906,124483.23999999999,0.4339622641509434,0.5660377358490566,23,30,42.25671668229432,817.5365852290187,0.0,0.7741935483870968,2024-12-02,Extreme Greed,80,Greed
2024-12-02,0x3998f134d6aaa2b6a5f723806d00fd2bbbbce891,0.0,1,0.0,0.0,0.0,0.0,0.0,1.0,0,1,0.0,0.0,0.0,0.5,2024-12-02,Extreme Greed,80,Greed
2024-12-02,0x3f9a0aadc7f04a7c9d75dc1b5a6ddd6e36486cf6,0.0,1,0.0,0.0,46692.72,46692.72,1.0,0.0,1,0,0.1960918021145102,0.0,0.0,2.0,2024-12-02,Extreme Greed,80,Greed
2024-12-02,0x4f93fead39b70a1824f981a54d4e55b278e9f760,754.7378,17,0.35294117647058826,0.0,17691.249411764704,300751.24,0.6470588235294118,0.35294117647058826,11,6,1952.4434945045573,107.3715922264779,0.0,1.7142857142857142,2024-12-02,Extreme Greed,80,Greed
2024-12-02,0x8381e6d82f1affd39a336e143e081ef7620a3b7f,0.0,6,0.0,0.0,340.65333333333336,2043.92,1.0,0.0,6,0,76.65156567645947,0.0,0.0,7.0,2024-12-02,Extreme Greed,80,Greed
2024-12-02,0x8477e447846c758f5a675856001ea72298fd9cb5,254.15562,8,0.125,0.0,1667.92875,13343.43,0.125,0.875,1,7,121.54833355534704,89.85758118933565,0.0,0.25,2024-12-02,Extreme Greed,80,Greed
2024-12-02,0xae5eacaf9c6b9111fd53034a602c192a04e082ed,0.0,44,0.0,0.0,1779.0295454545455,78277.3,1.0,0.0,44,0,178.97586046863168,0.0,0.0,45.0,2024-12-02,Extreme Greed,80,Greed
2024-12-03,0x28736f43f1e871e6aa8b1148d38d4994275d72c4,1190.358719,78,0.47435897435897434,0.0,92.37217948717948,7205.03,0.358974358974359,0.6410256410256411,28,50,13.900107014649699,34.95617025667449,0.0,0.5686274509803921,2024-12-03,Extreme Greed,76,Greed
2024-12-03,0x2c229d22b100a7beb69122eed721cee9b24011dd,121.535562,59,0.23728813559322035,0.2033898305084746,1685.5867796610169,99449.62,0.559322033898305,0.4406779661016949,33,26,7.218213324856296,13.14947460229582,0.0,1.2592592592592593,2024-12-03,Extreme Greed,76,Greed
2024-12-03,0x39cef799f8b69da1995852eea189df24eb5cae3c,0.0,1,0.0,0.0,209.94,209.94,0.0,1.0,0,1,1.0837015702471318,0.0,0.0,0.5,2024-12-03,Extreme Greed,76,Greed
2024-12-03,0x47add9a56df66b524d5e2c1993a43cde53b6ed85,30.727222,42,0.023809523809523808,0.0,330.0188095238095,13860.79,0.6190476190476191,0.38095238095238093,26,16,41.994863940676495,4.741313289628889,0.0,1.588235294117647,2024-12-03,Extreme Greed,76,Greed
2024-12-03,0x4f93fead39b70a1824f981a54d4e55b278e9f760,1467.1002210000001,9,0.4444444444444444,0.0,31374.63555555556,282371.72000000003,0.5555555555555556,0.4444444444444444,5,4,4545.815076460586,276.69808990973195,0.0,1.2,2024-12-03,Extreme Greed,76,Greed
2024-12-03,0x8477e447846c758f5a675856001ea72298fd9cb5,-158.695661,6,0.0,0.6666666666666666,2708.735,16252.410000000002,0.6666666666666666,0.3333333333333333,4,2,331.5973201079463,43.893801720166344,-158.695661,1.6666666666666667,2024-12-03,Extreme Greed,76,Greed
2024-12-03,0xa520ded057a32086c40e7dd6ed4eb8efb82c00e0,0.0,34,0.0,0.0,2941.1758823529412,99999.98,1.0,0.0,34,0,0.004845698325403765,0.0,0.0,35.0,2024-12-03,Extreme Greed,76,Greed
2024-12-03,0xae5eacaf9c6b9111fd53034a602c192a04e082ed,20925.513222,145,0.7241379310344828,0.0,3898.738206896552,565317.04,0.27586206896551724,0.7241379310344828,40,105,12.22951715608076,343.9884966698537,0.0,0.3867924528301887,2024-12-03,Extreme Greed,76,Greed
2024-12-04,0x28736f43f1e871e6aa8b1148d38d4994275d72c4,9066.169646,112,0.5357142857142857,0.008928571428571428,165.78285714285715,18567.68,0.26785714285714285,0.7321428571428571,30,82,4.618242002304145,194.0619614646813,0.0,0.37349397590361444,2024-12-04,Extreme Greed,78,Greed
2024-12-04,0x2c229d22b100a7beb69122eed721cee9b24011dd,7591.307059,37,0.6756756756756757,0.0,3426.9959459459456,126798.84999999999,0.32432432432432434,0.6756756756756757,12,25,189.6695740428613,620.4152405150364,0.0,0.5,2024-12-04,Extreme Greed,78,Greed
2024-12-04,0x47add9a56df66b524d5e2c1993a43cde53b6ed85,910.584797,102,0.13725490196078433,0.13725490196078433,795.8152941176471,81173.16,0.38235294117647056,0.6176470588235294,39,63,4.230154221841656,35.126014720096556,0.0,0.625,2024-12-04,Extreme Greed,78,Greed
2024-12-04,0x4f93fead39b70a1824f981a54d4e55b278e9f760,291.35271,13,0.23076923076923078,0.0,20080.955384615383,261052.41999999998,0.7692307692307693,0.23076923076923078,10,3,1644.2878890212794,48.69017599857926,0.0,2.75,2024-12-04,Extreme Greed,78,Greed
2024-12-04,0x8381e6d82f1affd39a336e143e081ef7620a3b7f,33.26141600000001,10,0.2,0.3,669.609,6696.09,0.5,0.5,5,5,0.33170234104427665,50.75141365282675,0.0,1.0,2024-12-04,Extreme Greed,78,Greed
2024-12-04,0xae5eacaf9c6b9111fd53034a602c192a04e082ed,0.0,1,0.0,0.0,0.1,0.1,0.0,1.0,0,1,0.09130084860419913,0.0,0.0,0.5,2024-12-04,Extreme Greed,78,Greed
2024-12-04,0xb1231a4a2dd02f2276fa3c5e2a2f3436e6bfed23,274999.139393,44,1.0,0.0,6249.985227272727,274999.35,0.0,1.0,0,44,0.0042403419776111725,9462.208491658586,0.0,0.022222222222222223,2024-12-04,Extreme Greed,78,Greed
2024-12-05,0x271b280974205ca63b716753467d5a371de622ab,208.81746,4,0.75,0.0,39530.9875,158123.95,0.75,0.25,3,1,19792.230017399506,61.50201732292121,0.0,2.0,2024-12-05,Extreme Greed,84,Greed
2024-12-05,0x28736f43f1e871e6aa8b1148d38d4994275d72c4,14685.787664,98,0.4897959183673469,0.0,259.2459183673469,25406.1,0.336734693877551,0.6632653061224489,33,65,1.6867323126227194,552.5462491949398,0.0,0.5151515151515151,2024-12-05,Extreme Greed,84,Greed
2024-12-05,0x2c229d22b100a7beb69122eed721cee9b24011dd,2069.92634,33,0.9090909090909091,0.0,890.1048484848485,29373.46,0.09090909090909091,0.9090909090909091,3,30,255.40241065373618,80.12375449323433,0.0,0.12903225806451613,2024-12-05,Extreme Greed,84,Greed
2024-12-05,0x39cef799f8b69da1995852eea189df24eb5cae3c,0.0,6,0.0,0.0,10238.081666666667,61428.49,1.0,0.0,6,0,23.247640868006485,0.0,0.0,7.0,2024-12-05,Extreme Greed,84,Greed
2024-12-05,0x47add9a56df66b524d5e2c1993a43cde53b6ed85,3174.023699,290,0.36551724137931035,0.041379310344827586,587.6594137931035,170421.23,0.5,0.5,145,145,26.300087463394075,40.69675703904683,0.0,1.0,2024-12-05,Extreme Greed,84,Greed
2024-12-05,0x4f93fead39b70a1824f981a54d4e55b278e9f760,1435.68724,19,0.10526315789473684,0.0,40074.16368421053,761409.11,0.0,1.0,0,19,791.4449863458675,326.3899069985332,0.0,0.05,2024-12-05,Extreme Greed,84,Greed
2024-12-05,0x8381e6d82f1affd39a336e143e081ef7620a3b7f,0.0,2,0.0,0.0,294.265,588.53,1.0,0.0,2,0,0.02637595245905111,0.0,0.0,3.0,2024-12-05,Extreme Greed,84,Greed
2024-12-05,0xb1231a4a2dd02f2276fa3c5e2a2f3436e6bfed23,49999.876084999996,4,1.0,0.0,12499.98,49999.92,0.0,1.0,0,4,0.00810471177928078,9059.751113224693,0.0,0.2,2024-12-05,Extreme Greed,84,Greed
2024-12-06,0x083384f897ee0f19899168e3b1bec365f52a9012,-175611.00005600002,33,0.0,1.0,36736.36242424243,1212299.96,1.0,0.0,33,0,0.0190954297759406,20673.809229281236,-175611.00005600002,34.0,2024-12-06,Greed,72,Greed
2024-12-06,0x23e7a7f8d14b550961925fbfdaa92f5d195ba5bd,0.0,34,0.0,0.0,1426.8700000000001,48513.58,1.0,0.0,34,0,4.192569679736586,0.0,0.0,35.0,2024-12-06,Greed,72,Greed
2024-12-06,0x28736f43f1e871e6aa8b1148d38d4994275d72c4,389.176232,69,0.2318840579710145,0.0,129.80536231884057,8956.57,0.391304347826087,0.6086956521739131,27,42,20.63288028607347,22.04096777008298,0.0,0.6511627906976745,2024-12-06,Greed,72,Greed
2024-12-06,0x2c229d22b100a7beb69122eed721cee9b24011dd,-123.870122,9,0.0,0.4444444444444444,2324.0444444444447,20916.4,0.5555555555555556,0.4444444444444444,5,4,7.7305998701511776,38.49212787863718,-123.870122,1.2,2024-12-06,Greed,72,Greed
2024-12-06,0x39cef799f8b69da1995852eea189df24eb5cae3c,0.0,20,0.0,0.0,1657.5529999999999,33151.06,0.25,0.75,5,15,0.2407344707748747,0.0,0.0,0.375,2024-12-06,Greed,72,Greed
2024-12-06,0x420ab45e0bd8863569a5efbb9c05d91f40624641,0.0,45,0.0,0.0,10673.925777777777,480326.66,0.0,1.0,0,45,1326.006655304266,0.0,0.0,0.021739130434782608,2024-12-06,Greed,72,Greed
2024-12-06,0x47add9a56df66b524d5e2c1993a43cde53b6ed85,514.886454,108,0.2962962962962963,0.05555555555555555,1009.2267592592593,108996.49,0.5648148148148148,0.4351851851851852,61,47,37.947797567745866,20.410968619664217,0.0,1.2916666666666667,2024-12-06,Greed,72,Greed
2024-12-06,0x4f93fead39b70a1824f981a54d4e55b278e9f760,7206.315268,59,0.3559322033898305,0.0,25128.245762711864,1482566.5,0.6610169491525424,0.3389830508474576,39,20,699.4413249248264,457.2392249766811,0.0,1.9047619047619047,2024-12-06,Greed,72,Greed
2024-12-06,0x8381e6d82f1affd39a336e143e081ef7620a3b7f,0.0,1,0.0,0.0,292.11,292.11,1.0,0.0,1,0,0.027127596698210365,0.0,0.0,2.0,2024-12-06,Greed,72,Greed
2024-12-06,0xb1231a4a2dd02f2276fa3c5e2a2f3436e6bfed23,74999.848329,25,1.0,0.0,2999.9956,74999.89,0.0,1.0,0,25,0.0020076156499597097,7248.002380548735,0.0,0.038461538461538464,2024-12-06,Greed,72,Greed
2024-12-07,0x23e7a7f8d14b550961925fbfdaa92f5d195ba5bd,3515.031065,26,0.9615384615384616,0.0,2001.101153846154,52028.630000000005,0.0,1.0,0,26,0.05575275165244273,453.1311388834703,0.0,0.037037037037037035,2024-12-07,Extreme Greed,75,Greed
2024-12-07,0x28736f43f1e871e6aa8b1148d38d4994275d72c4,4008.012049,86,0.4186046511627907,0.0,159.67825581395348,13732.33,0.23255813953488372,0.7674418604651163,20,66,0.13144627509833712,199.43547940815048,0.0,0.31343283582089554,2024-12-07,Extreme Greed,75,Greed
2024-12-07,0x47add9a56df66b524d5e2c1993a43cde53b6ed85,1040.616939,180,0.35,0.06111111111111111,580.1653888888889,104429.77,0.46111111111111114,0.5388888888888889,83,97,54.752045179177124,19.50445167328278,0.0,0.8571428571428571,2024-12-07,Extreme Greed,75,Greed
2024-12-07,0x4f93fead39b70a1824f981a54d4e55b278e9f760,2342.996384,4,1.0,0.0,49620.3625,198481.45,1.0,0.0,4,0,0.6374955747034795,452.54130052315776,0.0,5.0,2024-12-07,Extreme Greed,75,Greed
2024-12-07,0x8381e6d82f1affd39a336e143e081ef7620a3b7f,0.0,3,0.0,0.0,1021.2966666666667,3063.8900000000003,1.0,0.0,3,0,0.0763157631428073,0.0,0.0,4.0,2024-12-07,Extreme Greed,75,Greed
2024-12-07,0xb1231a4a2dd02f2276fa3c5e2a2f3436e6bfed23,74999.62263,5,0.6,0.0,15999.469999999998,79997.34999999999,0.0,1.0,0,5,915.986183071391,13692.99503961693,0.0,0.16666666666666666,2024-12-07,Extreme Greed,75,Greed
2024-12-08,0x28736f43f1e871e6aa8b1148d38d4994275d72c4,554.009942,102,0.4215686274509804,0.0,77.67176470588235,7922.52,0.30392156862745096,0.696078431372549,31,71,3.5384297990971927,16.532328859404245,0.0,0.4444444444444444,2024-12-08,Extreme Greed,79,Greed
2024-12-08,0x47add9a56df66b524d5e2c1993a43cde53b6ed85,227.072158,69,0.36231884057971014,0.028985507246376812,423.3769565217391,29213.01,0.4782608695652174,0.5217391304347826,33,36,12.221910993603395,7.941977691653922,0.0,0.918918918918919,2024-12-08,Extreme Greed,79,Greed
2024-12-08,0x4f93fead39b70a1824f981a54d4e55b278e9f760,0.0,7,0.0,0.0,8570.51857142857,59993.63,0.0,1.0,0,7,2857.3029004558707,0.0,0.0,0.125,2024-12-08,Extreme Greed,79,Greed
2024-12-08,0x8381e6d82f1affd39a336e143e081ef7620a3b7f,-21.54374,5,0.0,0.4,984.758,4923.79,0.6,0.4,3,2,263.3955168831554,8.216116114921332,-21.54374,1.3333333333333333,2024-12-08,Extreme Greed,79,Greed
2024-12-08,0xb1231a4a2dd02f2276fa3c5e2a2f3436e6bfed23,0.0,145,0.0,0.0,3572.0706206896552,517950.24,0.0,1.0,0,145,7.242614512983328,0.0,0.0,0.00684931506849315,2024-12-08,Extreme Greed,79,Greed
2024-12-08,0xbee1707d6b44d4d52bfe19e41f8a828645437aab,15206.395076,92,0.9130434782608695,0.0,3401.4840217391306,312936.53,0.16304347826086957,0.8369565217391305,15,77,0.02494014225933705,477.2767841585125,0.0,0.20512820512820512,2024-12-08,Extreme Greed,79,Greed
2024-12-09,0x23e7a7f8d14b550961925fbfdaa92f5d195ba5bd,0.0,46,0.0,0.0,1131.888695652174,52066.88,1.0,0.0,46,0,24.012721487392998,0.0,0.0,47.0,2024-12-09,Extreme Greed,78,Greed
2024-12-09,0x28736f43f1e871e6aa8b1148d38d4994275d72c4,768.430838,213,0.5915492957746479,0.014084507042253521,88.1318309859155,18772.08,0.7934272300469484,0.20657276995305165,169,44,0.13101018329283226,10.278075445542333,0.0,3.7777777777777777,2024-12-09,Extreme Greed,78,Greed
2024-12-09,0x39cef799f8b69da1995852eea189df24eb5cae3c,483.662076,8,1.0,0.0,603.1,4824.8,1.0,0.0,8,0,0.29439424043400775,41.79936189234761,0.0,9.0,2024-12-09,Extreme Greed,78,Greed
2024-12-09,0x47add9a56df66b524d5e2c1993a43cde53b6ed85,311.290605,55,0.34545454545454546,0.05454545454545454,399.53854545454544,21974.62,0.5818181818181818,0.41818181818181815,32,23,22.396795341188085,17.73776328038439,0.0,1.375,2024-12-09,Extreme Greed,78,Greed
2024-12-09,0x4f93fead39b70a1824f981a54d4e55b278e9f760,2350.499742,17,0.4117647058823529,0.0,21156.991764705883,359668.86,0.7647058823529411,0.23529411764705882,13,4,2765.4176456959563,290.95946130034304,0.0,2.8,2024-12-09,Extreme Greed,78,Greed
2024-12-09,0x513b8629fe877bb581bf244e326a047b249c4ff1,0.0,42,0.0,0.0,1682.2211904761903,70653.29,1.0,0.0,42,0,1.916317900794756,0.0,0.0,43.0,2024-12-09,Extreme Greed,78,Greed
2024-12-09,0x75f7eeb85dc639d5e99c78f95393aa9a5f1170d4,0.01574,7,0.42857142857142855,0.0,16.731428571428573,117.12,0.42857142857142855,0.5714285714285714,3,4,8.818426752994025,0.004554669503456237,0.0,0.8,2024-12-09,Extreme Greed,78,Greed
2024-12-09,0x8381e6d82f1affd39a336e143e081ef7620a3b7f,0.0,4,0.0,0.0,440.95,1763.8,1.0,0.0,4,0,0.025726926985128233,0.0,0.0,5.0,2024-12-09,Extreme Greed,78,Greed
2024-12-09,0xaf40fdc468c30116bd3307bcbf4a451a7ebf1deb,0.0,4,0.0,0.0,1968.8700000000001,7875.4800000000005,1.0,0.0,4,0,160.40203518792407,0.0,0.0,5.0,2024-12-09,Extreme Greed,78,Greed
2024-12-09,0xbee1707d6b44d4d52bfe19e41f8a828645437aab,2397.068675,143,0.06293706293706294,0.0,3120.5087412587413,446232.75,0.9370629370629371,0.06293706293706294,134,9,67.95288713303073,162.41854287574006,0.0,13.5,2024-12-09,Extreme Greed,78,Greed
2024-12-10,0x23e7a7f8d14b550961925fbfdaa92f5d195ba5bd,2517.787385,64,0.984375,0.0,852.88625,54584.72,0.0,1.0,0,64,0.07012764977907894,44.059822504299866,0.0,0.015384615384615385,2024-12-10,Extreme Greed,78,Greed
2024-12-10,0x28736f43f1e871e6aa8b1148d38d4994275d72c4,980.557461,157,0.6751592356687898,0.025477707006369428,119.62222929936306,18780.69,0.7452229299363057,0.25477707006369427,117,40,0.3449149441661667,10.658639132648302,0.0,2.8780487804878048,2024-12-10,Extreme Greed,78,Greed
2024-12-10,0x2c229d22b100a7beb69122eed721cee9b24011dd,130.883691,12,0.5833333333333334,0.0,1585.4033333333334,19024.84,0.4166666666666667,0.5833333333333334,5,7,63.40224924634722,14.530312333302733,0.0,0.75,2024-12-10,Extreme Greed,78,Greed
2024-12-10,0x39cef799f8b69da1995852eea189df24eb5cae3c,0.0,3,0.0,0.0,22522.036666666667,67566.11,1.0,0.0,3,0,0.2757410375540355,0.0,0.0,4.0,2024-12-10,Extreme Greed,78,Greed
2024-12-10,0x47add9a56df66b524d5e2c1993a43cde53b6ed85,1474.670598,182,0.36813186813186816,0.04945054945054945,512.06510989011,93195.85,0.5989010989010989,0.4010989010989011,109,73,41.447774928440516,21.081501494049345,0.0,1.4864864864864864,2024-12-10,Extreme Greed,78,Greed
2024-12-10,0x4f93fead39b70a1824f981a54d4e55b278e9f760,3986.312514,36,0.3333333333333333,0.0,19470.586944444443,700941.13,0.75,0.25,27,9,695.7300899410786,251.351981501002,0.0,2.8,2024-12-10,Extreme Greed,78,Greed
2024-12-10,0x75f7eeb85dc639d5e99c78f95393aa9a5f1170d4,3634.56814,153,0.9607843137254902,0.0,1401.238888888889,214389.55000000002,0.26143790849673204,0.738562091503268,40,113,704.5305108544624,72.69710999325201,0.0,0.35964912280701755,2024-12-10,Extreme Greed,78,Greed
2024-12-10,0x8381e6d82f1affd39a336e143e081ef7620a3b7f,0.0,1,0.0,0.0,587.97,587.97,1.0,0.0,1,0,0.034493662080800895,0.0,0.0,2.0,2024-12-10,Extreme Greed,78,Greed
2024-12-10,0xa520ded057a32086c40e7dd6ed4eb8efb82c00e0,0.0,8,0.0,0.0,13718.098750000001,109744.79000000001,1.0,0.0,8,0,0.013601047890714668,0.0,0.0,9.0,2024-12-10,Extreme Greed,78,Greed
2024-12-10,0xbd5fead7180a9c139fa51a103cb6a2ce86ddb5c3,0.0,52,0.0,0.0,2798.660769230769,145530.36,0.0,1.0,0,52,44.53752785555102,0.0,0.0,0.018867924528301886,2024-12-10,Extreme Greed,78,Greed
2024-12-10,0xbee1707d6b44d4d52bfe19e41f8a828645437aab,26600.990442,928,0.5765086206896551,0.18642241379310345,1859.9979202586208,1726078.07,0.23706896551724138,0.7629310344827587,220,708,0.003433897014371085,174.58165234690432,0.0,0.31170662905500707,2024-12-10,Extreme Greed,78,Greed
2024-12-11,0x28736f43f1e871e6aa8b1148d38d4994275d72c4,1582.001112,93,0.34408602150537637,0.08602150537634409,124.41204301075268,11570.32,0.17204301075268819,0.8279569892473119,16,77,6.829616375212115,65.43370104240654,0.0,0.21794871794871795,2024-12-11,Greed,74,Greed
2024-12-11,0x2c229d22b100a7beb69122eed721cee9b24011dd,8544.6855,19,0.5263157894736842,0.0,6550.684736842106,124463.01000000001,0.47368421052631576,0.5263157894736842,9,10,748.3646830564049,1503.7355485539242,0.0,0.9090909090909091,2024-12-11,Greed,74,Greed
2024-12-11,0x39cef799f8b69da1995852eea189df24eb5cae3c,3721.345649,4,1.0,0.0,40012.55,160050.2,0.0,1.0,0,4,0.5193388147624205,89.34146094365165,0.0,0.2,2024-12-11,Greed,74,Greed
2024-12-11,0x47add9a56df66b524d5e2c1993a43cde53b6ed85,1157.689489,325,0.3353846153846154,0.003076923076923077,307.6034769230769,99971.13,0.36,0.64,117,208,13.261247277760539,11.902295529430317,0.0,0.5645933014354066,2024-12-11,Greed,74,Greed
2024-12-11,0x4f93fead39b70a1824f981a54d4e55b278e9f760,1083.777057,30,0.26666666666666666,0.0,23331.314333333332,699939.4299999999,0.2,0.8,6,24,2000.1366524709345,82.97845434260643,0.0,0.28,2024-12-11,Greed,74,Greed
2024-12-11,0x6d6a4b953f202f8df5bed40692e7fd865318264a,698.009722,8,1.0,0.0,136.67374999999998,1093.3899999999999,0.0,1.0,0,8,0.0007903765501411508,23.537114820676663,0.0,0.1111111111111111,2024-12-11,Greed,74,Greed
2024-12-11,0x75f7eeb85dc639d5e99c78f95393aa9a5f1170d4,1567.4026840000001,23,0.34782608695652173,0.13043478260869565,7024.881304347826,161572.27,0.5217391304347826,0.4782608695652174,12,11,953.4134807959855,585.2947242343887,0.0,1.0833333333333333,2024-12-11,Greed,74,Greed
2024-12-11,0xa520ded057a32086c40e7dd6ed4eb8efb82c00e0,994.238977,15,1.0,0.0,165.00133333333332,2475.02,0.0,1.0,0,15,0.0021749564501509946,122.94833192786393,0.0,0.0625,2024-12-11,Greed,74,Greed
2024-12-11,0xaf40fdc468c30116bd3307bcbf4a451a7ebf1deb,39.7705,1,1.0,0.0,7158.62,7158.62,0.0,1.0,0,1,0.9998606503806211,0.0,0.0,0.5,2024-12-11,Greed,74,Greed
2024-12-11,0xb1231a4a2dd02f2276fa3c5e2a2f3436e6bfed23,274998.942584,156,1.0,0.0,1762.8148717948718,274999.12,0.0,1.0,0,156,0.0012697404717873164,5342.255222466588,0.0,0.006369426751592357,2024-12-11,Greed,74,Greed
2024-12-11,0xbd5fead7180a9c139fa51a103cb6a2ce86ddb5c3,0.0,17,0.0,0.0,637.4164705882353,10836.08,0.0,1.0,0,17,0.004603402815945064,0.0,0.0,0.05555555555555555,2024-12-11,Greed,74,Greed
2024-12-11,0xbee1707d6b44d4d52bfe19e41f8a828645437aab,24663.690943,530,0.9792452830188679,0.0,1207.490075471698,639969.74,0.020754716981132074,0.9792452830188679,11,519,0.0018251153883132676,153.12425848603388,0.0,0.023076923076923078,2024-12-11,Greed,74,Greed
2024-12-12,0x28736f43f1e871e6aa8b1148d38d4994275d72c4,5806.86932,147,0.5578231292517006,0.034013605442176874,150.14530612244897,22071.36,0.19047619047619047,0.8095238095238095,28,119,13.588144538069674,89.22641922835794,0.0,0.24166666666666667,2024-12-12,Extreme Greed,83,Greed
2024-12-12,0x2c229d22b100a7beb69122eed721cee9b24011dd,7639.595794,62,0.6290322580645161,0.0,5565.801451612903,345079.69,0.3709677419354839,0.6290322580645161,23,39,64.62265456209448,285.1029123622855,0.0,0.6,2024-12-12,Extreme Greed,83,Greed
2024-12-12,0x420ab45e0bd8863569a5efbb9c05d91f40624641,1762.46,10,1.0,0.0,6750.81,67508.1,1.0,0.0,10,0,0.0441331171848128,141.9547674159847,0.0,11.0,2024-12-12,Extreme Greed,83,Greed
2024-12-12,0x47add9a56df66b524d5e2c1993a43cde53b6ed85,574.398074,159,0.2893081761006289,0.09433962264150944,458.38842767295597,72883.76,0.4716981132075472,0.5283018867924528,75,84,52.00713349464855,24.132025503416923,0.0,0.8941176470588236,2024-12-12,Extreme Greed,83,Greed
2024-12-12,0x4f93fead39b70a1824f981a54d4e55b278e9f760,0.0,31,0.0,0.0,12254.174838709678,379879.42,0.0,1.0,0,31,0.027514187275103654,0.0,0.0,0.03125,2024-12-12,Extreme Greed,83,Greed
2024-12-12,0x513b8629fe877bb581bf244e326a047b249c4ff1,0.0,89,0.0,0.0,3332.177640449438,296563.81,1.0,0.0,89,0,0.015683387721934793,0.0,0.0,90.0,2024-12-12,Extreme Greed,83,Greed
2024-12-12,0x6d6a4b953f202f8df5bed40692e7fd865318264a,362.84131,4,1.0,0.0,133.0725,532.29,0.0,1.0,0,4,0.0006805278635503985,55.59122376368151,0.0,0.2,2024-12-12,Extreme Greed,83,Greed
2024-12-12,0x72c6a4624e1dffa724e6d00d64ceae698af892a0,0.0,17,0.0,0.0,1397.385294117647,23755.55,0.0,1.0,0,17,183.4717522347678,0.0,0.0,0.05555555555555555,2024-12-12,Extreme Greed,83,Greed
2024-12-12,0x75f7eeb85dc639d5e99c78f95393aa9a5f1170d4,323.34897900000016,52,0.07692307692307693,0.4807692307692308,3563.27,185290.04,0.5576923076923077,0.4423076923076923,29,23,1160.4110147315703,167.61230583261838,0.0,1.25,2024-12-12,Extreme Greed,83,Greed
2024-12-12,0xa520ded057a32086c40e7dd6ed4eb8efb82c00e0,2512.437585,4,1.0,0.0,1374.4125000000001,5497.650000000001,0.0,1.0,0,4,0.26603314127641436,955.1092968115527,0.0,0.2,2024-12-12,Extreme Greed,83,Greed
2024-12-12,0xaf40fdc468c30116bd3307bcbf4a451a7ebf1deb,15.24474,1,1.0,0.0,771.87,771.87,0.0,1.0,0,1,0.9987055786143296,0.0,0.0,0.5,2024-12-12,Extreme Greed,83,Greed
2024-12-12,0xb1231a4a2dd02f2276fa3c5e2a2f3436e6bfed23,449328.107544,314,1.0,0.0,1430.9824522292993,449328.49,0.0,1.0,0,314,0.0011897204212079867,4550.765405223342,0.0,0.0031746031746031746,2024-12-12,Extreme Greed,83,Greed
2024-12-12,0xbd5fead7180a9c139fa51a103cb6a2ce86ddb5c3,0.0,1,0.0,0.0,5158.5,5158.5,0.0,1.0,0,1,0.03124981068981602,0.0,0.0,0.5,2024-12-12,Extreme Greed,83,Greed
2024-12-12,0xbee1707d6b44d4d52bfe19e41f8a828645437aab,130826.491662,1041,0.8146013448607109,0.01921229586935639,2596.416272814601,2702869.34,0.16042267050912584,0.8395773294908742,167,874,86.96934162432792,386.16157330461607,0.0,0.192,2024-12-12,Extreme Greed,83,Greed
2024-12-13,0x28736f43f1e871e6aa8b1148d38d4994275d72c4,1522.284412,155,0.45806451612903226,0.07096774193548387,88.59193548387097,13731.75,0.535483870967742,0.4645161290322581,83,72,0.49671629236899,21.696340083733656,0.0,1.1506849315068493,2024-12-13,Extreme Greed,76,Greed
2024-12-13,0x2c229d22b100a7beb69122eed721cee9b24011dd,1966.9289449999999,63,0.7777777777777778,0.0,1823.863492063492,114903.4,0.2222222222222222,0.7777777777777778,14,49,473.3943170586369,51.66370608910266,0.0,0.3,2024-12-13,Extreme Greed,76,Greed
2024-12-13,0x39cef799f8b69da1995852eea189df24eb5cae3c,1116.8006,26,0.5,0.0,2954.652692307692,76820.97,0.5,0.5,13,13,162.60192441483352,97.3025506480391,0.0,1.0,2024-12-13,Extreme Greed,76,Greed
2024-12-13,0x47add9a56df66b524d5e2c1993a43cde53b6ed85,587.630504,148,0.35135135135135137,0.0472972972972973,573.9341216216217,84942.25,0.527027027027027,0.47297297297297297,78,70,42.82508182840939,20.106001674450514,0.0,1.1126760563380282,2024-12-13,Extreme Greed,76,Greed
2024-12-13,0x4f93fead39b70a1824f981a54d4e55b278e9f760,6790.274613,49,0.5510204081632653,0.0,20715.92551020408,1015080.35,0.7551020408163265,0.24489795918367346,37,12,658.9142648702084,251.8916733338925,0.0,2.923076923076923,2024-12-13,Extreme Greed,76,Greed
2024-12-13,0x72c6a4624e1dffa724e6d00d64ceae698af892a0,0.0,30,0.0,0.0,2951.8799999999997,88556.4,0.0,1.0,0,30,0.05774870027659427,0.0,0.0,0.03225806451612903,2024-12-13,Extreme Greed,76,Greed
2024-12-13,0x75f7eeb85dc639d5e99c78f95393aa9a5f1170d4,8276.625256,26,0.9615384615384616,0.0,4533.178461538461,117862.64,0.3076923076923077,0.6923076923076923,8,18,1154.0096160716323,1153.5346511227435,0.0,0.47368421052631576,2024-12-13,Extreme Greed,76,Greed
2024-12-13,0x8381e6d82f1affd39a336e143e081ef7620a3b7f,0.0,3,0.0,0.0,128.88333333333333,386.65,1.0,0.0,3,0,0.0052353218621953475,0.0,0.0,4.0,2024-12-13,Extreme Greed,76,Greed
2024-12-13,0x92f17e8d81a944691c10e753af1b1baae1a2cd0d,0.0,162,0.0,0.0,2468.940987654321,399968.44,1.0,0.0,162,0,0.5166310738669552,0.0,0.0,163.0,2024-12-13,Extreme Greed,76,Greed
2024-12-13,0xa0feb3725a9335f49874d7cd8eaad6be45b27416,2270.1241019999998,234,0.7008547008547008,0.0,939.9077777777777,219938.41999999998,0.29914529914529914,0.7008547008547008,70,164,10.15797282680519,16.674389310655442,0.0,0.4303030303030303,2024-12-13,Extreme Greed,76,Greed
2024-12-13,0xbee1707d6b44d4d52bfe19e41f8a828645437aab,9405.233313,277,0.2527075812274368,0.0,2702.6475451263536,748633.37,0.7509025270758123,0.2490974729241877,208,69,0.01062218237146832,121.29677881747526,0.0,2.9857142857142858,2024-12-13,Extreme Greed,76,Greed
2024-12-14,0x28736f43f1e871e6aa8b1148d38d4994275d72c4,13281.73126,154,0.7727272727272727,0.01948051948051948,187.5361038961039,28880.56,0.2922077922077922,0.7077922077922078,45,109,2.0309940363101138,159.6032754111828,0.0,0.41818181818181815,2024-12-14,Extreme Greed,83,Greed
2024-12-14,0x3998f134d6aaa2b6a5f723806d00fd2bbbbce891,0.0,36,0.0,0.0,5555.551944444444,199999.87,1.0,0.0,36,0,0.008970181600490458,0.0,0.0,37.0,2024-12-14,Extreme Greed,83,Greed
2024-12-14,0x39cef799f8b69da1995852eea189df24eb5cae3c,1898.178342,1,1.0,0.0,6591.46,6591.46,0.0,1.0,0,1,0.12999370924615608,0.0,0.0,0.5,2024-12-14,Extreme Greed,83,Greed
2024-12-14,0x47add9a56df66b524d5e2c1993a43cde53b6ed85,1178.021061,62,0.45161290322580644,0.06451612903225806,488.356935483871,30278.13,0.5806451612903226,0.41935483870967744,36,26,53.35084140532093,48.89959570783786,0.0,1.3703703703703705,2024-12-14,Extreme Greed,83,Greed
2024-12-14,0x4acb90e786d897ecffb614dc822eb231b4ffb9f4,0.0,1,0.0,0.0,24979.8,24979.8,1.0,0.0,1,0,24979.8,0.0,0.0,2.0,2024-12-14,Extreme Greed,83,Greed
2024-12-14,0x4f93fead39b70a1824f981a54d4e55b278e9f760,570.1898180000001,19,0.3157894736842105,0.0,10507.837368421053,199648.91,0.7368421052631579,0.2631578947368421,14,5,1960.0600999696946,62.28494183586502,0.0,2.5,2024-12-14,Extreme Greed,83,Greed
2024-12-14,0x6d6a4b953f202f8df5bed40692e7fd865318264a,39057.10912,80,1.0,0.0,664.7225000000001,53177.8,0.0,1.0,0,80,0.0031960326160581274,1019.9893271819126,0.0,0.012345679012345678,2024-12-14,Extreme Greed,83,Greed
2024-12-14,0x72c6a4624e1dffa724e6d00d64ceae698af892a0,0.0,43,0.0,0.0,2042.2541860465114,87816.93,0.0,1.0,0,43,0.011960364187446774,0.0,0.0,0.022727272727272728,2024-12-14,Extreme Greed,83,Greed
2024-12-14,0x75f7eeb85dc639d5e99c78f95393aa9a5f1170d4,-33.03286,36,0.027777777777777776,0.2777777777777778,1667.6102777777778,60033.97,0.3055555555555556,0.6944444444444444,11,25,17.47802444228345,4.1719411260836665,-33.03286,0.46153846153846156,2024-12-14,Extreme Greed,83,Greed
2024-12-14,0xa0feb3725a9335f49874d7cd8eaad6be45b27416,10281.503571,683,0.4333821376281113,0.0,1674.4618155197657,1143657.42,0.5651537335285505,0.43484626647144947,386,297,6.782564249044963,63.69376390682683,0.0,1.2986577181208054,2024-12-14,Extreme Greed,83,Greed
2024-12-14,0xb1231a4a2dd02f2276fa3c5e2a2f3436e6bfed23,100273.248286,50,1.0,0.0,2005.4666,100273.33,0.0,1.0,0,50,0.001630803432778785,2140.765849608136,0.0,0.0196078431372549,2024-12-14,Extreme Greed,83,Greed
2024-12-14,0xbee1707d6b44d4d52bfe19e41f8a828645437aab,1294.450646,70,0.05714285714285714,0.0,6203.194285714286,434223.6,0.9428571428571428,0.05714285714285714,66,4,0.010962030966110975,147.24276064728625,0.0,13.4,2024-12-14,Extreme Greed,83,Greed
2024-12-15,0x28736f43f1e871e6aa8b1148d38d4994275d72c4,5389.96219,137,0.49635036496350365,0.021897810218978103,125.00722627737227,17125.99,0.44525547445255476,0.5547445255474452,61,76,1.9696555932891882,99.32281093695131,0.0,0.8051948051948052,2024-12-15,Extreme Greed,80,Greed
2024-12-15,0x3998f134d6aaa2b6a5f723806d00fd2bbbbce891,346.827642,6,0.8333333333333334,0.0,117.02833333333335,702.1700000000001,0.16666666666666666,0.8333333333333334,1,5,0.7508819409599292,63.443946790551834,0.0,0.3333333333333333,2024-12-15,Extreme Greed,80,Greed
2024-12-15,0x39cef799f8b69da1995852eea189df24eb5cae3c,6623.483154,28,0.8214285714285714,0.0,1993.9885714285715,55831.68,0.17857142857142858,0.8214285714285714,5,23,0.044481708671240426,370.1837248010108,0.0,0.25,2024-12-15,Extreme Greed,80,Greed
2024-12-15,0x47add9a56df66b524d5e2c1993a43cde53b6ed85,10303.889423,181,0.40331491712707185,0.0,622.4760773480663,112668.17,0.5193370165745856,0.48066298342541436,94,87,3.5018994182232923,148.0001276686137,0.0,1.0795454545454546,2024-12-15,Extreme Greed,80,Greed
2024-12-15,0x4f93fead39b70a1824f981a54d4e55b278e9f760,263.914304,21,0.23809523809523808,0.0,14297.049523809523,300238.04,0.19047619047619047,0.8095238095238095,4,17,1351.9118568134882,31.13858610876292,0.0,0.2777777777777778,2024-12-15,Extreme Greed,80,Greed
2024-12-15,0x513b8629fe877bb581bf244e326a047b249c4ff1,0.0,28,0.0,0.0,4194.129285714285,117435.62,1.0,0.0,28,0,0.007694041725607527,0.0,0.0,29.0,2024-12-15,Extreme Greed,80,Greed
2024-12-15,0x6d6a4b953f202f8df5bed40692e7fd865318264a,18879.21027,15,1.0,0.0,1635.1666666666667,24527.5,0.0,1.0,0,15,0.008186378791997061,2413.979619335446,0.0,0.0625,2024-12-15,Extreme Greed,80,Greed
2024-12-15,0x72c6a4624e1dffa724e6d00d64ceae698af892a0,0.0,8,0.0,0.0,2812.5,22500.0,0.0,1.0,0,8,0.01141220263855986,0.0,0.0,0.1111111111111111,2024-12-15,Extreme Greed,80,Greed
2024-12-15,0x75f7eeb85dc639d5e99c78f95393aa9a5f1170d4,126.32543000000001,14,0.9285714285714286,0.0,469.7357142857143,6576.3,0.07142857142857142,0.9285714285714286,1,13,230.58958242000378,8.2978832492971,0.0,0.14285714285714285,2024-12-15,Extreme Greed,80,Greed
2024-12-15,0x8381e6d82f1affd39a336e143e081ef7620a3b7f,0.0,5,0.0,0.0,739.626,3698.13,1.0,0.0,5,0,0.021672168351124888,0.0,0.0,6.0,2024-12-15,Extreme Greed,80,Greed
2024-12-15,0x92f17e8d81a944691c10e753af1b1baae1a2cd0d,0.0,413,0.0,0.0,1890.1754237288135,780642.45,1.0,0.0,413,0,0.0009549206918128393,0.0,0.0,414.0,2024-12-15,Extreme Greed,80,Greed
2024-12-15,0xa0feb3725a9335f49874d7cd8eaad6be45b27416,3932.676736,748,0.25,0.06550802139037433,1345.2046122994652,1006213.05,0.6844919786096256,0.3155080213903743,512,236,6.143167526881266,34.196398448732644,0.0,2.1645569620253164,2024-12-15,Extreme Greed,80,Greed
2024-12-15,0xb1231a4a2dd02f2276fa3c5e2a2f3436e6bfed23,49955.768945,26,1.0,0.0,1921.375769230769,49955.77,0.0,1.0,0,26,0.0015279347738830517,1555.5484639837919,0.0,0.037037037037037035,2024-12-15,Extreme Greed,80,Greed
2024-12-15,0xbd5fead7180a9c139fa51a103cb6a2ce86ddb5c3,0.0,58,0.0,0.0,1122.5670689655171,65108.89,0.0,1.0,0,58,0.005180206900736948,0.0,0.0,0.01694915254237288,2024-12-15,Extreme Greed,80,Greed
2024-12-15,0xbee1707d6b44d4d52bfe19e41f8a828645437aab,1703.2571850000002,9,0.2222222222222222,0.0,2227.3388888888894,20046.050000000003,0.7777777777777778,0.2222222222222222,7,2,0.002327871896071467,563.8866643282339,0.0,2.6666666666666665,2024-12-15,Extreme Greed,80,Greed
2024-12-16,0x28736f43f1e871e6aa8b1148d38d4994275d72c4,13190.248859,230,0.6695652173913044,0.008695652173913044,131.2383043478261,30184.81,0.3695652173913043,0.6304347826086957,85,145,1.4406273164591394,126.5294746009792,0.0,0.589041095890411,2024-12-16,Extreme Greed,83,Greed
2024-12-16,0x3998f134d6aaa2b6a5f723806d00fd2bbbbce891,0.0,4,0.0,0.0,0.0,0.0,0.0,1.0,0,4,0.0,0.0,0.0,0.2,2024-12-16,Extreme Greed,83,Greed
2024-12-16,0x39cef799f8b69da1995852eea189df24eb5cae3c,6942.186825,14,0.6428571428571429,0.0,5866.705,82133.87,0.35714285714285715,0.6428571428571429,5,9,0.1509362247101025,570.1797753969053,0.0,0.6,2024-12-16,Extreme Greed,83,Greed
2024-12-16,0x47add9a56df66b524d5e2c1993a43cde53b6ed85,333.398209,92,0.29347826086956524,0.05434782608695652,574.7419565217391,52876.26,0.391304347826087,0.6086956521739131,36,56,125.30433592305477,23.356373571303024,0.0,0.6491228070175439,2024-12-16,Extreme Greed,83,Greed
2024-12-16,0x4f93fead39b70a1824f981a54d4e55b278e9f760,0.0,27,0.0,0.0,32579.84037037037,879655.69,0.0,1.0,0,27,0.06672812780032247,0.0,0.0,0.03571428571428571,2024-12-16,Extreme Greed,83,Greed
2024-12-16,0x6d6a4b953f202f8df5bed40692e7fd865318264a,12648.870412,47,1.0,0.0,341.3504255319149,16043.47,0.0,1.0,0,47,0.0017742497496751554,225.44797758636406,0.0,0.020833333333333332,2024-12-16,Extreme Greed,83,Greed
2024-12-16,0x72c6a4624e1dffa724e6d00d64ceae698af892a0,0.0,41,0.0,0.0,1561.8182926829268,64034.549999999996,0.0,1.0,0,41,0.005049131895598652,0.0,0.0,0.023809523809523808,2024-12-16,Extreme Greed,83,Greed
2024-12-16,0x75f7eeb85dc639d5e99c78f95393aa9a5f1170d4,758.93225,10,0.4,0.4,5082.063,50820.630000000005,0.5,0.5,5,5,2500.2437091182874,171.5564929535933,0.0,1.0,2024-12-16,Extreme Greed,83,Greed
2024-12-16,0x92f17e8d81a944691c10e753af1b1baae1a2cd0d,55.987393,2,0.5,0.0,55.980000000000004,111.96000000000001,0.5,0.5,1,1,0.4913195276781791,39.589065251256244,0.0,1.0,2024-12-16,Extreme Greed,83,Greed
2024-12-16,0xa0feb3725a9335f49874d7cd8eaad6be45b27416,3923.071266,326,0.5030674846625767,0.0,1710.5239570552149,557630.81,0.49693251533742333,0.5030674846625767,162,164,21.266651606772495,32.81182066882006,0.0,0.9878787878787879,2024-12-16,Extreme Greed,83,Greed
2024-12-16,0xa520ded057a32086c40e7dd6ed4eb8efb82c00e0,2069.35811,13,1.0,0.0,192.29384615384618,2499.82,0.0,1.0,0,13,9.833694384011186e-05,269.22569160136214,0.0,0.07142857142857142,2024-12-16,Extreme Greed,83,Greed
2024-12-16,0xbd5fead7180a9c139fa51a103cb6a2ce86ddb5c3,0.0,4,0.0,0.0,663.0799999999999,2652.3199999999997,0.0,1.0,0,4,0.0024738964349549043,0.0,0.0,0.2,2024-12-16,Extreme Greed,83,Greed
2024-12-16,0xbee1707d6b44d4d52bfe19e41f8a828645437aab,126852.290809,245,0.47346938775510206,0.0,4090.4684897959187,1002164.78,0.5265306122448979,0.47346938775510206,129,116,0.004139049105839779,1725.4174321912205,0.0,1.1111111111111112,2024-12-16,Extreme Greed,83,Greed
2024-12-17,0x28736f43f1e871e6aa8b1148d38d4994275d72c4,4454.939378,181,0.430939226519337,0.0055248618784530384,112.67668508287292,20394.48,0.5414364640883977,0.4585635359116022,98,83,1.4903644641882778,70.44316768709626,0.0,1.1785714285714286,2024-12-17,Extreme Greed,87,Greed
2024-12-17,0x2c229d22b100a7beb69122eed721cee9b24011dd,214.770101,15,0.7333333333333333,0.0,1000.812,15012.18,0.26666666666666666,0.7333333333333333,4,11,149.61941375552513,14.421189884296819,0.0,0.4166666666666667,2024-12-17,Extreme Greed,87,Greed
2024-12-17,0x420ab45e0bd8863569a5efbb9c05d91f40624641,27.63736,20,0.55,0.0,3976.0629999999996,79521.26,0.1,0.9,2,18,1581.3775942554425,3.235760898219833,0.0,0.15789473684210525,2024-12-17,Extreme Greed,87,Greed
2024-12-17,0x47add9a56df66b524d5e2c1993a43cde53b6ed85,21172.081622,396,0.29292929292929293,0.06313131313131314,327.79242424242426,129805.8,0.37626262626262624,0.6237373737373737,149,247,16.243768447387584,189.3991002125674,0.0,0.6048387096774194,2024-12-17,Extreme Greed,87,Greed
2024-12-17,0x4f93fead39b70a1824f981a54d4e55b278e9f760,0.0,12,0.0,0.0,14999.839166666667,179998.07,0.0,1.0,0,12,0.012901585629469232,0.0,0.0,0.07692307692307693,2024-12-17,Extreme Greed,87,Greed
2024-12-17,0x6d6a4b953f202f8df5bed40692e7fd865318264a,2244.04603,7,1.0,0.0,401.2685714285714,2808.88,0.0,1.0,0,7,0.0020818268710411235,289.6570808606566,0.0,0.125,2024-12-17,Extreme Greed,87,Greed
2024-12-17,0x72743ae2822edd658c0c50608fd7c5c501b2afbd,0.0,98,0.0,0.0,18481.63244897959,1811199.98,0.0,1.0,0,98,65.21535074237244,0.0,0.0,0.010101010101010102,2024-12-17,Extreme Greed,87,Greed
2024-12-17,0x72c6a4624e1dffa724e6d00d64ceae698af892a0,0.0,14,0.0,0.0,3150.0064285714284,44100.09,0.0,1.0,0,14,0.0075409017669153255,0.0,0.0,0.06666666666666667,2024-12-17,Extreme Greed,87,Greed
2024-12-17,0x75f7eeb85dc639d5e99c78f95393aa9a5f1170d4,3146.294798,67,0.9552238805970149,0.0,1978.6264179104478,132567.97,0.5671641791044776,0.43283582089552236,38,29,986.3596548241832,84.28175106015546,0.0,1.3,2024-12-17,Extreme Greed,87,Greed
2024-12-17,0x8170715b3b381dffb7062c0298972d4727a0a63b,0.0,14,0.0,0.0,2142.7757142857145,29998.86,1.0,0.0,14,0,357.27276789891954,0.0,0.0,15.0,2024-12-17,Extreme Greed,87,Greed
2024-12-17,0x92f17e8d81a944691c10e753af1b1baae1a2cd0d,0.0,1,0.0,0.0,0.0,0.0,0.0,1.0,0,1,0.0,0.0,0.0,0.5,2024-12-17,Extreme Greed,87,Greed
2024-12-17,0xa0feb3725a9335f49874d7cd8eaad6be45b27416,9080.193597,599,0.4340567612687813,0.0,2051.6765609348913,1228954.26,0.5659432387312187,0.4340567612687813,339,260,35.71086957487487,38.00044266525404,0.0,1.3026819923371646,2024-12-17,Extreme Greed,87,Greed
2024-12-17,0xa520ded057a32086c40e7dd6ed4eb8efb82c00e0,256.200336,1,1.0,0.0,299.74,299.74,0.0,1.0,0,1,0.0001294055740079058,0.0,0.0,0.5,2024-12-17,Extreme Greed,87,Greed
2024-12-17,0xb1231a4a2dd02f2276fa3c5e2a2f3436e6bfed23,50346.757308,38,0.7894736842105263,0.0,2640.7076315789473,100346.89,0.0,1.0,0,38,51.73265381107179,2641.694865617348,0.0,0.02564102564102564,2024-12-17,Extreme Greed,87,Greed
2024-12-17,0xbd5fead7180a9c139fa51a103cb6a2ce86ddb5c3,0.0,2,0.0,0.0,1744.65,3489.3,0.0,1.0,0,2,0.006673514414341332,0.0,0.0,0.3333333333333333,2024-12-17,Extreme Greed,87,Greed
2024-12-17,0xbee1707d6b44d4d52bfe19e41f8a828645437aab,128648.384642,476,0.5651260504201681,0.0,3056.9325000000003,1455099.87,0.43487394957983194,0.5651260504201681,207,269,0.0032463377136265396,689.8029650467738,0.0,0.7703703703703704,2024-12-17,Extreme Greed,87,Greed
2024-12-18,0x23e7a7f8d14b550961925fbfdaa92f5d195ba5bd,1613.165903,59,0.2542372881355932,0.0,1913.523898305085,112897.91,0.7457627118644068,0.2542372881355932,44,15,16.878847428772602,162.59337598882672,0.0,2.8125,2024-12-18,Extreme Greed,81,Greed
2024-12-18,0x28736f43f1e871e6aa8b1148d38d4994275d72c4,3624.489655,191,0.418848167539267,0.02617801047120419,124.92068062827224,23859.85,0.5340314136125655,0.46596858638743455,102,89,0.8872932217306837,56.65848834828316,0.0,1.1444444444444444,2024-12-18,Extreme Greed,81,Greed
2024-12-18,0x39cef799f8b69da1995852eea189df24eb5cae3c,136.054186,12,0.25,0.0,679.3075,8151.69,0.75,0.25,9,3,0.013046858209117308,34.930541006743105,0.0,2.5,2024-12-18,Extreme Greed,81,Greed
2024-12-18,0x420ab45e0bd8863569a5efbb9c05d91f40624641,0.0,44,0.0,0.0,3081.5213636363637,135586.94,0.0,1.0,0,44,0.07960565049915745,0.0,0.0,0.022222222222222223,2024-12-18,Extreme Greed,81,Greed
2024-12-18,0x47add9a56df66b524d5e2c1993a43cde53b6ed85,3311.822419,226,0.2079646017699115,0.1592920353982301,380.76508849557524,86052.91,0.5176991150442478,0.4823008849557522,117,109,16.877746734843154,76.07547498267795,0.0,1.0727272727272728,2024-12-18,Extreme Greed,81,Greed
2024-12-18,0x4f93fead39b70a1824f981a54d4e55b278e9f760,-4627.220257,62,0.08064516129032258,0.5645161290322581,28169.055161290322,1746481.42,0.9193548387096774,0.08064516129032258,57,5,483.95669476726084,186.4571393120745,-4627.220257,9.666666666666666,2024-12-18,Extreme Greed,81,Greed
2024-12-18,0x72c6a4624e1dffa724e6d00d64ceae698af892a0,0.0,31,0.0,0.0,3206.451290322581,99399.99,0.0,1.0,0,31,0.007344810694145981,0.0,0.0,0.03125,2024-12-18,Extreme Greed,81,Greed
2024-12-18,0x75f7eeb85dc639d5e99c78f95393aa9a5f1170d4,2507.193252,115,0.9478260869565217,0.008695652173913044,1492.9519130434783,171689.47,0.8695652173913043,0.13043478260869565,100,15,672.4236934705895,51.99365666976979,0.0,6.3125,2024-12-18,Extreme Greed,81,Greed
2024-12-18,0x8170715b3b381dffb7062c0298972d4727a0a63b,0.0,1,0.0,0.0,4999.94,4999.94,1.0,0.0,1,0,0.17747095291299073,0.0,0.0,2.0,2024-12-18,Extreme Greed,81,Greed
2024-12-18,0xa0feb3725a9335f49874d7cd8eaad6be45b27416,2755.818564,314,0.49044585987261147,0.0,1756.5612101910826,551560.22,0.5095541401273885,0.49044585987261147,160,154,15.879489365360682,26.15791029090539,0.0,1.038709677419355,2024-12-18,Extreme Greed,81,Greed
2024-12-18,0xb1231a4a2dd02f2276fa3c5e2a2f3436e6bfed23,2222.47801,18,1.0,0.0,2654.303888888889,47777.47,1.0,0.0,18,0,0.21061319651857321,172.3814484302913,0.0,19.0,2024-12-18,Extreme Greed,81,Greed
2024-12-18,0xbd5fead7180a9c139fa51a103cb6a2ce86ddb5c3,0.0,14,0.0,0.0,2207.8585714285714,30910.02,0.0,1.0,0,14,0.008437207319884786,0.0,0.0,0.06666666666666667,2024-12-18,Extreme Greed,81,Greed
2024-12-18,0xbee1707d6b44d4d52bfe19e41f8a828645437aab,2139.192941,342,0.26900584795321636,0.41812865497076024,2279.296023391813,779519.24,0.3128654970760234,0.6871345029239766,107,235,0.002190324151903383,111.46858235594746,0.0,0.4576271186440678,2024-12-18,Extreme Greed,81,Greed
2024-12-19,0x23e7a7f8d14b550961925fbfdaa92f5d195ba5bd,0.0,1,0.0,0.0,0.11,0.11,0.0,1.0,0,1,0.09894154983953816,0.0,0.0,0.5,2024-12-19,Extreme Greed,75,Greed
2024-12-19,0x28736f43f1e871e6aa8b1148d38d4994275d72c4,1525.329937,204,0.39215686274509803,0.06862745098039216,197.00485294117647,40188.99,0.7794117647058824,0.22058823529411764,159,45,5.090590639401436,29.286171439838313,0.0,3.4782608695652173,2024-12-19,Extreme Greed,75,Greed
2024-12-19,0x420ab45e0bd8863569a5efbb9c05d91f40624641,2229.5212300000003,4,1.0,0.0,4987.015,19948.06,1.0,0.0,4,0,0.5484595098685124,495.45546626812904,0.0,5.0,2024-12-19,Extreme Greed,75,Greed
2024-12-19,0x47add9a56df66b524d5e2c1993a43cde53b6ed85,3491.018544,135,0.4666666666666667,0.007407407407407408,427.7865185185185,57751.18,0.5481481481481482,0.45185185185185184,74,61,9.213186336903803,74.75673535213916,0.0,1.2096774193548387,2024-12-19,Extreme Greed,75,Greed
2024-12-19,0x4acb90e786d897ecffb614dc822eb231b4ffb9f4,7440.638159,89,0.4044943820224719,0.0,5090.390786516854,453044.78,0.5955056179775281,0.4044943820224719,53,36,1.7075221706231154,216.731390111234,0.0,1.4594594594594594,2024-12-19,Extreme Greed,75,Greed
2024-12-19,0x4f93fead39b70a1824f981a54d4e55b278e9f760,1582.2032900000002,53,0.11320754716981132,0.0,17374.649433962266,920856.42,0.8867924528301887,0.11320754716981132,47,6,77.96076711463058,194.92797188696193,0.0,6.857142857142857,2024-12-19,Extreme Greed,75,Greed
2024-12-19,0x513b8629fe877bb581bf244e326a047b249c4ff1,0.0,64,0.0,0.0,3791.86515625,242679.37,1.0,0.0,64,0,0.004888244934244785,0.0,0.0,65.0,2024-12-19,Extreme Greed,75,Greed
2024-12-19,0x72c6a4624e1dffa724e6d00d64ceae698af892a0,0.0,1,0.0,0.0,24880.0,24880.0,0.0,1.0,0,1,0.05047486706242749,0.0,0.0,0.5,2024-12-19,Extreme Greed,75,Greed
2024-12-19,0x75f7eeb85dc639d5e99c78f95393aa9a5f1170d4,13027.2866,235,0.8723404255319149,0.03829787234042553,2927.3372765957447,687924.26,0.17872340425531916,0.8212765957446808,42,193,1116.2713615476748,122.99641203705139,0.0,0.22164948453608246,2024-12-19,Extreme Greed,75,Greed
2024-12-19,0x8381e6d82f1affd39a336e143e081ef7620a3b7f,0.0,1,0.0,0.0,1399.11,1399.11,1.0,0.0,1,0,0.01206824599826161,0.0,0.0,2.0,2024-12-19,Extreme Greed,75,Greed
2024-12-19,0xa0feb3725a9335f49874d7cd8eaad6be45b27416,5687.811638,439,0.4305239179954442,0.0,1937.9936218678815,850779.2,0.5694760820045558,0.4305239179954442,250,189,25.46202896684177,65.8838291476391,0.0,1.3210526315789475,2024-12-19,Extreme Greed,75,Greed
2024-12-19,0xbd5fead7180a9c139fa51a103cb6a2ce86ddb5c3,-128.0,37,0.0,0.32432432432432434,6080.864864864865,224992.0,0.21621621621621623,0.7837837837837838,8,29,2074.7456064701364,10.259602876081496,-128.0,0.3,2024-12-19,Extreme Greed,75,Greed
2024-12-19,0xbee1707d6b44d4d52bfe19e41f8a828645437aab,27888.195088,2076,0.708092485549133,0.051541425818882464,2272.286083815029,4717265.91,0.24036608863198458,0.7596339113680154,499,1577,0.1690361577741262,265.330785936526,0.0,0.31685678073510776,2024-12-19,Extreme Greed,75,Greed
2024-12-20,0x23e7a7f8d14b550961925fbfdaa92f5d195ba5bd,1245.51851,34,0.6176470588235294,0.0,10051.199411764705,341740.77999999997,0.38235294117647056,0.6176470588235294,13,21,703.9774580291011,51.051122057241855,0.0,0.6363636363636364,2024-12-20,Greed,74,Greed
2024-12-20,0x28736f43f1e871e6aa8b1148d38d4994275d72c4,7812.716373,194,0.5721649484536082,0.05154639175257732,289.6046907216495,56183.31,0.32989690721649484,0.6701030927835051,64,130,17.54450270661167,99.95011271079679,0.0,0.4961832061068702,2024-12-20,Greed,74,Greed
2024-12-20,0x2c229d22b100a7beb69122eed721cee9b24011dd,305.55784,11,0.9090909090909091,0.0,2609.3063636363636,28702.37,0.09090909090909091,0.9090909090909091,1,10,1291.0222665968627,26.863759292912214,0.0,0.18181818181818182,2024-12-20,Greed,74,Greed
2024-12-20,0x3998f134d6aaa2b6a5f723806d00fd2bbbbce891,22.80272,3,0.3333333333333333,0.0,15.183333333333332,45.55,0.3333333333333333,0.6666666666666666,1,2,0.3193103723132856,13.165156530255663,0.0,0.6666666666666666,2024-12-20,Greed,74,Greed
2024-12-20,0x39cef799f8b69da1995852eea189df24eb5cae3c,1676.3027260000001,4,0.75,0.0,2837.6875,11350.75,0.5,0.5,2,2,127.7311542511793,812.4071580541397,0.0,1.0,2024-12-20,Greed,74,Greed
2024-12-20,0x47add9a56df66b524d5e2c1993a43cde53b6ed85,6049.6938279999995,128,0.421875,0.015625,718.267421875,91938.23,0.546875,0.453125,70,58,28.495764453898367,115.62248970509154,0.0,1.2033898305084745,2024-12-20,Greed,74,Greed
2024-12-20,0x4acb90e786d897ecffb614dc822eb231b4ffb9f4,53635.529649,238,0.41596638655462187,0.037815126050420166,9628.82474789916,2291660.29,0.542016806722689,0.4579831932773109,129,109,88.59824409582221,797.1232287271514,0.0,1.1818181818181819,2024-12-20,Greed,74,Greed
2024-12-20,0x4f93fead39b70a1824f981a54d4e55b278e9f760,0.0,6,0.0,0.0,37047.935,222287.61,1.0,0.0,6,0,0.07413950393925121,0.0,0.0,7.0,2024-12-20,Greed,74,Greed
2024-12-20,0x72c6a4624e1dffa724e6d00d64ceae698af892a0,0.0,28,0.0,0.0,4121.142857142857,115392.0,0.0,1.0,0,28,0.007363897355343564,0.0,0.0,0.034482758620689655,2024-12-20,Greed,74,Greed
2024-12-20,0x75f7eeb85dc639d5e99c78f95393aa9a5f1170d4,3509.273443,219,0.8995433789954338,0.0319634703196347,1042.2276712328767,228247.86000000002,0.9223744292237442,0.0776255707762557,202,17,350.63804041938573,94.5725864943712,0.0,11.277777777777779,2024-12-20,Greed,74,Greed
2024-12-20,0xa0feb3725a9335f49874d7cd8eaad6be45b27416,5930.482942,243,0.6707818930041153,0.0,1136.9883950617284,276288.18,0.3292181069958848,0.6707818930041153,80,163,12.307901875255872,35.21166838060558,0.0,0.49390243902439024,2024-12-20,Greed,74,Greed
2024-12-20,0xa520ded057a32086c40e7dd6ed4eb8efb82c00e0,23353.625678,12,0.9166666666666666,0.0,4763.3358333333335,57160.03,0.08333333333333333,0.9166666666666666,1,11,0.001951103861697747,3838.5453499884707,0.0,0.16666666666666666,2024-12-20,Greed,74,Greed
2024-12-20,0xb1231a4a2dd02f2276fa3c5e2a2f3436e6bfed23,0.0,43,0.0,0.0,2321.7200000000003,99833.96,0.0,1.0,0,43,82.08018155916098,0.0,0.0,0.022727272727272728,2024-12-20,Greed,74,Greed
2024-12-20,0xbd5fead7180a9c139fa51a103cb6a2ce86ddb5c3,11799.68,66,0.6212121212121212,0.0,2843.038636363636,187640.55,0.6212121212121212,0.3787878787878788,41,25,0.016707805279711153,334.5734909717216,0.0,1.6153846153846154,2024-12-20,Greed,74,Greed
2024-12-20,0xbee1707d6b44d4d52bfe19e41f8a828645437aab,139628.47633,1259,0.5337569499602859,0.054011119936457505,2917.238474980143,3672803.24,0.41223193010325654,0.5877680698967435,519,740,0.003307437313751138,348.7219622197618,0.0,0.7017543859649122,2024-12-20,Greed,74,Greed
2024-12-21,0x28736f43f1e871e6aa8b1148d38d4994275d72c4,7465.899936,107,0.5046728971962616,0.009345794392523364,215.33785046728974,23041.15,0.24299065420560748,0.7570093457943925,26,81,3.89177643425162,135.12243572934258,0.0,0.32926829268292684,2024-12-21,Greed,73,Greed
2024-12-21,0x47add9a56df66b524d5e2c1993a43cde53b6ed85,7454.276452,229,0.37554585152838427,0.039301310043668124,475.0544978165939,108787.48,0.28820960698689957,0.7117903930131004,66,163,23.96739140252606,117.14406706772697,0.0,0.40853658536585363,2024-12-21,Greed,73,Greed
2024-12-21,0x4f93fead39b70a1824f981a54d4e55b278e9f760,1367.500173,50,0.56,0.0,20223.721400000002,1011186.0700000001,0.44,0.56,22,28,50.5901120473582,64.27375660890314,0.0,0.7931034482758621,2024-12-21,Greed,73,Greed
2024-12-21,0x6d6a4b953f202f8df5bed40692e7fd865318264a,27649.187167,89,1.0,0.0,372.85966292134833,33184.51,0.0,1.0,0,89,0.001746473323492768,184.83223982835767,0.0,0.011111111111111112,2024-12-21,Greed,73,Greed
2024-12-21,0x75f7eeb85dc639d5e99c78f95393aa9a5f1170d4,24.404600000000002,8,0.5,0.0,1607.23625,12857.89,0.5,0.5,4,4,110.50905522293748,4.421777195133196,0.0,1.0,2024-12-21,Greed,73,Greed
2024-12-21,0xa0feb3725a9335f49874d7cd8eaad6be45b27416,2600.050242,331,0.31722054380664655,0.0,1631.86501510574,540147.32,0.6827794561933535,0.31722054380664655,226,105,29.109417388086882,26.150212669242,0.0,2.141509433962264,2024-12-21,Greed,73,Greed
2024-12-21,0xb1231a4a2dd02f2276fa3c5e2a2f3436e6bfed23,0.0,62,0.0,0.0,1608.8398387096772,99748.06999999999,0.0,1.0,0,62,0.009644151152743478,0.0,0.0,0.015873015873015872,2024-12-21,Greed,73,Greed
2024-12-21,0xbee1707d6b44d4d52bfe19e41f8a828645437aab,103460.844587,805,0.6931677018633541,0.0,3172.574695652174,2553922.63,0.3130434782608696,0.6869565217391305,252,553,4.007315627851181,349.8724050929029,0.0,0.4566787003610108,2024-12-21,Greed,73,Greed
2024-12-22,0x28736f43f1e871e6aa8b1148d38d4994275d72c4,1174.025529,79,0.5189873417721519,0.012658227848101266,174.83481012658228,13811.95,0.569620253164557,0.43037974683544306,45,34,0.14395716098067127,43.65677298582009,0.0,1.3142857142857143,2024-12-22,Greed,73,Greed
2024-12-22,0x47add9a56df66b524d5e2c1993a43cde53b6ed85,1063.854341,102,0.29411764705882354,0.14705882352941177,441.9328431372549,45077.15,0.5098039215686274,0.49019607843137253,52,50,19.426238567486486,43.421901877794134,0.0,1.0392156862745099,2024-12-22,Greed,73,Greed
2024-12-22,0x4f93fead39b70a1824f981a54d4e55b278e9f760,0.0,3,0.0,0.0,43336.74,130010.22,1.0,0.0,3,0,0.18573614877443,0.0,0.0,4.0,2024-12-22,Greed,73,Greed
2024-12-22,0x72743ae2822edd658c0c50608fd7c5c501b2afbd,327545.999992,104,1.0,0.0,14265.865288461539,1483649.99,1.0,0.0,104,0,0.04635943516377951,4163.233810578929,0.0,105.0,2024-12-22,Greed,73,Greed
2024-12-22,0x8381e6d82f1affd39a336e143e081ef7620a3b7f,0.0,1,0.0,0.0,2815.79,2815.79,1.0,0.0,1,0,0.01825418053871205,0.0,0.0,2.0,2024-12-22,Greed,73,Greed
2024-12-22,0x92f17e8d81a944691c10e753af1b1baae1a2cd0d,0.0,86,0.0,0.0,4111.969186046511,353629.35,0.06976744186046512,0.9302325581395349,6,80,16.96772417934532,0.0,0.0,0.08641975308641975,2024-12-22,Greed,73,Greed
2024-12-22,0xa0feb3725a9335f49874d7cd8eaad6be45b27416,2718.982224,291,0.27835051546391754,0.0,1754.1204123711339,510449.04,0.7216494845360825,0.27835051546391754,210,81,15.932763020773201,52.265476036674464,0.0,2.573170731707317,2024-12-22,Greed,73,Greed
2024-12-22,0xbee1707d6b44d4d52bfe19e41f8a828645437aab,19694.301887,108,0.75,0.0,5072.932685185185,547876.73,0.25,0.75,27,81,0.008393809577107773,341.2087450334489,0.0,0.34146341463414637,2024-12-22,Greed,73,Greed
2024-12-23,0x28736f43f1e871e6aa8b1148d38d4994275d72c4,122.889996,95,0.30526315789473685,0.010526315789473684,212.30473684210526,20168.95,0.9052631578947369,0.09473684210526316,86,9,0.06719460652305911,3.7168009958481805,0.0,8.7,2024-12-23,Greed,70,Greed
2024-12-23,0x2c229d22b100a7beb69122eed721cee9b24011dd,6.476289999999996,29,0.41379310344827586,0.3793103448275862,7631.325517241379,221308.44,0.20689655172413793,0.7931034482758621,6,23,1901.2267947639416,14.152503985481365,0.0,0.2916666666666667,2024-12-23,Greed,70,Greed
2024-12-23,0x420ab45e0bd8863569a5efbb9c05d91f40624641,12082.95,2,1.0,0.0,13593.75,27187.5,1.0,0.0,2,0,0.28978587331013445,3625.590711629245,0.0,3.0,2024-12-23,Greed,70,Greed
2024-12-23,0x47add9a56df66b524d5e2c1993a43cde53b6ed85,4704.4420789999995,486,0.39711934156378603,0.07613168724279835,478.66473251028805,232631.06,0.48559670781893005,0.51440329218107,236,250,18.698052768983793,38.03723098594662,0.0,0.9442231075697212,2024-12-23,Greed,70,Greed
2024-12-23,0x4f93fead39b70a1824f981a54d4e55b278e9f760,0.0,16,0.0,0.0,21196.97,339151.52,1.0,0.0,16,0,0.046739300954695,0.0,0.0,17.0,2024-12-23,Greed,70,Greed
2024-12-23,0x72c6a4624e1dffa724e6d00d64ceae698af892a0,0.0,35,0.0,0.0,3422.0648571428574,119772.27,0.0,1.0,0,35,0.004683075671086523,0.0,0.0,0.027777777777777776,2024-12-23,Greed,70,Greed
2024-12-23,0x75f7eeb85dc639d5e99c78f95393aa9a5f1170d4,657.693565,51,0.9803921568627451,0.0,1163.6007843137254,59343.64,0.9803921568627451,0.0196078431372549,50,1,588.3002808579217,25.156693237102346,0.0,25.5,2024-12-23,Greed,70,Greed
2024-12-23,0x8381e6d82f1affd39a336e143e081ef7620a3b7f,0.0,6,0.0,0.0,2855.656666666667,17133.940000000002,1.0,0.0,6,0,0.01926583168378374,0.0,0.0,7.0,2024-12-23,Greed,70,Greed
2024-12-23,0x92f17e8d81a944691c10e753af1b1baae1a2cd0d,8639.369933,60,0.9,0.0,9857.592999999999,591455.58,1.0,0.0,60,0,0.07931342544854435,150.5230235012504,0.0,61.0,2024-12-23,Greed,70,Greed
2024-12-23,0xa0feb3725a9335f49874d7cd8eaad6be45b27416,0.0,3,0.0,0.0,1403.5600000000002,4210.68,1.0,0.0,3,0,0.011029820262522376,0.0,0.0,4.0,2024-12-23,Greed,70,Greed
2024-12-23,0xaf40fdc468c30116bd3307bcbf4a451a7ebf1deb,0.0,3,0.0,0.0,320.1333333333333,960.4,1.0,0.0,3,0,176.02469018874555,0.0,0.0,4.0,2024-12-23,Greed,70,Greed
2024-12-23,0xb1231a4a2dd02f2276fa3c5e2a2f3436e6bfed23,20549.813184,63,0.6984126984126984,0.0,3635.03126984127,229006.97,0.6984126984126984,0.30158730158730157,44,19,15.38533241282319,1479.3676250665492,0.0,2.25,2024-12-23,Greed,70,Greed
2024-12-23,0xbd5fead7180a9c139fa51a103cb6a2ce86ddb5c3,0.0,16,0.0,0.0,3216.5875,51465.4,0.0,1.0,0,16,0.017758420753931414,0.0,0.0,0.058823529411764705,2024-12-23,Greed,70,Greed
2024-12-23,0xbee1707d6b44d4d52bfe19e41f8a828645437aab,-76194.26162399999,1482,0.20040485829959515,0.45479082321187586,3278.057968960864,4858081.91,0.3535762483130904,0.6464237516869096,524,958,1.7545123603657042,805.8626288833003,-76194.26162399999,0.5474452554744526,2024-12-23,Greed,70,Greed
2024-12-24,0x28736f43f1e871e6aa8b1148d38d4994275d72c4,1555.956456,48,0.3125,0.020833333333333332,282.42354166666667,13556.33,0.1875,0.8125,9,39,11.775449433780473,93.09500459627726,0.0,0.25,2024-12-24,Greed,73,Greed
2024-12-24,0x2c229d22b100a7beb69122eed721cee9b24011dd,343.63336100000004,11,0.5454545454545454,0.0,2630.031818181818,28930.35,0.45454545454545453,0.5454545454545454,5,6,225.84218836177425,40.193665739625416,0.0,0.8571428571428571,2024-12-24,Greed,73,Greed
2024-12-24,0x39cef799f8b69da1995852eea189df24eb5cae3c,14849.788861,19,0.8421052631578947,0.0,17744.187894736842,337139.57,0.15789473684210525,0.8421052631578947,3,16,8138.693989322924,1195.074612228355,0.0,0.23529411764705882,2024-12-24,Greed,73,Greed
2024-12-24,0x420ab45e0bd8863569a5efbb9c05d91f40624641,0.0,7,0.0,0.0,4312.501428571429,30187.510000000002,0.0,1.0,0,7,0.11826785779725624,0.0,0.0,0.125,2024-12-24,Greed,73,Greed
2024-12-24,0x47add9a56df66b524d5e2c1993a43cde53b6ed85,1506.989241,121,0.4214876033057851,0.09090909090909091,393.04826446280987,47558.84,0.4628099173553719,0.5371900826446281,56,65,57.28478506260629,37.24627643815608,0.0,0.8636363636363636,2024-12-24,Greed,73,Greed
2024-12-24,0x4f93fead39b70a1824f981a54d4e55b278e9f760,2081.2674110000003,32,0.65625,0.0,29259.798125,936313.54,0.09375,0.90625,3,29,937.9645207846803,134.79796727846625,0.0,0.13333333333333333,2024-12-24,Greed,73,Greed
2024-12-24,0xa0feb3725a9335f49874d7cd8eaad6be45b27416,0.0,1,0.0,0.0,2994.6,2994.6,1.0,0.0,1,0,0.021617546292272458,0.0,0.0,2.0,2024-12-24,Greed,73,Greed
2024-12-24,0xaf40fdc468c30116bd3307bcbf4a451a7ebf1deb,3.43,1,1.0,0.0,963.83,963.83,0.0,1.0,0,1,0.9989635479825462,0.0,0.0,0.5,2024-12-24,Greed,73,Greed
2024-12-24,0xb1231a4a2dd02f2276fa3c5e2a2f3436e6bfed23,0.0,7,0.0,0.0,10714.267142857143,74999.87,0.0,1.0,0,7,0.1410313988315489,0.0,0.0,0.125,2024-12-24,Greed,73,Greed
2024-12-24,0xbd5fead7180a9c139fa51a103cb6a2ce86ddb5c3,0.0,10,0.0,0.0,1070.0,10700.0,0.0,1.0,0,10,0.004975180208453183,0.0,0.0,0.09090909090909091,2024-12-24,Greed,73,Greed
2024-12-24,0xbee1707d6b44d4d52bfe19e41f8a828645437aab,-5527.285214,81,0.04938271604938271,0.5555555555555556,3502.3662962962962,283691.67,0.5061728395061729,0.49382716049382713,41,40,156.4224492083454,204.52319672685098,-5527.285214,1.024390243902439,2024-12-24,Greed,73,Greed
2024-12-25,0x28736f43f1e871e6aa8b1148d38d4994275d72c4,1530.919365,66,0.45454545454545453,0.09090909090909091,284.1157575757576,18751.64,0.18181818181818182,0.8181818181818182,12,54,5.17023458072874,103.30233020298529,0.0,0.23636363636363636,2024-12-25,Greed,73,Greed
2024-12-25,0x47add9a56df66b524d5e2c1993a43cde53b6ed85,271.246809,99,0.30303030303030304,0.10101010101010101,434.2566666666667,42991.41,0.41414141414141414,0.5858585858585859,41,58,19.52689245889507,17.072413825274634,0.0,0.711864406779661,2024-12-25,Greed,73,Greed
2024-12-25,0x4f93fead39b70a1824f981a54d4e55b278e9f760,0.0,3,0.0,0.0,23333.069999999996,69999.20999999999,0.0,1.0,0,3,0.10635224292717121,0.0,0.0,0.25,2024-12-25,Greed,73,Greed
2024-12-25,0x72c6a4624e1dffa724e6d00d64ceae698af892a0,0.0,1,0.0,0.0,28677.0,28677.0,0.0,1.0,0,1,0.033320188662015165,0.0,0.0,0.5,2024-12-25,Greed,73,Greed
2024-12-25,0x7f4f299f74eec87806a830e3caa9afa5f2b9db8f,14.21524,4,0.75,0.0,1688.5525,6754.21,0.25,0.75,1,3,843.0482973328579,3.765929495020674,0.0,0.5,2024-12-25,Greed,73,Greed
2024-12-25,0xbee1707d6b44d4d52bfe19e41f8a828645437aab,-1059.724367,35,0.0,0.08571428571428572,5163.3108571428575,180715.88,0.9142857142857143,0.08571428571428572,32,3,181.68653815925285,159.77034531594902,-1059.724367,8.25,2024-12-25,Greed,73,Greed
2024-12-26,0x28736f43f1e871e6aa8b1148d38d4994275d72c4,101.860928,84,0.3333333333333333,0.03571428571428571,223.8904761904762,18806.8,0.8571428571428571,0.14285714285714285,72,12,0.08092311935146436,3.0209839597357537,0.0,5.615384615384615,2024-12-26,Extreme Greed,79,Greed
2024-12-26,0x3f9a0aadc7f04a7c9d75dc1b5a6ddd6e36486cf6,29897.971695000004,32,0.3125,0.0,2297.953125,73534.5,0.6875,0.3125,22,10,0.002480676308189127,3774.433697490443,0.0,2.090909090909091,2024-12-26,Extreme Greed,79,Greed
2024-12-26,0x47add9a56df66b524d5e2c1993a43cde53b6ed85,9136.439892,160,0.35,0.0375,875.6657499999999,140106.52,0.2875,0.7125,46,114,0.07567194803795588,200.56916867135533,0.0,0.40869565217391307,2024-12-26,Extreme Greed,79,Greed
2024-12-26,0x4f93fead39b70a1824f981a54d4e55b278e9f760,7617.597338,21,0.38095238095238093,0.0,21067.338571428572,442414.11,0.9523809523809523,0.047619047619047616,20,1,94.69194502915703,607.1120594255551,0.0,10.5,2024-12-26,Extreme Greed,79,Greed
2024-12-26,0x8381e6d82f1affd39a336e143e081ef7620a3b7f,0.0,2,0.0,0.0,1914.0,3828.0,1.0,0.0,2,0,0.011939558613714237,0.0,0.0,3.0,2024-12-26,Extreme Greed,79,Greed
2024-12-26,0xb1231a4a2dd02f2276fa3c5e2a2f3436e6bfed23,10371.049075,61,1.0,0.0,1878.7534426229506,114603.95999999999,1.0,0.0,61,0,0.08319693314623788,256.34372986634986,0.0,62.0,2024-12-26,Extreme Greed,79,Greed
2024-12-26,0xbee1707d6b44d4d52bfe19e41f8a828645437aab,3103.720794,337,0.5786350148367952,0.011869436201780416,4189.758931750742,1411948.76,0.44510385756676557,0.5548961424332344,150,187,48.625469306945476,43.11117990948998,0.0,0.8031914893617021,2024-12-26,Extreme Greed,79,Greed
2024-12-27,0x28736f43f1e871e6aa8b1148d38d4994275d72c4,388.366016,73,0.3561643835616438,0.0,221.81794520547948,16192.710000000001,0.547945205479452,0.4520547945205479,40,33,0.10926017597231699,18.21948829634581,0.0,1.2058823529411764,2024-12-27,Greed,74,Greed
2024-12-27,0x47add9a56df66b524d5e2c1993a43cde53b6ed85,1473.2450880000001,115,0.6086956521739131,0.05217391304347826,439.5926086956522,50553.15,0.6086956521739131,0.391304347826087,70,45,6.508802872532853,77.14631728449714,0.0,1.5434782608695652,2024-12-27,Greed,74,Greed
2024-12-27,0x4acb90e786d897ecffb614dc822eb231b4ffb9f4,357.346725,18,0.5,0.0,7190.583333333333,129430.5,0.5,0.5,9,9,111.61113702979097,35.70759387628999,0.0,1.0,2024-12-27,Greed,74,Greed
2024-12-27,0x4f93fead39b70a1824f981a54d4e55b278e9f760,0.0,18,0.0,0.0,3890.9755555555553,70037.56,1.0,0.0,18,0,0.07588177089851875,0.0,0.0,19.0,2024-12-27,Greed,74,Greed
2024-12-27,0x72c6a4624e1dffa724e6d00d64ceae698af892a0,0.0,6,0.0,0.0,9450.001666666667,56700.01,0.0,1.0,0,6,0.010576999040790047,0.0,0.0,0.14285714285714285,2024-12-27,Greed,74,Greed
2024-12-27,0x8170715b3b381dffb7062c0298972d4727a0a63b,453.853206,29,0.1724137931034483,0.0,862.0348275862068,24999.01,0.0,1.0,0,29,1.809105113703163,51.79545549894368,0.0,0.03333333333333333,2024-12-27,Greed,74,Greed
2024-12-27,0xbee1707d6b44d4d52bfe19e41f8a828645437aab,0.0,1,0.0,0.0,0.06,0.06,0.0,1.0,0,1,0.0567210140802521,0.0,0.0,0.5,2024-12-27,Greed,74,Greed
2024-12-28,0x28736f43f1e871e6aa8b1148d38d4994275d72c4,506.512551,63,0.36507936507936506,0.1111111111111111,166.3415873015873,10479.52,0.5555555555555556,0.4444444444444444,35,28,3.3297740196801797,19.83940598742907,0.0,1.2413793103448276,2024-12-28,Greed,72,Greed
2024-12-28,0x3f9a0aadc7f04a7c9d75dc1b5a6ddd6e36486cf6,0.0,10,0.0,0.0,6154.678,61546.78,1.0,0.0,10,0,0.006514535344593268,0.0,0.0,11.0,2024-12-28,Greed,72,Greed
2024-12-28,0x47add9a56df66b524d5e2c1993a43cde53b6ed85,74.156745,43,0.23255813953488372,0.0,286.27116279069764,12309.66,0.23255813953488372,0.7674418604651163,10,33,4.407799336814668,6.3330243803669255,0.0,0.3235294117647059,2024-12-28,Greed,72,Greed
2024-12-28,0x4f93fead39b70a1824f981a54d4e55b278e9f760,16.972942,6,0.5,0.0,18342.231666666667,110053.39,0.0,1.0,0,6,647.432438217632,4.033146831071771,0.0,0.14285714285714285,2024-12-28,Greed,72,Greed
2024-12-28,0x72c6a4624e1dffa724e6d00d64ceae698af892a0,0.0,34,0.0,0.0,2406.462941176471,81819.74,0.0,1.0,0,34,0.002576703997692468,0.0,0.0,0.02857142857142857,2024-12-28,Greed,72,Greed
2024-12-28,0x8170715b3b381dffb7062c0298972d4727a0a63b,343.092145,1,1.0,0.0,4999.89,4999.89,0.0,1.0,0,1,0.18294878432226944,0.0,0.0,0.5,2024-12-28,Greed,72,Greed
2024-12-28,0xbaaaf6571ab7d571043ff1e313a9609a10637864,-0.06076,4,0.0,0.5,86.5075,346.03,0.5,0.5,2,2,43.75430445491145,0.022685334469652416,-0.06076,1.0,2024-12-28,Greed,72,Greed
2024-12-29,0x28736f43f1e871e6aa8b1148d38d4994275d72c4,115.51218300000001,34,0.5,0.0,140.99176470588236,4793.72,0.20588235294117646,0.7941176470588235,7,27,0.34812261575819103,8.01906585082263,0.0,0.2857142857142857,2024-12-29,Greed,73,Greed
2024-12-29,0x47add9a56df66b524d5e2c1993a43cde53b6ed85,1609.679253,92,0.42391304347826086,0.0,473.0703260869565,43522.47,0.5217391304347826,0.4782608695652174,48,44,62.339864078012795,113.55303849577996,0.0,1.0888888888888888,2024-12-29,Greed,73,Greed
2024-12-29,0x4f93fead39b70a1824f981a54d4e55b278e9f760,390.062046,14,0.2857142857142857,0.0,5685.322142857142,79594.51,0.5,0.5,7,7,714.5498422266668,55.57851434042826,0.0,1.0,2024-12-29,Greed,73,Greed
2024-12-29,0x72c6a4624e1dffa724e6d00d64ceae698af892a0,0.0,14,0.0,0.0,5006.2699999999995,70087.78,0.0,1.0,0,14,0.004659873872990988,0.0,0.0,0.06666666666666667,2024-12-29,Greed,73,Greed
2024-12-29,0x7f4f299f74eec87806a830e3caa9afa5f2b9db8f,0.0,4,0.0,0.0,10819.605,43278.42,1.0,0.0,4,0,883.8041621005434,0.0,0.0,5.0,2024-12-29,Greed,73,Greed
2024-12-29,0x8170715b3b381dffb7062c0298972d4727a0a63b,768.814445,4,1.0,0.0,1918.2925,7673.17,0.75,0.25,3,1,0.10879705073994128,161.4575202498714,0.0,2.0,2024-12-29,Greed,73,Greed
2024-12-29,0xbd5fead7180a9c139fa51a103cb6a2ce86ddb5c3,0.0,39,0.0,0.0,2453.2941025641026,95678.47,0.0,1.0,0,39,0.010223035314962471,0.0,0.0,0.025,2024-12-29,Greed,73,Greed
2024-12-30,0x28736f43f1e871e6aa8b1148d38d4994275d72c4,255.808312,125,0.336,0.008,455.63544,56954.43,0.872,0.128,109,16,3.77077421891934,5.7822111545436,0.0,6.470588235294118,2024-12-30,Greed,65,Greed
2024-12-30,0x2c229d22b100a7beb69122eed721cee9b24011dd,0.19908,2,0.5,0.0,34.21,68.42,0.5,0.5,1,1,17.540822644574362,0.1407708179986179,0.0,1.0,2024-12-30,Greed,65,Greed
2024-12-30,0x47add9a56df66b524d5e2c1993a43cde53b6ed85,240.749155,59,0.5084745762711864,0.01694915254237288,530.9594915254237,31326.61,0.6101694915254238,0.3898305084745763,36,23,13.374506360647935,7.621157418577797,0.0,1.5416666666666667,2024-12-30,Greed,65,Greed
2024-12-30,0x4acb90e786d897ecffb614dc822eb231b4ffb9f4,2227.18659,38,0.6578947368421053,0.0,6536.572105263158,248389.74,0.34210526315789475,0.6578947368421053,13,25,641.9104857151211,89.8957944663807,0.0,0.5384615384615384,2024-12-30,Greed,65,Greed
2024-12-30,0x4f93fead39b70a1824f981a54d4e55b278e9f760,4235.298688000001,22,0.4090909090909091,0.0,25644.989545454548,564189.77,0.5909090909090909,0.4090909090909091,13,9,1363.5459940481867,707.3152788012376,0.0,1.4,2024-12-30,Greed,65,Greed
2024-12-30,0x72c6a4624e1dffa724e6d00d64ceae698af892a0,0.0,15,0.0,0.0,2392.239333333333,35883.59,0.0,1.0,0,15,0.002225011176204579,0.0,0.0,0.0625,2024-12-30,Greed,65,Greed
2024-12-30,0x7f4f299f74eec87806a830e3caa9afa5f2b9db8f,838.9844760000001,12,0.5833333333333334,0.0,4069.070833333333,48828.85,0.4166666666666667,0.5833333333333334,5,7,0.1341635017525765,88.35621534692841,0.0,0.75,2024-12-30,Greed,65,Greed
2024-12-30,0x8170715b3b381dffb7062c0298972d4727a0a63b,1211.511836,6,1.0,0.0,946.8850000000001,5681.31,1.0,0.0,6,0,0.12995899325987656,129.82512211498968,0.0,7.0,2024-12-30,Greed,65,Greed
2024-12-30,0xb1231a4a2dd02f2276fa3c5e2a2f3436e6bfed23,0.0,25,0.0,0.0,3301.7203999999997,82543.01,0.0,1.0,0,25,20.39108886712374,0.0,0.0,0.038461538461538464,2024-12-30,Greed,65,Greed
2024-12-31,0x28736f43f1e871e6aa8b1148d38d4994275d72c4,496.221792,107,0.29906542056074764,0.009345794392523364,1121.107570093458,119958.51,0.5327102803738317,0.4672897196261682,57,50,77.23778660532912,21.12215252826418,0.0,1.1372549019607843,2024-12-31,Greed,64,Greed
2024-12-31,0x2c229d22b100a7beb69122eed721cee9b24011dd,2243.319777,49,0.9795918367346939,0.0,4127.501224489796,202247.56,0.02040816326530612,0.9795918367346939,1,48,2040.968651892556,32.506777636031146,0.0,0.04081632653061224,2024-12-31,Greed,64,Greed
2024-12-31,0x47add9a56df66b524d5e2c1993a43cde53b6ed85,97.688169,99,0.0707070707070707,0.0707070707070707,541.9542424242425,53653.47,0.3434343434343434,0.6565656565656566,34,65,66.70733225189403,7.295650508382559,0.0,0.5303030303030303,2024-12-31,Greed,64,Greed
2024-12-31,0x4f93fead39b70a1824f981a54d4e55b278e9f760,2301.21954,47,0.0425531914893617,0.0,10472.761489361701,492219.79,0.9574468085106383,0.0425531914893617,45,2,212.9052474580399,270.11535966599524,0.0,15.333333333333334,2024-12-31,Greed,64,Greed
2024-12-31,0x7f4f299f74eec87806a830e3caa9afa5f2b9db8f,0.0,1,0.0,0.0,8056.83,8056.83,1.0,0.0,1,0,0.2945773157405523,0.0,0.0,2.0,2024-12-31,Greed,64,Greed
2024-12-31,0x8170715b3b381dffb7062c0298972d4727a0a63b,306.563532,3,1.0,0.0,342.82,1028.46,1.0,0.0,3,0,0.09479000316446994,76.78172488698138,0.0,4.0,2024-12-31,Greed,64,Greed
2025-01-01,0x28736f43f1e871e6aa8b1148d38d4994275d72c4,109.82694000000001,59,0.3559322033898305,0.0,263.3476271186441,15537.51,0.7457627118644068,0.2542372881355932,44,15,0.24689884897685568,4.93802021668596,0.0,2.8125,2025-01-01,Greed,66,Greed
2025-01-01,0x39cef799f8b69da1995852eea189df24eb5cae3c,-9655.676981,12,0.4166666666666667,0.08333333333333333,15270.597499999998,183247.16999999998,0.5,0.5,6,6,265.2289450392755,2798.6471808221468,-9655.676981,1.0,2025-01-01,Greed,66,Greed
2025-01-01,0x47add9a56df66b524d5e2c1993a43cde53b6ed85,17.784696,16,0.1875,0.0,632.90125,10126.42,0.5625,0.4375,9,7,0.18234742021447992,2.448537215023288,0.0,1.25,2025-01-01,Greed,66,Greed
2025-01-01,0x4f93fead39b70a1824f981a54d4e55b278e9f760,0.0,1,0.0,0.0,49999.51,49999.51,1.0,0.0,1,0,0.5043384962140004,0.0,0.0,2.0,2025-01-01,Greed,66,Greed
2025-01-01,0x7f4f299f74eec87806a830e3caa9afa5f2b9db8f,0.0,3,0.0,0.0,7555.826666666667,22667.48,1.0,0.0,3,0,0.18977094893181856,0.0,0.0,4.0,2025-01-01,Greed,66,Greed
2025-01-01,0x8381e6d82f1affd39a336e143e081ef7620a3b7f,0.0,5,0.0,0.0,200.802,1004.01,1.0,0.0,5,0,0.0011877904932657611,0.0,0.0,6.0,2025-01-01,Greed,66,Greed
2025-01-02,0x28736f43f1e871e6aa8b1148d38d4994275d72c4,416.546688,101,0.45544554455445546,0.009900990099009901,217.69336633663366,21987.03,0.24752475247524752,0.7524752475247525,25,76,6.741092982929179,7.2895790247503625,0.0,0.33766233766233766,2025-01-02,Greed,70,Greed
2025-01-02,0x47add9a56df66b524d5e2c1993a43cde53b6ed85,677.276764,90,0.4777777777777778,0.022222222222222223,548.5241111111111,49367.17,0.3333333333333333,0.6666666666666666,30,60,0.20715050937359672,19.335400507848206,0.0,0.5081967213114754,2025-01-02,Greed,70,Greed
2025-01-02,0x4f93fead39b70a1824f981a54d4e55b278e9f760,2399.9471460000004,19,0.42105263157894735,0.0,19582.443684210524,372066.43,0.5789473684210527,0.42105263157894735,11,8,1608.4255272065184,295.46426769581956,0.0,1.3333333333333333,2025-01-02,Greed,70,Greed
2025-01-02,0x72c6a4624e1dffa724e6d00d64ceae698af892a0,0.0,3,0.0,0.0,8894.193333333335,26682.58,0.0,1.0,0,3,0.008657948356760268,0.0,0.0,0.25,2025-01-02,Greed,70,Greed
2025-01-02,0x75f7eeb85dc639d5e99c78f95393aa9a5f1170d4,3429.9583199999997,53,0.9433962264150944,0.0,3870.1449056603774,205117.68,0.32075471698113206,0.6792452830188679,17,36,1911.1941095495422,204.05660704734757,0.0,0.4864864864864865,2025-01-02,Greed,70,Greed
2025-01-02,0x7f4f299f74eec87806a830e3caa9afa5f2b9db8f,1008.518954,9,0.5555555555555556,0.0,6758.5633333333335,60827.07,0.4444444444444444,0.5555555555555556,4,5,186.03353984494106,249.78317182134546,0.0,0.8333333333333334,2025-01-02,Greed,70,Greed
2025-01-02,0x8170715b3b381dffb7062c0298972d4727a0a63b,739.18423,3,1.0,0.0,1004.1633333333334,3012.4900000000002,1.0,0.0,3,0,0.675968467277006,214.47659044756895,0.0,4.0,2025-01-02,Greed,70,Greed
2025-01-02,0x8477e447846c758f5a675856001ea72298fd9cb5,45.086985,77,0.12987012987012986,0.0,332.6585714285714,25614.71,0.14285714285714285,0.8571428571428571,11,66,188.81815015800174,1.9788303013246393,0.0,0.1791044776119403,2025-01-02,Greed,70,Greed
2025-01-02,0xb1231a4a2dd02f2276fa3c5e2a2f3436e6bfed23,0.0,6,0.0,0.0,1666.6133333333335,9999.68,1.0,0.0,6,0,0.6424626090314013,0.0,0.0,7.0,2025-01-02,Greed,70,Greed
2025-01-03,0x28736f43f1e871e6aa8b1148d38d4994275d72c4,250.581483,69,0.5217391304347826,0.043478260869565216,217.15115942028987,14983.43,0.4927536231884058,0.5072463768115942,34,35,15.297827060825723,9.461472462880298,0.0,0.9722222222222222,2025-01-03,Greed,74,Greed
2025-01-03,0x39cef799f8b69da1995852eea189df24eb5cae3c,0.0,1,0.0,0.0,6217.48,6217.48,1.0,0.0,1,0,0.15098576948488632,0.0,0.0,2.0,2025-01-03,Greed,74,Greed
2025-01-03,0x47add9a56df66b524d5e2c1993a43cde53b6ed85,846.655814,102,0.23529411764705882,0.21568627450980393,321.5754901960784,32800.7,0.5,0.5,51,51,12.946552970033158,33.4328940612474,0.0,1.0,2025-01-03,Greed,74,Greed
2025-01-03,0x4f93fead39b70a1824f981a54d4e55b278e9f760,3084.287743,48,0.6041666666666666,0.0,9644.217708333334,462922.45,0.3958333333333333,0.6041666666666666,19,29,209.33268763255379,179.54695102551548,0.0,0.6666666666666666,2025-01-03,Greed,74,Greed
2025-01-03,0x72c6a4624e1dffa724e6d00d64ceae698af892a0,0.0,6,0.0,0.0,6065.75,36394.5,0.0,1.0,0,6,0.006066835823996295,0.0,0.0,0.14285714285714285,2025-01-03,Greed,74,Greed
2025-01-03,0x7f4f299f74eec87806a830e3caa9afa5f2b9db8f,937.789615,26,0.6538461538461539,0.0,1975.7373076923077,51369.17,0.34615384615384615,0.6538461538461539,9,17,0.05675596398938714,58.385616932687626,0.0,0.5555555555555556,2025-01-03,Greed,74,Greed
2025-01-03,0x8477e447846c758f5a675856001ea72298fd9cb5,909.1721379999999,177,0.1807909604519774,0.0,251.76581920903956,44562.55,0.20903954802259886,0.7909604519774012,37,140,49.01356017951062,28.519074727471004,0.0,0.2695035460992908,2025-01-03,Greed,74,Greed
2025-01-03,0xb1231a4a2dd02f2276fa3c5e2a2f3436e6bfed23,0.0,18,0.0,0.0,557.795,10040.31,1.0,0.0,18,0,0.045152572790417914,0.0,0.0,19.0,2025-01-03,Greed,74,Greed
2025-01-03,0xbd5fead7180a9c139fa51a103cb6a2ce86ddb5c3,0.0,61,0.0,0.0,1834.7278688524589,111918.4,0.0,1.0,0,61,0.004362744482389887,0.0,0.0,0.016129032258064516,2025-01-03,Greed,74,Greed
2025-01-04,0x28736f43f1e871e6aa8b1148d38d4994275d72c4,232.66549799999999,81,0.49382716049382713,0.09876543209876543,156.68296296296296,12691.32,0.3950617283950617,0.6049382716049383,32,49,29.884121006963664,6.331508983162254,0.0,0.66,2025-01-04,Greed,73,Greed
2025-01-04,0x47add9a56df66b524d5e2c1993a43cde53b6ed85,73.451675,57,0.2631578947368421,0.03508771929824561,628.7080701754386,35836.36,0.3508771929824561,0.6491228070175439,20,37,23.011632520915562,16.157620885863043,0.0,0.5526315789473685,2025-01-04,Greed,73,Greed
2025-01-04,0x4f93fead39b70a1824f981a54d4e55b278e9f760,0.0,14,0.0,0.0,7142.837142857143,99999.72,1.0,0.0,14,0,714.4782786684157,0.0,0.0,15.0,2025-01-04,Greed,73,Greed
2025-01-04,0x72743ae2822edd658c0c50608fd7c5c501b2afbd,0.0,141,0.0,0.0,11569.857730496453,1631349.94,0.0,1.0,0,141,0.4039218814910194,0.0,0.0,0.007042253521126761,2025-01-04,Greed,73,Greed
2025-01-04,0x72c6a4624e1dffa724e6d00d64ceae698af892a0,0.0,1,0.0,0.0,2128.95,2128.95,0.0,1.0,0,1,0.0021300846343122433,0.0,0.0,0.5,2025-01-04,Greed,73,Greed
2025-01-04,0x8381e6d82f1affd39a336e143e081ef7620a3b7f,0.0,2,0.0,0.0,710.865,1421.73,1.0,0.0,2,0,535.6182877663127,0.0,0.0,3.0,2025-01-04,Greed,73,Greed
2025-01-04,0x8477e447846c758f5a675856001ea72298fd9cb5,30.818079,51,0.0392156862745098,0.0,182.9343137254902,9329.65,0.0392156862745098,0.9607843137254902,2,49,8.9146758964298,3.351975265486334,0.0,0.06,2025-01-04,Greed,73,Greed
2025-01-04,0xa520ded057a32086c40e7dd6ed4eb8efb82c00e0,556.803152,5,1.0,0.0,213.09399999999997,1065.4699999999998,0.0,1.0,0,5,0.002463353318147422,114.19747867874817,0.0,0.16666666666666666,2025-01-04,Greed,73,Greed
2025-01-04,0xb1231a4a2dd02f2276fa3c5e2a2f3436e6bfed23,1659.7995640000001,19,0.6842105263157895,0.0,1695.0778947368422,32206.48,0.3157894736842105,0.6842105263157895,6,13,3.3615106711898397,320.18674816154146,0.0,0.5,2025-01-04,Greed,73,Greed
2025-01-05,0x28736f43f1e871e6aa8b1148d38d4994275d72c4,87.752181,82,0.5365853658536586,0.036585365853658534,101.1840243902439,8297.09,0.47560975609756095,0.524390243902439,39,43,10.49118517755008,1.9893938024390043,0.0,0.9090909090909091,2025-01-05,Greed,72,Greed
2025-01-05,0x47add9a56df66b524d5e2c1993a43cde53b6ed85,8.594753,38,0.10526315789473684,0.02631578947368421,439.9673684210526,16718.76,0.02631578947368421,0.9736842105263158,1,37,0.06932349925150406,4.12532342466208,0.0,0.05263157894736842,2025-01-05,Greed,72,Greed
2025-01-05,0x4f93fead39b70a1824f981a54d4e55b278e9f760,890.33157,19,0.21052631578947367,0.0,19427.31105263158,369118.91000000003,0.7894736842105263,0.21052631578947367,15,4,2105.485593209455,128.0469160220766,0.0,3.2,2025-01-05,Greed,72,Greed
2025-01-05,0x72c6a4624e1dffa724e6d00d64ceae698af892a0,0.0,8,0.0,0.0,2863.6875,22909.5,0.0,1.0,0,8,0.002649904035838686,0.0,0.0,0.1111111111111111,2025-01-05,Greed,72,Greed
2025-01-05,0x7f4f299f74eec87806a830e3caa9afa5f2b9db8f,1093.05677,7,1.0,0.0,1828.1614285714284,12797.13,0.0,1.0,0,7,0.08907177196508578,191.93206477406656,0.0,0.125,2025-01-05,Greed,72,Greed
2025-01-05,0x8381e6d82f1affd39a336e143e081ef7620a3b7f,0.0,1,0.0,0.0,456.83,456.83,1.0,0.0,1,0,456.83,0.0,0.0,2.0,2025-01-05,Greed,72,Greed
2025-01-05,0x8477e447846c758f5a675856001ea72298fd9cb5,151.429584,51,0.17647058823529413,0.0,209.45666666666668,10682.29,0.17647058823529413,0.8235294117647058,9,42,1.1883315329388262,9.546186527760591,0.0,0.23255813953488372,2025-01-05,Greed,72,Greed
2025-01-05,0xb1231a4a2dd02f2276fa3c5e2a2f3436e6bfed23,956.5545050000001,33,0.9696969696969697,0.0,332.21393939393937,10963.06,0.0,1.0,0,33,0.06196171232371495,64.61643465541513,0.0,0.029411764705882353,2025-01-05,Greed,72,Greed
2025-01-06,0x28736f43f1e871e6aa8b1148d38d4994275d72c4,114.68421000000001,80,0.2625,0.0,82.075375,6566.03,0.225,0.775,18,62,1.4673589632196005,5.049513041782492,0.0,0.30158730158730157,2025-01-06,Extreme Greed,76,Greed
2025-01-06,0x47add9a56df66b524d5e2c1993a43cde53b6ed85,559.643925,84,0.20238095238095238,0.14285714285714285,414.94607142857143,34855.47,0.32142857142857145,0.6785714285714286,27,57,1.8202103468341857,25.312321679376005,0.0,0.4827586206896552,2025-01-06,Extreme Greed,76,Greed
2025-01-06,0x4f93fead39b70a1824f981a54d4e55b278e9f760,3575.442423,32,0.4375,0.0,10735.9740625,343551.17,0.5625,0.4375,18,14,1010.4763620067578,366.0704748695891,0.0,1.2666666666666666,2025-01-06,Extreme Greed,76,Greed
2025-01-06,0x72c6a4624e1dffa724e6d00d64ceae698af892a0,0.0,25,0.0,0.0,2910.8484000000003,72771.21,0.0,1.0,0,25,0.002576941562242127,0.0,0.0,0.038461538461538464,2025-01-06,Extreme Greed,76,Greed
2025-01-06,0x7f4f299f74eec87806a830e3caa9afa5f2b9db8f,1260.832586,1,1.0,0.0,12912.0,12912.0,0.0,1.0,0,1,0.9999184421164191,0.0,0.0,0.5,2025-01-06,Extreme Greed,76,Greed
2025-01-06,0x8477e447846c758f5a675856001ea72298fd9cb5,272.131501,266,0.03007518796992481,0.07518796992481203,246.8388345864662,65659.13,0.10526315789473684,0.8947368421052632,28,238,5.307209785370662,14.375100223718684,0.0,0.12133891213389121,2025-01-06,Extreme Greed,76,Greed
2025-01-06,0xb1231a4a2dd02f2276fa3c5e2a2f3436e6bfed23,281.45074800000003,85,0.32941176470588235,0.0,237.78799999999998,20211.98,0.6705882352941176,0.32941176470588235,57,28,0.5996116421946326,13.436797650611986,0.0,2.0,2025-01-06,Extreme Greed,76,Greed
2025-01-07,0x28736f43f1e871e6aa8b1148d38d4994275d72c4,267.846227,103,0.6990291262135923,0.038834951456310676,103.70087378640777,10681.19,0.8446601941747572,0.1553398058252427,87,16,3.3115148427277723,3.885274014028063,0.0,5.176470588235294,2025-01-07,Extreme Greed,78,Greed
2025-01-07,0x47add9a56df66b524d5e2c1993a43cde53b6ed85,289.257865,40,0.775,0.075,1311.98475,52479.39,0.75,0.25,30,10,0.2827265286575017,28.558201778882182,0.0,2.8181818181818183,2025-01-07,Extreme Greed,78,Greed
2025-01-07,0x4f93fead39b70a1824f981a54d4e55b278e9f760,0.0,39,0.0,0.0,12147.022564102565,473733.88,1.0,0.0,39,0,0.08287448223173453,0.0,0.0,40.0,2025-01-07,Extreme Greed,78,Greed
2025-01-07,0x75f7eeb85dc639d5e99c78f95393aa9a5f1170d4,11206.706221,232,0.9525862068965517,0.0,2729.2947413793104,633196.38,0.9439655172413793,0.05603448275862069,219,13,966.3152858750474,121.67017595835787,0.0,15.714285714285714,2025-01-07,Extreme Greed,78,Greed
2025-01-07,0x7f4f299f74eec87806a830e3caa9afa5f2b9db8f,0.0,1,0.0,0.0,5768.6,5768.6,1.0,0.0,1,0,5498.630389597399,0.0,0.0,2.0,2025-01-07,Extreme Greed,78,Greed
2025-01-07,0x8477e447846c758f5a675856001ea72298fd9cb5,4334.417218,222,0.7252252252252253,0.036036036036036036,618.5525225225225,137318.66,0.8378378378378378,0.16216216216216217,186,36,42.9809390181299,38.07336838371163,0.0,5.054054054054054,2025-01-07,Extreme Greed,78,Greed
2025-01-08,0x28736f43f1e871e6aa8b1148d38d4994275d72c4,651.469355,149,0.5704697986577181,0.053691275167785234,489.99302013422823,73008.96,0.7449664429530202,0.2550335570469799,111,38,82.11468426962017,10.066939318837784,0.0,2.871794871794872,2025-01-08,Greed,70,Greed
2025-01-08,0x420ab45e0bd8863569a5efbb9c05d91f40624641,0.0,12,0.0,0.0,2966.789166666667,35601.47,0.0,1.0,0,12,0.041395827026967674,0.0,0.0,0.07692307692307693,2025-01-08,Greed,70,Greed
2025-01-08,0x47add9a56df66b524d5e2c1993a43cde53b6ed85,1377.989592,187,0.3155080213903743,0.13368983957219252,524.9171122994652,98159.5,0.6684491978609626,0.3315508021390374,125,62,13.24164052334805,47.94006560531221,0.0,2.0,2025-01-08,Greed,70,Greed
2025-01-08,0x4acb90e786d897ecffb614dc822eb231b4ffb9f4,0.0,139,0.0,0.0,5040.074460431654,700570.35,1.0,0.0,139,0,67.90697718388637,0.0,0.0,140.0,2025-01-08,Greed,70,Greed
2025-01-08,0x4f93fead39b70a1824f981a54d4e55b278e9f760,0.0,16,0.0,0.0,19291.1175,308657.88,1.0,0.0,16,0,0.0316181709040627,0.0,0.0,17.0,2025-01-08,Greed,70,Greed
2025-01-08,0x72743ae2822edd658c0c50608fd7c5c501b2afbd,122050.866984,48,1.0,0.0,31443.71166666667,1509298.1600000001,1.0,0.0,48,0,0.030559578231975384,11036.652746662918,0.0,49.0,2025-01-08,Greed,70,Greed
2025-01-08,0x75f7eeb85dc639d5e99c78f95393aa9a5f1170d4,3710.36178,49,0.9183673469387755,0.0,4625.799183673469,226664.16,0.5510204081632653,0.4489795918367347,27,22,1630.2844487126802,123.84126088021198,0.0,1.2173913043478262,2025-01-08,Greed,70,Greed
2025-01-08,0x7f4f299f74eec87806a830e3caa9afa5f2b9db8f,0.0,11,0.0,0.0,2146.8445454545454,23615.29,1.0,0.0,11,0,0.2076371386240974,0.0,0.0,12.0,2025-01-08,Greed,70,Greed
2025-01-08,0x8477e447846c758f5a675856001ea72298fd9cb5,1303.127763,390,0.3282051282051282,0.007692307692307693,410.6838717948718,160166.71,0.5923076923076923,0.4076923076923077,231,159,57.37195243924674,10.879118794683551,0.0,1.45,2025-01-08,Greed,70,Greed
2025-01-08,0xb1231a4a2dd02f2276fa3c5e2a2f3436e6bfed23,0.0,16,0.0,0.0,944.90625,15118.5,1.0,0.0,16,0,0.289526812314518,0.0,0.0,17.0,2025-01-08,Greed,70,Greed
2025-01-08,0xbd5fead7180a9c139fa51a103cb6a2ce86ddb5c3,1023.27508,22,0.9545454545454546,0.0,1200.6454545454546,26414.2,0.9545454545454546,0.045454545454545456,21,1,0.0029642583896199825,56.36197733293505,0.0,11.0,2025-01-08,Greed,70,Greed
2025-01-09,0x28736f43f1e871e6aa8b1148d38d4994275d72c4,571.688942,103,0.47572815533980584,0.0,728.4078640776698,75026.01,0.6213592233009708,0.3786407766990291,64,39,20.761364269210105,12.215227770786832,0.0,1.625,2025-01-09,Greed,69,Greed
2025-01-09,0x47add9a56df66b524d5e2c1993a43cde53b6ed85,279.587921,95,0.18947368421052632,0.08421052631578947,498.5522105263158,47362.46,0.47368421052631576,0.5263157894736842,45,50,39.60412130884976,38.82852014386505,0.0,0.9019607843137255,2025-01-09,Greed,69,Greed
2025-01-09,0x4acb90e786d897ecffb614dc822eb231b4ffb9f4,35352.95374,96,0.5833333333333334,0.0,7755.243541666667,744503.38,0.4166666666666667,0.5833333333333334,40,56,91.12733402987368,1042.8240854351102,0.0,0.7192982456140351,2025-01-09,Greed,69,Greed
2025-01-09,0x72c6a4624e1dffa724e6d00d64ceae698af892a0,10647.977,1,1.0,0.0,38563.98,38563.98,1.0,0.0,1,0,0.04377264465677581,0.0,0.0,2.0,2025-01-09,Greed,69,Greed
2025-01-09,0x7f4f299f74eec87806a830e3caa9afa5f2b9db8f,0.0,1,0.0,0.0,9563.74,9563.74,1.0,0.0,1,0,0.36366185144684854,0.0,0.0,2.0,2025-01-09,Greed,69,Greed
2025-01-09,0x8381e6d82f1affd39a336e143e081ef7620a3b7f,0.0,4,0.0,0.0,1509.6399999999999,6038.5599999999995,1.0,0.0,4,0,105.8784667769352,0.0,0.0,5.0,2025-01-09,Greed,69,Greed
2025-01-09,0x8477e447846c758f5a675856001ea72298fd9cb5,123.72129899999999,222,0.0945945945945946,0.07207207207207207,448.987027027027,99675.12,0.2072072072072072,0.7927927927927928,46,176,91.45971231472899,6.802936278974585,0.0,0.2655367231638418,2025-01-09,Greed,69,Greed
2025-01-10,0x28736f43f1e871e6aa8b1148d38d4994275d72c4,401.706348,84,0.44047619047619047,0.03571428571428571,522.1204761904762,43858.12,0.40476190476190477,0.5952380952380952,34,50,19.05373186445932,10.937364215425937,0.0,0.6862745098039216,2025-01-10,Neutral,50,Neutral
2025-01-10,0x2c229d22b100a7beb69122eed721cee9b24011dd,21980.47249,136,0.9191176470588235,0.0,2289.4099264705883,311359.75,0.08088235294117647,0.9191176470588235,11,125,202.44304847894932,385.2259353459991,0.0,0.09523809523809523,2025-01-10,Neutral,50,Neutral
2025-01-10,0x47add9a56df66b524d5e2c1993a43cde53b6ed85,-271.259943,97,0.26804123711340205,0.17525773195876287,586.3769072164948,56878.56,0.4020618556701031,0.5979381443298969,39,58,15.551894504872736,53.294850856802356,-271.259943,0.6779661016949152,2025-01-10,Neutral,50,Neutral
2025-01-10,0x4acb90e786d897ecffb614dc822eb231b4ffb9f4,2812.7685,27,1.0,0.0,4195.841481481481,113287.72,0.0,1.0,0,27,0.1281421045808437,147.03010597494364,0.0,0.03571428571428571,2025-01-10,Neutral,50,Neutral
2025-01-10,0x4f93fead39b70a1824f981a54d4e55b278e9f760,-36229.641811,219,0.4474885844748858,0.0867579908675799,26918.19479452055,5895084.66,0.4657534246575342,0.5342465753424658,102,117,1430.8845861858063,1536.5518775797605,-36229.641811,0.8728813559322034,2025-01-10,Neutral,50,Neutral
2025-01-10,0x8477e447846c758f5a675856001ea72298fd9cb5,1189.078864,254,0.468503937007874,0.06692913385826772,476.30413385826773,120981.25,0.7007874015748031,0.2992125984251969,178,76,50.47200211825812,16.9830192652265,0.0,2.324675324675325,2025-01-10,Neutral,50,Neutral
2025-01-10,0xbee1707d6b44d4d52bfe19e41f8a828645437aab,0.0,2,0.0,0.0,2999.81,5999.62,1.0,0.0,2,0,1500.4577165461772,0.0,0.0,3.0,2025-01-10,Neutral,50,Neutral
2025-01-11,0x28736f43f1e871e6aa8b1148d38d4994275d72c4,157.228232,37,0.43243243243243246,0.05405405405405406,484.2756756756757,17918.2,0.4864864864864865,0.5135135135135135,18,19,7.39209889132143,11.503435164314542,0.0,0.95,2025-01-11,Greed,69,Greed
2025-01-11,0x2c229d22b100a7beb69122eed721cee9b24011dd,-2.454844,7,0.0,0.42857142857142855,1785.1328571428571,12495.93,0.5714285714285714,0.42857142857142855,4,3,275.90615960669754,0.7188475975724385,-2.454844,1.25,2025-01-11,Greed,69,Greed
2025-01-11,0x47add9a56df66b524d5e2c1993a43cde53b6ed85,71.39075800000003,39,0.1794871794871795,0.3333333333333333,484.43128205128204,18892.82,0.41025641025641024,0.5897435897435898,16,23,0.3158286816669133,64.29070219323386,0.0,0.7083333333333334,2025-01-11,Greed,69,Greed
2025-01-11,0x4f93fead39b70a1824f981a54d4e55b278e9f760,1559.841529,76,0.35526315789473684,0.0,20461.92407894737,1555106.23,0.6447368421052632,0.35526315789473684,49,27,490.79903100478066,63.45579543061542,0.0,1.7857142857142858,2025-01-11,Greed,69,Greed
2025-01-11,0x6d6a4b953f202f8df5bed40692e7fd865318264a,0.0,33,0.0,0.0,227.26757575757574,7499.83,1.0,0.0,33,0,32.09250456243474,0.0,0.0,34.0,2025-01-11,Greed,69,Greed
2025-01-11,0x8477e447846c758f5a675856001ea72298fd9cb5,417.647169,82,0.2073170731707317,0.012195121951219513,435.32475609756096,35696.63,0.47560975609756095,0.524390243902439,39,43,27.94795195182514,24.64619070514875,0.0,0.9090909090909091,2025-01-11,Greed,69,Greed
2025-01-11,0xbee1707d6b44d4d52bfe19e41f8a828645437aab,65.42769200000001,9,0.2222222222222222,0.0,1165.4522222222222,10489.07,0.7777777777777778,0.2222222222222222,7,2,0.13526750828365414,14.426288389347658,0.0,2.6666666666666665,2025-01-11,Greed,69,Greed
2025-01-12,0x28736f43f1e871e6aa8b1148d38d4994275d72c4,274.773033,63,0.6190476190476191,0.015873015873015872,446.3861904761905,28122.33,0.4603174603174603,0.5396825396825397,29,34,44.35217192393867,9.105295986340487,0.0,0.8571428571428571,2025-01-12,Greed,62,Greed
2025-01-12,0x3f9a0aadc7f04a7c9d75dc1b5a6ddd6e36486cf6,3699.757273,3,1.0,0.0,7958.366666666666,23875.1,0.0,1.0,0,3,0.3344524233993656,2125.1376861801396,0.0,0.25,2025-01-12,Greed,62,Greed
2025-01-12,0x47add9a56df66b524d5e2c1993a43cde53b6ed85,103.67729899999999,44,0.13636363636363635,0.045454545454545456,282.01,12408.44,0.22727272727272727,0.7727272727272727,10,34,19.74523857831095,10.193927007589929,0.0,0.3142857142857143,2025-01-12,Greed,62,Greed
2025-01-12,0x4acb90e786d897ecffb614dc822eb231b4ffb9f4,927.412681,390,1.0,0.0,830.1821794871795,323771.05,0.0,1.0,0,390,0.020296362075970895,3.070185210596726,0.0,0.0025575447570332483,2025-01-12,Greed,62,Greed
2025-01-12,0x4f93fead39b70a1824f981a54d4e55b278e9f760,736.621517,75,0.4533333333333333,0.0,24737.227600000002,1855292.07,0.4,0.6,30,45,474.21732188133154,23.734732479204094,0.0,0.6739130434782609,2025-01-12,Greed,62,Greed
2025-01-12,0x6d6a4b953f202f8df5bed40692e7fd865318264a,0.0,12,0.0,0.0,833.3333333333334,10000.0,1.0,0.0,12,0,20.794842091412082,0.0,0.0,13.0,2025-01-12,Greed,62,Greed
2025-01-12,0x8477e447846c758f5a675856001ea72298fd9cb5,0.0,15,0.0,0.0,332.6786666666667,4990.18,0.0,1.0,0,15,15.000206552932553,0.0,0.0,0.0625,2025-01-12,Greed,62,Greed
2025-01-13,0x23e7a7f8d14b550961925fbfdaa92f5d195ba5bd,0.0,13,0.0,0.0,2845.9646153846156,36997.54,1.0,0.0,13,0,1612.6703895016205,0.0,0.0,14.0,2025-01-13,Greed,61,Greed
2025-01-13,0x28736f43f1e871e6aa8b1148d38d4994275d72c4,53.846609,61,0.3114754098360656,0.0,561.3780327868852,34244.06,0.8032786885245902,0.19672131147540983,49,12,0.16371427204842662,2.1180269631953728,0.0,3.8461538461538463,2025-01-13,Greed,61,Greed
2025-01-13,0x3f9a0aadc7f04a7c9d75dc1b5a6ddd6e36486cf6,0.0,1,0.0,0.0,0.22,0.22,0.0,1.0,0,1,0.18005288936427014,0.0,0.0,0.5,2025-01-13,Greed,61,Greed
2025-01-13,0x47add9a56df66b524d5e2c1993a43cde53b6ed85,218.429393,67,0.11940298507462686,0.1044776119402985,540.2710447761193,36198.159999999996,0.417910447761194,0.582089552238806,28,39,3.780313081481668,13.200103238987742,0.0,0.725,2025-01-13,Greed,61,Greed
2025-01-13,0x4acb90e786d897ecffb614dc822eb231b4ffb9f4,0.0,23,0.0,0.0,6845.160434782609,157438.69,1.0,0.0,23,0,267.8037268797503,0.0,0.0,24.0,2025-01-13,Greed,61,Greed
2025-01-13,0x4f93fead39b70a1824f981a54d4e55b278e9f760,1756.982034,97,0.5567010309278351,0.0,24201.82237113402,2347576.77,0.5051546391752577,0.4948453608247423,49,48,59.39375110809569,51.31907755348877,0.0,1.0204081632653061,2025-01-13,Greed,61,Greed
2025-01-13,0x6d6a4b953f202f8df5bed40692e7fd865318264a,0.0,23,0.0,0.0,543.5169565217391,12500.89,1.0,0.0,23,0,39.00018170603881,0.0,0.0,24.0,2025-01-13,Greed,61,Greed
2025-01-13,0x75f7eeb85dc639d5e99c78f95393aa9a5f1170d4,3944.7294389999997,50,0.94,0.0,4342.4238000000005,217121.19,0.06,0.94,3,47,1700.1893715940773,98.12945737772831,0.0,0.08333333333333333,2025-01-13,Greed,61,Greed
2025-01-13,0x7f4f299f74eec87806a830e3caa9afa5f2b9db8f,1621.278931,4,1.0,0.0,7545.6675,30182.67,0.0,1.0,0,4,0.22930020421096006,451.474709403991,0.0,0.2,2025-01-13,Greed,61,Greed
2025-01-13,0x8477e447846c758f5a675856001ea72298fd9cb5,2060.162946,58,0.4482758620689655,0.017241379310344827,827.8527586206897,48015.46,0.7068965517241379,0.29310344827586204,41,17,66.48430024234302,65.52165588174434,0.0,2.3333333333333335,2025-01-13,Greed,61,Greed
2025-01-13,0xbee1707d6b44d4d52bfe19e41f8a828645437aab,0.0,11,0.0,0.0,1488.3963636363637,16372.36,1.0,0.0,11,0,0.08821150320396444,0.0,0.0,12.0,2025-01-13,Greed,61,Greed
2025-01-14,0x28736f43f1e871e6aa8b1148d38d4994275d72c4,894.564828,42,0.8095238095238095,0.023809523809523808,995.6730952380951,41818.27,0.09523809523809523,0.9047619047619048,4,38,19.883214751470774,26.71308381069425,0.0,0.1282051282051282,2025-01-14,Greed,63,Greed
2025-01-14,0x39cef799f8b69da1995852eea189df24eb5cae3c,0.0,3,0.0,0.0,800.29,2400.87,0.0,1.0,0,3,399.89197061320874,0.0,0.0,0.25,2025-01-14,Greed,63,Greed
2025-01-14,0x47add9a56df66b524d5e2c1993a43cde53b6ed85,992.803005,79,0.31645569620253167,0.02531645569620253,484.3945569620253,38267.17,0.3924050632911392,0.6075949367088608,31,48,0.20337003713589047,36.78928814662116,0.0,0.6530612244897959,2025-01-14,Greed,63,Greed
2025-01-14,0x4f93fead39b70a1824f981a54d4e55b278e9f760,1878.804638,42,0.40476190476190477,0.0,15041.543095238096,631744.81,0.5952380952380952,0.40476190476190477,25,17,444.5567566647,124.78220523522792,0.0,1.4444444444444444,2025-01-14,Greed,63,Greed
2025-01-14,0x75f7eeb85dc639d5e99c78f95393aa9a5f1170d4,104.68064,9,0.4444444444444444,0.0,4696.798888888889,42271.19,0.4444444444444444,0.5555555555555556,4,5,32.225691370649116,26.683784291828708,0.0,0.8333333333333334,2025-01-14,Greed,63,Greed
2025-01-14,0x8477e447846c758f5a675856001ea72298fd9cb5,82.032118,13,0.23076923076923078,0.07692307692307693,565.48,7351.24,0.23076923076923078,0.7692307692307693,3,10,290.5405991192999,16.82153815177032,0.0,0.36363636363636365,2025-01-14,Greed,63,Greed
2025-01-14,0xa520ded057a32086c40e7dd6ed4eb8efb82c00e0,7013.428624,12,1.0,0.0,829.285,9951.42,0.0,1.0,0,12,0.08166706436774729,266.6539752577987,0.0,0.07692307692307693,2025-01-14,Greed,63,Greed
2025-01-14,0xbd5fead7180a9c139fa51a103cb6a2ce86ddb5c3,0.0,8,0.0,0.0,1589.0237499999998,12712.189999999999,0.0,1.0,0,8,0.004756473017621784,0.0,0.0,0.1111111111111111,2025-01-14,Greed,63,Greed
2025-01-14,0xbee1707d6b44d4d52bfe19e41f8a828645437aab,5103.198502,67,0.6268656716417911,0.0,1344.250895522388,90064.81,0.373134328358209,0.6268656716417911,25,42,0.10303318539556118,98.14769377101601,0.0,0.6046511627906976,2025-01-14,Greed,63,Greed
2025-01-15,0x28736f43f1e871e6aa8b1148d38d4994275d72c4,55.137803,19,0.42105263157894735,0.0,240.01052631578946,4560.2,0.5263157894736842,0.47368421052631576,10,9,71.65414596594302,5.490640953685464,0.0,1.1,2025-01-15,Greed,70,Greed
2025-01-15,0x2c229d22b100a7beb69122eed721cee9b24011dd,-18.998214,12,0.25,0.5,1943.5483333333332,23322.579999999998,0.25,0.75,3,9,367.3432764353153,3.623664180504327,-18.998214,0.4,2025-01-15,Greed,70,Greed
2025-01-15,0x420ab45e0bd8863569a5efbb9c05d91f40624641,0.0,2,0.0,0.0,48455.0,96910.0,0.0,1.0,0,2,334.4321821995884,0.0,0.0,0.3333333333333333,2025-01-15,Greed,70,Greed
2025-01-15,0x47add9a56df66b524d5e2c1993a43cde53b6ed85,361.155853,72,0.375,0.1111111111111111,792.0838888888889,57030.04,0.2361111111111111,0.7638888888888888,17,55,33.25071955745531,24.03276572900751,0.0,0.32142857142857145,2025-01-15,Greed,70,Greed
2025-01-15,0x4f93fead39b70a1824f981a54d4e55b278e9f760,7470.003118,73,0.5753424657534246,0.0,21394.826301369863,1561822.32,0.3561643835616438,0.6438356164383562,26,47,864.3663819692435,268.8860871722087,0.0,0.5625,2025-01-15,Greed,70,Greed
2025-01-15,0x7f4f299f74eec87806a830e3caa9afa5f2b9db8f,1261.448002,1,1.0,0.0,11647.74,11647.74,0.0,1.0,0,1,0.9999130768802919,0.0,0.0,0.5,2025-01-15,Greed,70,Greed
2025-01-15,0x8477e447846c758f5a675856001ea72298fd9cb5,240.93138,64,0.4375,0.03125,456.34046875,29205.79,0.46875,0.53125,30,34,14.87294112774732,9.599108705757924,0.0,0.8857142857142857,2025-01-15,Greed,70,Greed
2025-01-15,0xa0feb3725a9335f49874d7cd8eaad6be45b27416,0.0,2,0.0,0.0,522.095,1044.19,1.0,0.0,2,0,0.00510761203136071,0.0,0.0,3.0,2025-01-15,Greed,70,Greed
2025-01-15,0xb1231a4a2dd02f2276fa3c5e2a2f3436e6bfed23,5383.278555,11,1.0,0.0,491.1363636363636,5402.5,0.0,1.0,0,11,0.27474737069278055,117.29132704532819,0.0,0.08333333333333333,2025-01-15,Greed,70,Greed
2025-01-15,0xbd5fead7180a9c139fa51a103cb6a2ce86ddb5c3,0.0,3,0.0,0.0,1128.8333333333333,3386.5,0.0,1.0,0,3,0.0032976732734125284,0.0,0.0,0.25,2025-01-15,Greed,70,Greed
2025-01-15,0xbee1707d6b44d4d52bfe19e41f8a828645437aab,66.63180299999999,8,0.375,0.0,908.50375,7268.03,0.625,0.375,5,3,0.42725573487131635,13.819056295923362,0.0,1.5,2025-01-15,Greed,70,Greed
2025-01-16,0x28736f43f1e871e6aa8b1148d38d4994275d72c4,238.995461,87,0.3218390804597701,0.0,136.35540229885058,11862.92,0.27586206896551724,0.7241379310344828,24,63,19.28865084018887,9.284633346821918,0.0,0.390625,2025-01-16,Extreme Greed,75,Greed
2025-01-16,0x420ab45e0bd8863569a5efbb9c05d91f40624641,0.0,30,0.0,0.0,1508.392,45251.76,0.0,1.0,0,30,0.033336334547457526,0.0,0.0,0.03225806451612903,2025-01-16,Extreme Greed,75,Greed
2025-01-16,0x47add9a56df66b524d5e2c1993a43cde53b6ed85,319.22369499999996,88,0.26136363636363635,0.07954545454545454,467.3454545454546,41126.4,0.23863636363636365,0.7613636363636364,21,67,0.1756776341985791,16.10703442509261,0.0,0.3235294117647059,2025-01-16,Extreme Greed,75,Greed
2025-01-16,0x4acb90e786d897ecffb614dc822eb231b4ffb9f4,13963.52,4,1.0,0.0,42850.549999999996,171402.19999999998,0.0,1.0,0,4,0.6448018293488327,4781.5181083835705,0.0,0.2,2025-01-16,Extreme Greed,75,Greed
2025-01-16,0x4f93fead39b70a1824f981a54d4e55b278e9f760,5170.4237570000005,100,0.55,0.02,27260.669100000003,2726066.91,0.45,0.55,45,55,470.1077420963593,124.20349822884363,0.0,0.8214285714285714,2025-01-16,Extreme Greed,75,Greed
2025-01-16,0x8477e447846c758f5a675856001ea72298fd9cb5,218.26223099999999,34,0.17647058823529413,0.14705882352941177,471.515,16031.51,0.3235294117647059,0.6764705882352942,11,23,109.5740209996308,21.118286438470566,0.0,0.5,2025-01-16,Extreme Greed,75,Greed
2025-01-16,0xb1231a4a2dd02f2276fa3c5e2a2f3436e6bfed23,897.284184,23,0.4782608695652174,0.0,1393.2204347826087,32044.07,0.4782608695652174,0.5217391304347826,11,12,4.042580179418192,169.33195354770996,0.0,0.9230769230769231,2025-01-16,Extreme Greed,75,Greed
2025-01-16,0xbd5fead7180a9c139fa51a103cb6a2ce86ddb5c3,0.0,3,0.0,0.0,910.4933333333333,2731.48,0.0,1.0,0,3,0.0024510037643930946,0.0,0.0,0.25,2025-01-16,Extreme Greed,75,Greed
2025-01-16,0xbee1707d6b44d4d52bfe19e41f8a828645437aab,0.0,2,0.0,0.0,1587.855,3175.71,1.0,0.0,2,0,1.5821912933888327,0.0,0.0,3.0,2025-01-16,Extreme Greed,75,Greed
2025-01-17,0x23e7a7f8d14b550961925fbfdaa92f5d195ba5bd,4493.232479,17,1.0,0.0,2440.6282352941175,41490.68,0.0,1.0,0,17,0.0960861677369097,711.5510347327198,0.0,0.05555555555555555,2025-01-17,Extreme Greed,75,Greed
2025-01-17,0x28736f43f1e871e6aa8b1148d38d4994275d72c4,168.92152,70,0.5,0.014285714285714285,118.53914285714285,8297.74,0.5285714285714286,0.4714285714285714,37,33,11.673259092902232,5.825061648363758,0.0,1.1176470588235294,2025-01-17,Extreme Greed,75,Greed
2025-01-17,0x2c229d22b100a7beb69122eed721cee9b24011dd,913.985947,57,0.6666666666666666,0.0,6517.080175438597,371473.57,0.3333333333333333,0.6666666666666666,19,38,84.82058109294331,25.67816102854086,0.0,0.5128205128205128,2025-01-17,Extreme Greed,75,Greed
2025-01-17,0x47add9a56df66b524d5e2c1993a43cde53b6ed85,498.16985999999997,50,0.5,0.0,558.7280000000001,27936.4,0.4,0.6,20,30,0.12872603848143244,15.813620431514275,0.0,0.6774193548387096,2025-01-17,Extreme Greed,75,Greed
2025-01-17,0x4f93fead39b70a1824f981a54d4e55b278e9f760,811.1445319999999,21,0.3333333333333333,0.0,30510.78523809524,640726.49,0.6666666666666666,0.3333333333333333,14,7,2329.437023192957,78.81290304786101,0.0,1.875,2025-01-17,Extreme Greed,75,Greed
2025-01-17,0x8477e447846c758f5a675856001ea72298fd9cb5,43.69239,13,0.07692307692307693,0.0,423.4723076923077,5505.14,0.07692307692307693,0.9230769230769231,1,12,194.98808748664106,12.11808865327462,0.0,0.15384615384615385,2025-01-17,Extreme Greed,75,Greed
2025-01-17,0xbd5fead7180a9c139fa51a103cb6a2ce86ddb5c3,0.0,3,0.0,0.0,1519.4399999999998,4558.32,0.0,1.0,0,3,0.004049733213573044,0.0,0.0,0.25,2025-01-17,Extreme Greed,75,Greed
2025-01-17,0xbee1707d6b44d4d52bfe19e41f8a828645437aab,77.26888,7,0.42857142857142855,0.0,1463.1599999999999,10242.119999999999,0.5714285714285714,0.42857142857142855,4,3,1.0190710013960576,21.90524787951584,0.0,1.25,2025-01-17,Extreme Greed,75,Greed
2025-01-18,0x23e7a7f8d14b550961925fbfdaa92f5d195ba5bd,1047.030992,39,0.717948717948718,0.0,2154.3915384615384,84021.26999999999,0.2564102564102564,0.7435897435897436,10,29,4.973698994400871,83.95888478614349,0.0,0.36666666666666664,2025-01-18,Extreme Greed,77,Greed
2025-01-18,0x28736f43f1e871e6aa8b1148d38d4994275d72c4,594.135892,259,0.40540540540540543,0.007722007722007722,195.20691119691122,50558.590000000004,0.4942084942084942,0.5057915057915058,128,131,11.673054478069073,5.351933957071177,0.0,0.9772727272727273,2025-01-18,Extreme Greed,77,Greed
2025-01-18,0x2c229d22b100a7beb69122eed721cee9b24011dd,-33.4413,2,0.0,0.5,116.66499999999999,233.32999999999998,0.5,0.5,1,1,50.46629573406675,23.64657000169369,-33.4413,1.0,2025-01-18,Extreme Greed,77,Greed
2025-01-18,0x47add9a56df66b524d5e2c1993a43cde53b6ed85,307.105046,34,0.5,0.11764705882352941,583.8729411764706,19851.68,0.5294117647058824,0.47058823529411764,18,16,0.2419630214598822,28.54562234074884,0.0,1.1176470588235294,2025-01-18,Extreme Greed,77,Greed
2025-01-18,0x4f93fead39b70a1824f981a54d4e55b278e9f760,4078.848863,58,0.5517241379310345,0.0,32431.74827586207,1881041.4000000001,0.5517241379310345,0.4482758620689655,32,26,2094.7606953138998,166.46525844337825,0.0,1.2222222222222223,2025-01-18,Extreme Greed,77,Greed
2025-01-18,0x75f7eeb85dc639d5e99c78f95393aa9a5f1170d4,-3249.381438,33,0.21212121212121213,0.48484848484848486,7728.827272727272,255051.3,0.696969696969697,0.30303030303030304,23,10,2470.252481404094,332.32305581984156,-3249.381438,2.1818181818181817,2025-01-18,Extreme Greed,77,Greed
2025-01-18,0x8381e6d82f1affd39a336e143e081ef7620a3b7f,0.0,7,0.0,0.0,2950.0099999999998,20650.07,1.0,0.0,7,0,1701.6763001919376,0.0,0.0,8.0,2025-01-18,Extreme Greed,77,Greed
2025-01-18,0x8477e447846c758f5a675856001ea72298fd9cb5,1055.8044439999999,40,0.5,0.05,565.99425,22639.77,0.55,0.45,22,18,97.4305670389659,65.93971354541311,0.0,1.2105263157894737,2025-01-18,Extreme Greed,77,Greed
2025-01-18,0xa0feb3725a9335f49874d7cd8eaad6be45b27416,0.0,53,0.0,0.0,1244.2596226415094,65945.76,1.0,0.0,53,0,0.010319467924730442,0.0,0.0,54.0,2025-01-18,Extreme Greed,77,Greed
2025-01-18,0xb1231a4a2dd02f2276fa3c5e2a2f3436e6bfed23,7393.785411,101,0.38613861386138615,0.0,1905.1814851485146,192423.33,0.38613861386138615,0.6138613861386139,39,62,4.756250703292362,143.59644041603923,0.0,0.6349206349206349,2025-01-18,Extreme Greed,77,Greed
2025-01-18,0xbd5fead7180a9c139fa51a103cb6a2ce86ddb5c3,-10750.654828,12,0.0,0.5833333333333334,7729.219166666667,92750.63,0.5833333333333334,0.4166666666666667,7,5,938.5473993384375,2182.5953339428465,-10750.654828,1.3333333333333333,2025-01-18,Extreme Greed,77,Greed
2025-01-18,0xbee1707d6b44d4d52bfe19e41f8a828645437aab,0.0,13,0.0,0.0,2035.5961538461538,26462.75,1.0,0.0,13,0,0.13562459427311097,0.0,0.0,14.0,2025-01-18,Extreme Greed,77,Greed
2025-01-19,0x083384f897ee0f19899168e3b1bec365f52a9012,71393.964098,465,0.04946236559139785,0.1913978494623656,11410.954021505377,5306093.62,0.24086021505376345,0.7591397849462366,112,353,4.790360150161718,1050.3440755978172,0.0,0.3192090395480226,2025-01-19,Extreme Greed,77,Greed
2025-01-19,0x23e7a7f8d14b550961925fbfdaa92f5d195ba5bd,4842.054317,124,0.6451612903225806,0.0,2194.294758064516,272092.55,0.3467741935483871,0.6532258064516129,43,81,28.176471855890757,86.15032945937524,0.0,0.5365853658536586,2025-01-19,Extreme Greed,77,Greed
2025-01-19,0x28736f43f1e871e6aa8b1148d38d4994275d72c4,102.504343,184,0.42934782608695654,0.059782608695652176,155.71684782608696,28651.9,0.31521739130434784,0.6847826086956522,58,126,8.38809551463385,17.001325116722562,0.0,0.4645669291338583,2025-01-19,Extreme Greed,77,Greed
2025-01-19,0x2c229d22b100a7beb69122eed721cee9b24011dd,11437.823511999999,74,0.6216216216216216,0.0,7532.947432432432,557438.11,0.3783783783783784,0.6216216216216216,28,46,1.9762612491048304,569.4547707033933,0.0,0.6170212765957447,2025-01-19,Extreme Greed,77,Greed
2025-01-19,0x39cef799f8b69da1995852eea189df24eb5cae3c,-1584.55781,3,0.0,1.0,15271.743333333334,45815.23,0.0,1.0,0,3,0.7240956085653799,261.75655462416114,-1584.55781,0.25,2025-01-19,Extreme Greed,77,Greed
2025-01-19,0x47add9a56df66b524d5e2c1993a43cde53b6ed85,541.742729,27,0.37037037037037035,0.0,855.0277777777778,23085.75,0.5555555555555556,0.4444444444444444,15,12,0.29359093631544886,63.535173298414236,0.0,1.2307692307692308,2025-01-19,Extreme Greed,77,Greed
2025-01-19,0x4acb90e786d897ecffb614dc822eb231b4ffb9f4,1519.769822,30,0.6666666666666666,0.0,3916.7593333333334,117502.78,0.3333333333333333,0.6666666666666666,10,20,121.39240646428605,72.77543529576337,0.0,0.5238095238095238,2025-01-19,Extreme Greed,77,Greed
2025-01-19,0x4f93fead39b70a1824f981a54d4e55b278e9f760,3253.260003,88,0.36363636363636365,0.0,25180.392613636363,2215874.55,0.7159090909090909,0.2840909090909091,63,25,2946.6232044776393,89.21059929802108,0.0,2.4615384615384617,2025-01-19,Extreme Greed,77,Greed
2025-01-19,0x6d6a4b953f202f8df5bed40692e7fd865318264a,0.0,12,0.0,0.0,291.6675,3500.01,1.0,0.0,12,0,41.795260886821644,0.0,0.0,13.0,2025-01-19,Extreme Greed,77,Greed
2025-01-19,0x7f4f299f74eec87806a830e3caa9afa5f2b9db8f,0.0,1,0.0,0.0,99.88,99.88,1.0,0.0,1,0,98.54477137481275,0.0,0.0,2.0,2025-01-19,Extreme Greed,77,Greed
2025-01-19,0x8477e447846c758f5a675856001ea72298fd9cb5,0.0,13,0.0,0.0,508.26307692307694,6607.42,0.0,1.0,0,13,279.11192581449063,0.0,0.0,0.07142857142857142,2025-01-19,Extreme Greed,77,Greed
2025-01-19,0x92f17e8d81a944691c10e753af1b1baae1a2cd0d,0.0,484,0.0,0.0,2098.6197107438015,1015731.94,1.0,0.0,484,0,0.8285451752985409,0.0,0.0,485.0,2025-01-19,Extreme Greed,77,Greed
2025-01-19,0xb1231a4a2dd02f2276fa3c5e2a2f3436e6bfed23,3867.854339,3,1.0,0.0,6311.63,18934.89,0.0,1.0,0,3,0.646039412691361,1876.8675061013676,0.0,0.25,2025-01-19,Extreme Greed,77,Greed
2025-01-19,0xbd5fead7180a9c139fa51a103cb6a2ce86ddb5c3,-7963.5855,30,0.0,0.4,2508.4396666666667,75253.19,0.4,0.6,12,18,207.2597540118282,638.5972556971423,-7963.5855,0.6842105263157895,2025-01-19,Extreme Greed,77,Greed
2025-01-19,0xbee1707d6b44d4d52bfe19e41f8a828645437aab,512.9694489999999,29,0.8275862068965517,0.06896551724137931,983.9131034482758,28533.48,0.10344827586206896,0.896551724137931,3,26,0.04771676615507711,26.78506705206973,0.0,0.14814814814814814,2025-01-19,Extreme Greed,77,Greed
2025-01-20,0x083384f897ee0f19899168e3b1bec365f52a9012,40218.599998,51,0.5490196078431373,0.0,9400.588039215687,479429.99,0.5490196078431373,0.45098039215686275,28,23,0.0057451733127069134,2175.1372102662936,0.0,1.2083333333333333,2025-01-20,Extreme Greed,76,Greed
2025-01-20,0x28736f43f1e871e6aa8b1148d38d4994275d72c4,608.885905,169,0.40828402366863903,0.01775147928994083,169.7668047337278,28690.59,0.6804733727810651,0.31952662721893493,115,54,12.395033865776414,8.355435924236192,0.0,2.109090909090909,2025-01-20,Extreme Greed,76,Greed
2025-01-20,0x2c229d22b100a7beb69122eed721cee9b24011dd,1535.55008,82,0.13414634146341464,0.23170731707317074,8402.275975609757,688986.63,0.6341463414634146,0.36585365853658536,52,30,94.80964468041068,214.90496254114422,0.0,1.7096774193548387,2025-01-20,Extreme Greed,76,Greed
2025-01-20,0x3998f134d6aaa2b6a5f723806d00fd2bbbbce891,0.0,2,0.0,0.0,183.07999999999998,366.15999999999997,1.0,0.0,2,0,0.0007378383218430171,0.0,0.0,3.0,2025-01-20,Extreme Greed,76,Greed
2025-01-20,0x39cef799f8b69da1995852eea189df24eb5cae3c,-401.2638,4,0.0,0.75,14949.164999999999,59796.659999999996,0.25,0.75,1,3,7525.209646271052,67.29530031344437,-401.2638,0.5,2025-01-20,Extreme Greed,76,Greed
2025-01-20,0x47add9a56df66b524d5e2c1993a43cde53b6ed85,2262.94445,66,0.5606060606060606,0.10606060606060606,1131.5053030303031,74679.35,0.7121212121212122,0.2878787878787879,47,19,0.2969967150019497,71.33182043345506,0.0,2.4,2025-01-20,Extreme Greed,76,Greed
2025-01-20,0x4acb90e786d897ecffb614dc822eb231b4ffb9f4,-2427.873799,43,0.0,0.8372093023255814,2596.646976744186,111655.81999999999,0.16279069767441862,0.8372093023255814,7,36,64.19886824160902,164.90089437744302,-2427.873799,0.21621621621621623,2025-01-20,Extreme Greed,76,Greed
2025-01-20,0x4f93fead39b70a1824f981a54d4e55b278e9f760,7466.841136,194,0.3556701030927835,0.0,29887.263092783505,5798129.04,0.6855670103092784,0.31443298969072164,133,61,398.43519517993917,126.10440734042788,0.0,2.161290322580645,2025-01-20,Extreme Greed,76,Greed
2025-01-20,0x6d6a4b953f202f8df5bed40692e7fd865318264a,0.0,3,0.0,0.0,1666.64,4999.92,1.0,0.0,3,0,1509.5174761182946,0.0,0.0,4.0,2025-01-20,Extreme Greed,76,Greed
2025-01-20,0x75f7eeb85dc639d5e99c78f95393aa9a5f1170d4,16210.341667,409,0.9657701711491442,0.0,1671.0059413202935,683441.43,0.46454767726161367,0.5354523227383863,190,219,741.0961427508116,129.86033652954467,0.0,0.8681818181818182,2025-01-20,Extreme Greed,76,Greed
2025-01-20,0x8477e447846c758f5a675856001ea72298fd9cb5,1876.265511,44,0.4318181818181818,0.022727272727272728,674.2861363636364,29668.59,0.4772727272727273,0.5227272727272727,21,23,161.6889095505864,100.67350326763051,0.0,0.9166666666666666,2025-01-20,Extreme Greed,76,Greed
2025-01-20,0xa0feb3725a9335f49874d7cd8eaad6be45b27416,0.0,1,0.0,0.0,2999.98,2999.98,1.0,0.0,1,0,0.0195628388780073,0.0,0.0,2.0,2025-01-20,Extreme Greed,76,Greed
2025-01-20,0xb1231a4a2dd02f2276fa3c5e2a2f3436e6bfed23,0.0,23,0.0,0.0,1310.68,30145.64,1.0,0.0,23,0,331.6120915476781,0.0,0.0,24.0,2025-01-20,Extreme Greed,76,Greed
2025-01-20,0xbd5fead7180a9c139fa51a103cb6a2ce86ddb5c3,24895.400898,33,0.7878787878787878,0.0,4336.907878787879,143117.96,0.7878787878787878,0.21212121212121213,26,7,0.014252446226321472,1977.3667325087765,0.0,3.375,2025-01-20,Extreme Greed,76,Greed
2025-01-20,0xbee1707d6b44d4d52bfe19e41f8a828645437aab,-4968.452873,191,0.17277486910994763,0.27225130890052357,791.7238219895288,151219.25,0.5549738219895288,0.44502617801047123,106,85,14.537963774154015,106.62799024876229,-4968.452873,1.244186046511628,2025-01-20,Extreme Greed,76,Greed
2025-01-21,0x28736f43f1e871e6aa8b1148d38d4994275d72c4,428.3738,94,0.48936170212765956,0.07446808510638298,262.3486170212766,24660.77,0.5106382978723404,0.48936170212765956,48,46,25.299365187313654,11.457369625311362,0.0,1.0425531914893618,2025-01-21,Extreme Greed,76,Greed
2025-01-21,0x2c229d22b100a7beb69122eed721cee9b24011dd,59.672564,15,0.4,0.0,125.14200000000001,1877.13,0.6,0.4,9,6,2.9057787308035574,5.858993209424191,0.0,1.4285714285714286,2025-01-21,Extreme Greed,76,Greed
2025-01-21,0x47add9a56df66b524d5e2c1993a43cde53b6ed85,287.821918,13,0.46153846153846156,0.0,645.536153846154,8391.970000000001,0.6923076923076923,0.3076923076923077,9,4,148.7091207181848,44.040278288195694,0.0,2.0,2025-01-21,Extreme Greed,76,Greed
2025-01-21,0x4f93fead39b70a1824f981a54d4e55b278e9f760,2953.3108039999997,92,0.43478260869565216,0.0,14189.073260869565,1305394.74,0.3695652173913043,0.6304347826086957,34,58,770.6765585772534,94.40852396913627,0.0,0.5932203389830508,2025-01-21,Extreme Greed,76,Greed
2025-01-21,0x8477e447846c758f5a675856001ea72298fd9cb5,201.672306,206,0.16990291262135923,0.009708737864077669,288.69718446601945,59471.62,0.1796116504854369,0.8203883495145631,37,169,34.2328845913619,3.4102256656938548,0.0,0.2235294117647059,2025-01-21,Extreme Greed,76,Greed
2025-01-21,0xa520ded057a32086c40e7dd6ed4eb8efb82c00e0,2806.434723,8,1.0,0.0,597.6225000000001,4780.9800000000005,0.0,1.0,0,8,0.13698096716595232,175.66300782670606,0.0,0.1111111111111111,2025-01-21,Extreme Greed,76,Greed
2025-01-21,0xb1231a4a2dd02f2276fa3c5e2a2f3436e6bfed23,2997.363771,52,0.4230769230769231,0.0,1598.0225,83097.17,0.0,1.0,0,52,40.049114357597894,291.9264911752172,0.0,0.018867924528301886,2025-01-21,Extreme Greed,76,Greed
2025-01-21,0xbee1707d6b44d4d52bfe19e41f8a828645437aab,1343.189535,50,0.84,0.0,721.1088000000001,36055.44,0.16,0.84,8,42,42.82643807695718,37.859665550015514,0.0,0.20930232558139536,2025-01-21,Extreme Greed,76,Greed
2025-01-22,0x28736f43f1e871e6aa8b1148d38d4994275d72c4,589.467131,112,0.45535714285714285,0.026785714285714284,120.82616071428572,13532.53,0.5089285714285714,0.49107142857142855,57,55,11.127949651516008,21.549339648318647,0.0,1.0357142857142858,2025-01-22,Extreme Greed,84,Greed
2025-01-22,0x2c229d22b100a7beb69122eed721cee9b24011dd,12769.669401000001,229,0.2838427947598253,0.15283842794759825,1080.5076419213974,247436.25,0.5633187772925764,0.4366812227074236,129,100,0.43840251205725395,284.75293157221864,0.0,1.2871287128712872,2025-01-22,Extreme Greed,84,Greed
2025-01-22,0x47add9a56df66b524d5e2c1993a43cde53b6ed85,2867.6138889999997,98,0.35714285714285715,0.02040816326530612,587.97,57621.06,0.24489795918367346,0.7551020408163265,24,74,13.679126467730377,70.45458331633621,0.0,0.3333333333333333,2025-01-22,Extreme Greed,84,Greed
2025-01-22,0x4f93fead39b70a1824f981a54d4e55b278e9f760,2971.896355,61,0.4098360655737705,0.0,17456.443770491805,1064843.07,0.5737704918032787,0.4262295081967213,35,26,1062.8544089041675,109.93025599249778,0.0,1.3333333333333333,2025-01-22,Extreme Greed,84,Greed
2025-01-22,0x75f7eeb85dc639d5e99c78f95393aa9a5f1170d4,548.62199,35,0.9714285714285714,0.0,2301.3917142857144,80548.71,0.02857142857142857,0.9714285714285714,1,34,1142.9795234548426,16.450855333554617,0.0,0.05714285714285714,2025-01-22,Extreme Greed,84,Greed
2025-01-22,0x8170715b3b381dffb7062c0298972d4727a0a63b,-179.521683,6,0.0,1.0,1873.8216666666667,11242.93,0.0,1.0,0,6,0.1799865432454455,8.637440876705154,-179.521683,0.14285714285714285,2025-01-22,Extreme Greed,84,Greed
2025-01-22,0x8477e447846c758f5a675856001ea72298fd9cb5,261.367634,147,0.08843537414965986,0.10884353741496598,590.73,86837.31,0.19727891156462585,0.8027210884353742,29,118,33.842208402882825,15.917273418492117,0.0,0.25210084033613445,2025-01-22,Extreme Greed,84,Greed
2025-01-22,0xa0feb3725a9335f49874d7cd8eaad6be45b27416,140.995116,20,0.1,0.0,332.675,6653.5,0.9,0.1,18,2,2.0426947711069454,31.52546881158999,0.0,6.333333333333333,2025-01-22,Extreme Greed,84,Greed
2025-01-22,0xb1231a4a2dd02f2276fa3c5e2a2f3436e6bfed23,0.0,111,0.0,0.0,1799.2789189189189,199719.96,0.0,1.0,0,111,0.014648735657745358,0.0,0.0,0.008928571428571428,2025-01-22,Extreme Greed,84,Greed
2025-01-22,0xbee1707d6b44d4d52bfe19e41f8a828645437aab,554.298224,13,0.6923076923076923,0.0,767.0084615384616,9971.11,0.3076923076923077,0.6923076923076923,4,9,112.88769006044532,75.43410172780251,0.0,0.5,2025-01-22,Extreme Greed,84,Greed
2025-01-23,0x28736f43f1e871e6aa8b1148d38d4994275d72c4,229.609892,122,0.4672131147540984,0.03278688524590164,128.88065573770493,15723.44,0.7377049180327869,0.26229508196721313,90,32,13.187083705561097,5.275782253368725,0.0,2.757575757575758,2025-01-23,Extreme Greed,75,Greed
2025-01-23,0x2c229d22b100a7beb69122eed721cee9b24011dd,3776.64959,104,0.5769230769230769,0.0673076923076923,2468.1846153846154,256691.2,0.3557692307692308,0.6442307692307693,37,67,0.7213824843187567,132.16779845467562,0.0,0.5588235294117647,2025-01-23,Extreme Greed,75,Greed
2025-01-23,0x3998f134d6aaa2b6a5f723806d00fd2bbbbce891,-5978.38652,3,0.6666666666666666,0.3333333333333333,6.186666666666667,18.560000000000002,0.0,1.0,0,3,0.6254323700406407,3454.201853517767,-5978.38652,0.25,2025-01-23,Extreme Greed,75,Greed
2025-01-23,0x39cef799f8b69da1995852eea189df24eb5cae3c,0.0,4,0.0,0.0,11250.0,45000.0,1.0,0.0,4,0,9959.108871193956,0.0,0.0,5.0,2025-01-23,Extreme Greed,75,Greed
2025-01-23,0x47add9a56df66b524d5e2c1993a43cde53b6ed85,420.491149,26,0.46153846153846156,0.07692307692307693,501.15999999999997,13030.16,0.7307692307692307,0.2692307692307692,19,7,0.2929342917166905,47.664093575498896,0.0,2.5,2025-01-23,Extreme Greed,75,Greed
2025-01-23,0x4f93fead39b70a1824f981a54d4e55b278e9f760,6749.1349199999995,82,0.2682926829268293,0.0,17999.84780487805,1475987.52,0.6707317073170732,0.32926829268292684,55,27,524.6983308370613,200.6603237165212,0.0,2.0,2025-01-23,Extreme Greed,75,Greed
2025-01-23,0x6d6a4b953f202f8df5bed40692e7fd865318264a,0.0,3,0.0,0.0,141.0,423.0,1.0,0.0,3,0,36.79448900795266,0.0,0.0,4.0,2025-01-23,Extreme Greed,75,Greed
2025-01-23,0x8477e447846c758f5a675856001ea72298fd9cb5,7503.093009,275,0.4690909090909091,0.06545454545454546,646.8723272727273,177889.88999999998,0.5527272727272727,0.44727272727272727,152,123,20.354567722067912,109.5063633196566,0.0,1.2338709677419355,2025-01-23,Extreme Greed,75,Greed
2025-01-23,0x92f17e8d81a944691c10e753af1b1baae1a2cd0d,63464.28729,487,0.8870636550308009,0.0,3015.5509856262834,1468573.33,0.2053388090349076,0.7946611909650924,100,387,0.4457825928690518,317.9965239066747,0.0,0.2603092783505155,2025-01-23,Extreme Greed,75,Greed
2025-01-23,0xa0feb3725a9335f49874d7cd8eaad6be45b27416,0.0,6,0.0,0.0,569.92,3419.52,1.0,0.0,6,0,0.00268412983007774,0.0,0.0,7.0,2025-01-23,Extreme Greed,75,Greed
2025-01-23,0xb1231a4a2dd02f2276fa3c5e2a2f3436e6bfed23,25224.994585,90,1.0,0.0,2493.861,224447.49,1.0,0.0,90,0,0.05459569279727449,674.1977814741306,0.0,91.0,2025-01-23,Extreme Greed,75,Greed
2025-01-23,0xbee1707d6b44d4d52bfe19e41f8a828645437aab,-133.631755,16,0.0625,0.625,989.034375,15824.55,0.3125,0.6875,5,11,0.23268208988469208,34.29278160944867,-133.631755,0.5,2025-01-23,Extreme Greed,75,Greed
2025-01-24,0x23e7a7f8d14b550961925fbfdaa92f5d195ba5bd,1693.493165,339,0.584070796460177,0.0,1737.369557522124,588968.28,0.415929203539823,0.584070796460177,141,198,39.80331871863628,9.085285890561135,0.0,0.7135678391959799,2025-01-24,Extreme Greed,75,Greed
2025-01-24,0x28736f43f1e871e6aa8b1148d38d4994275d72c4,347.22838,120,0.5,0.016666666666666666,145.0465,17405.58,0.49166666666666664,0.5083333333333333,59,61,11.066312718665106,7.37537776228001,0.0,0.967741935483871,2025-01-24,Extreme Greed,75,Greed
2025-01-24,0x2c229d22b100a7beb69122eed721cee9b24011dd,363.482456,38,0.5,0.18421052631578946,2124.9794736842105,80749.22,0.3157894736842105,0.6842105263157895,12,26,135.19122482019498,17.050787990186077,0.0,0.48148148148148145,2025-01-24,Extreme Greed,75,Greed
2025-01-24,0x3998f134d6aaa2b6a5f723806d00fd2bbbbce891,0.0,2,0.0,0.0,0.005,0.01,0.0,1.0,0,2,0.004947031138497696,0.0,0.0,0.3333333333333333,2025-01-24,Extreme Greed,75,Greed
2025-01-24,0x47add9a56df66b524d5e2c1993a43cde53b6ed85,553.5255989999999,40,0.45,0.05,583.839,23353.56,0.7,0.3,28,12,0.15438947611530565,26.738494560582428,0.0,2.230769230769231,2025-01-24,Extreme Greed,75,Greed
2025-01-24,0x4f93fead39b70a1824f981a54d4e55b278e9f760,1707.06994,42,0.38095238095238093,0.0,14664.804285714286,615921.78,0.3333333333333333,0.6666666666666666,14,28,1322.3245000399916,78.86666023343584,0.0,0.5172413793103449,2025-01-24,Extreme Greed,75,Greed
2025-01-24,0x72c6a4624e1dffa724e6d00d64ceae698af892a0,0.0,2,0.0,0.0,2258.9,4517.8,1.0,0.0,2,0,1261.4605128620756,0.0,0.0,3.0,2025-01-24,Extreme Greed,75,Greed
2025-01-24,0x75f7eeb85dc639d5e99c78f95393aa9a5f1170d4,3540.716915,137,0.9416058394160584,0.0,1282.6185401459854,175718.74,0.38686131386861317,0.6131386861313869,53,84,268.08317177159483,191.3723493239343,0.0,0.6352941176470588,2025-01-24,Extreme Greed,75,Greed
2025-01-24,0x8477e447846c758f5a675856001ea72298fd9cb5,288.144978,61,0.03278688524590164,0.0,349.93508196721314,21346.04,0.03278688524590164,0.9672131147540983,2,59,72.99864340389382,35.50641654145314,0.0,0.05,2025-01-24,Extreme Greed,75,Greed
2025-01-24,0xa0feb3725a9335f49874d7cd8eaad6be45b27416,0.0,9,0.0,0.0,671.1622222222222,6040.46,1.0,0.0,9,0,0.0036984496022452453,0.0,0.0,10.0,2025-01-24,Extreme Greed,75,Greed
2025-01-24,0xbee1707d6b44d4d52bfe19e41f8a828645437aab,2109.118305,84,0.5476190476190477,0.0,921.5711904761904,77411.98,0.4523809523809524,0.5476190476190477,38,46,0.05325821029778895,51.712735948907564,0.0,0.8297872340425532,2025-01-24,Extreme Greed,75,Greed
2025-01-25,0x23e7a7f8d14b550961925fbfdaa92f5d195ba5bd,4221.156399,54,0.07407407407407407,0.0,2398.331666666667,129509.91,0.9259259259259259,0.07407407407407407,50,4,6.789331371498595,549.3257111056738,0.0,10.2,2025-01-25,Extreme Greed,75,Greed
2025-01-25,0x28736f43f1e871e6aa8b1148d38d4994275d72c4,124.70498799999999,118,0.3983050847457627,0.03389830508474576,241.47220338983053,28493.72,0.6186440677966102,0.3813559322033898,73,45,21.43371771157071,3.3477682117670025,0.0,1.608695652173913,2025-01-25,Extreme Greed,75,Greed
2025-01-25,0x2c229d22b100a7beb69122eed721cee9b24011dd,2167.17715,53,0.6226415094339622,0.0,5537.374905660377,293480.87,0.37735849056603776,0.6226415094339622,20,33,18.81396157316885,125.28685193282857,0.0,0.6176470588235294,2025-01-25,Extreme Greed,75,Greed
2025-01-25,0x47add9a56df66b524d5e2c1993a43cde53b6ed85,416.148576,36,0.5555555555555556,0.027777777777777776,607.7458333333333,21878.85,0.5277777777777778,0.4722222222222222,19,17,21.029609050894614,44.179949289795736,0.0,1.1111111111111112,2025-01-25,Extreme Greed,75,Greed
2025-01-25,0x4f93fead39b70a1824f981a54d4e55b278e9f760,446.44485399999996,18,0.2222222222222222,0.0,22485.88888888889,404746.0,1.0,0.0,18,0,833.9581957179055,58.64014753758466,0.0,19.0,2025-01-25,Extreme Greed,75,Greed
2025-01-25,0x72c6a4624e1dffa724e6d00d64ceae698af892a0,0.0,14,0.0,0.0,3981.5714285714284,55742.0,1.0,0.0,14,0,132.0365934208501,0.0,0.0,15.0,2025-01-25,Extreme Greed,75,Greed
2025-01-25,0x8170715b3b381dffb7062c0298972d4727a0a63b,-18956.391598000002,29,0.1724137931034483,0.8275862068965517,4484.771379310345,130058.37,0.896551724137931,0.10344827586206896,26,3,0.26431542279619713,1809.55830742899,-18956.391598000002,6.75,2025-01-25,Extreme Greed,75,Greed
2025-01-25,0x8381e6d82f1affd39a336e143e081ef7620a3b7f,0.0,25,0.0,0.0,3223.1059999999998,80577.65,1.0,0.0,25,0,74.75753047782307,0.0,0.0,26.0,2025-01-25,Extreme Greed,75,Greed
2025-01-25,0x8477e447846c758f5a675856001ea72298fd9cb5,1125.196124,111,0.22522522522522523,0.0,498.1863963963964,55298.69,0.22522522522522523,0.7747747747747747,25,86,22.254169177617477,34.93899961604155,0.0,0.2988505747126437,2025-01-25,Extreme Greed,75,Greed
2025-01-25,0xb1231a4a2dd02f2276fa3c5e2a2f3436e6bfed23,0.0,15,0.0,0.0,1004.8726666666666,15073.09,1.0,0.0,15,0,5.828062978520263,0.0,0.0,16.0,2025-01-25,Extreme Greed,75,Greed
2025-01-25,0xbee1707d6b44d4d52bfe19e41f8a828645437aab,107.54725099999999,33,0.09090909090909091,0.0,742.9863636363636,24518.55,0.9090909090909091,0.09090909090909091,30,3,0.033076747786080364,11.880165754238307,0.0,7.75,2025-01-25,Extreme Greed,75,Greed
2025-01-26,0x28736f43f1e871e6aa8b1148d38d4994275d72c4,273.211119,106,0.4528301886792453,0.018867924528301886,334.20924528301884,35426.18,0.5377358490566038,0.46226415094339623,57,49,44.70672626246957,6.9601541864441865,0.0,1.16,2025-01-26,Greed,73,Greed
2025-01-26,0x47add9a56df66b524d5e2c1993a43cde53b6ed85,535.938645,18,0.8888888888888888,0.0,586.3983333333333,10555.17,0.2222222222222222,0.7777777777777778,4,14,0.034664115586112744,33.72429467105749,0.0,0.3333333333333333,2025-01-26,Greed,73,Greed
2025-01-26,0x72c6a4624e1dffa724e6d00d64ceae698af892a0,262.95,55,0.2909090909090909,0.0,1671.9961818181819,91959.79000000001,0.2909090909090909,0.7090909090909091,16,39,223.83118324072805,14.140605197343502,0.0,0.425,2025-01-26,Greed,73,Greed
2025-01-26,0x8170715b3b381dffb7062c0298972d4727a0a63b,0.0,26,0.0,0.0,961.5796153846154,25001.07,0.0,1.0,0,26,97.40557401606165,0.0,0.0,0.037037037037037035,2025-01-26,Greed,73,Greed
2025-01-26,0x8381e6d82f1affd39a336e143e081ef7620a3b7f,38294.693499,123,0.6666666666666666,0.0,7578.344634146341,932136.39,0.45528455284552843,0.5447154471544715,56,67,0.1544077940582587,847.0343024082057,0.0,0.8382352941176471,2025-01-26,Greed,73,Greed
2025-01-26,0x8477e447846c758f5a675856001ea72298fd9cb5,444.464792,96,0.21875,0.08333333333333333,815.5705208333334,78294.77,0.3020833333333333,0.6979166666666666,29,67,23.656663773298316,16.316801358274486,0.0,0.4411764705882353,2025-01-26,Greed,73,Greed
2025-01-26,0xbee1707d6b44d4d52bfe19e41f8a828645437aab,1012.208613,27,0.48148148148148145,0.0,1029.6403703703704,27800.29,0.5185185185185185,0.48148148148148145,14,13,0.03128304086802068,46.53797250467354,0.0,1.0714285714285714,2025-01-26,Greed,73,Greed
2025-01-27,0x23e7a7f8d14b550961925fbfdaa92f5d195ba5bd,0.0,44,0.0,0.0,1519.465681818182,66856.49,1.0,0.0,44,0,45.28697274142197,0.0,0.0,45.0,2025-01-27,Greed,71,Greed
2025-01-27,0x28736f43f1e871e6aa8b1148d38d4994275d72c4,838.930696,268,0.4253731343283582,0.026119402985074626,1223.7995522388057,327978.27999999997,0.5746268656716418,0.4253731343283582,154,114,58.21477813812576,20.852913022410817,0.0,1.3478260869565217,2025-01-27,Greed,71,Greed
2025-01-27,0x47add9a56df66b524d5e2c1993a43cde53b6ed85,1295.825632,83,0.40963855421686746,0.0963855421686747,600.4903614457832,49840.7,0.8072289156626506,0.1927710843373494,67,16,30.294365148645863,40.63206551761363,0.0,4.0,2025-01-27,Greed,71,Greed
2025-01-27,0x4f93fead39b70a1824f981a54d4e55b278e9f760,0.0,15,0.0,0.0,33170.452666666664,497556.79,1.0,0.0,15,0,0.06878206885476282,0.0,0.0,16.0,2025-01-27,Greed,71,Greed
2025-01-27,0x6d6a4b953f202f8df5bed40692e7fd865318264a,0.0,11,0.0,0.0,1272.7318181818182,14000.05,1.0,0.0,11,0,0.03561320515985539,0.0,0.0,12.0,2025-01-27,Greed,71,Greed
2025-01-27,0x72c6a4624e1dffa724e6d00d64ceae698af892a0,0.0,1,0.0,0.0,11300.0,11300.0,0.0,1.0,0,1,0.49997787708508473,0.0,0.0,0.5,2025-01-27,Greed,71,Greed
2025-01-27,0x75f7eeb85dc639d5e99c78f95393aa9a5f1170d4,2582.715893,128,0.953125,0.0,1981.91671875,253685.34,0.7734375,0.2265625,99,29,562.8653088413495,46.401471151299575,0.0,3.3333333333333335,2025-01-27,Greed,71,Greed
2025-01-27,0x8170715b3b381dffb7062c0298972d4727a0a63b,0.0,22,0.0,0.0,681.8109090909091,14999.84,0.0,1.0,0,22,0.04672146502112306,0.0,0.0,0.043478260869565216,2025-01-27,Greed,71,Greed
2025-01-27,0x8381e6d82f1affd39a336e143e081ef7620a3b7f,0.0,2,0.0,0.0,4443.99,8887.98,1.0,0.0,2,0,2731.158639867289,0.0,0.0,3.0,2025-01-27,Greed,71,Greed
2025-01-27,0x8477e447846c758f5a675856001ea72298fd9cb5,4321.583225,31,0.5806451612903226,0.0,1396.8890322580644,43303.56,0.7741935483870968,0.22580645161290322,24,7,14.865833103484015,494.00528687475577,0.0,3.125,2025-01-27,Greed,71,Greed
2025-01-27,0xa0feb3725a9335f49874d7cd8eaad6be45b27416,0.0,20,0.0,0.0,449.921,8998.42,1.0,0.0,20,0,0.00239158430100004,0.0,0.0,21.0,2025-01-27,Greed,71,Greed
2025-01-27,0xa520ded057a32086c40e7dd6ed4eb8efb82c00e0,12084.434144,56,1.0,0.0,989.8810714285713,55433.34,0.0,1.0,0,56,0.13187121592325354,459.30088364087254,0.0,0.017543859649122806,2025-01-27,Greed,71,Greed
2025-01-27,0xb1231a4a2dd02f2276fa3c5e2a2f3436e6bfed23,0.0,13,0.0,0.0,3464.2846153846153,45035.7,1.0,0.0,13,0,0.13883641616715534,0.0,0.0,14.0,2025-01-27,Greed,71,Greed
2025-01-27,0xbd5fead7180a9c139fa51a103cb6a2ce86ddb5c3,20428.824,23,1.0,0.0,2342.7495652173916,53883.240000000005,1.0,0.0,23,0,0.009809069965711216,1620.5600391914086,0.0,24.0,2025-01-27,Greed,71,Greed
2025-01-27,0xbee1707d6b44d4d52bfe19e41f8a828645437aab,-220.548198,56,0.017857142857142856,0.30357142857142855,1004.7960714285715,56268.58,0.6785714285714286,0.32142857142857145,38,18,0.02089040531940602,12.512287277607797,-220.548198,2.0526315789473686,2025-01-27,Greed,71,Greed
2025-01-28,0x23e7a7f8d14b550961925fbfdaa92f5d195ba5bd,6899.2458320000005,56,1.0,0.0,1317.0667857142857,73755.74,0.0,1.0,0,56,0.0764396965374943,138.1907936759193,0.0,0.017543859649122806,2025-01-28,Greed,72,Greed
2025-01-28,0x28736f43f1e871e6aa8b1148d38d4994275d72c4,1019.55769,151,0.4966887417218543,0.046357615894039736,624.2161589403973,94256.64,0.46357615894039733,0.5364238410596026,70,81,9.792961743803572,18.181661847718864,0.0,0.8658536585365854,2025-01-28,Greed,72,Greed
2025-01-28,0x47add9a56df66b524d5e2c1993a43cde53b6ed85,475.702642,43,0.627906976744186,0.18604651162790697,577.776511627907,24844.39,0.18604651162790697,0.813953488372093,8,35,29.160049169623456,34.39355229994939,0.0,0.25,2025-01-28,Greed,72,Greed
2025-01-28,0x72c6a4624e1dffa724e6d00d64ceae698af892a0,1474.79,70,0.5428571428571428,0.0,1620.264857142857,113418.54,0.5428571428571428,0.45714285714285713,38,32,130.25654015530296,53.36266808750735,0.0,1.1818181818181819,2025-01-28,Greed,72,Greed
2025-01-28,0x75f7eeb85dc639d5e99c78f95393aa9a5f1170d4,1150.332823,37,0.918918918918919,0.0,3275.1991891891894,121182.37000000001,0.08108108108108109,0.918918918918919,3,34,811.113162373885,78.65544872008162,0.0,0.11428571428571428,2025-01-28,Greed,72,Greed
2025-01-28,0x8170715b3b381dffb7062c0298972d4727a0a63b,0.0,17,0.0,0.0,588.2223529411765,9999.78,0.0,1.0,0,17,0.02113720278778433,0.0,0.0,0.05555555555555555,2025-01-28,Greed,72,Greed
2025-01-28,0xa520ded057a32086c40e7dd6ed4eb8efb82c00e0,0.0,3,0.0,0.0,0.07666666666666667,0.23,0.0,1.0,0,3,0.07117932836094733,0.0,0.0,0.25,2025-01-28,Greed,72,Greed
2025-01-28,0xbee1707d6b44d4d52bfe19e41f8a828645437aab,6959.984986,121,0.6859504132231405,0.0,1173.1775206611571,141954.48,0.3140495867768595,0.6859504132231405,38,83,4.832261527645663,94.45539810516253,0.0,0.4642857142857143,2025-01-28,Greed,72,Greed
2025-01-29,0x23e7a7f8d14b550961925fbfdaa92f5d195ba5bd,0.0,46,0.0,0.0,1602.9452173913044,73735.48,1.0,0.0,46,0,37.46791380105206,0.0,0.0,47.0,2025-01-29,Greed,72,Greed
2025-01-29,0x28736f43f1e871e6aa8b1148d38d4994275d72c4,152.618804,42,0.5,0.0,340.8880952380952,14317.3,0.5238095238095238,0.47619047619047616,22,20,20.122543720674063,7.729666653961523,0.0,1.0952380952380953,2025-01-29,Greed,72,Greed
2025-01-29,0x47add9a56df66b524d5e2c1993a43cde53b6ed85,41.935052,14,0.21428571428571427,0.0,446.21642857142854,6247.03,0.9285714285714286,0.07142857142857142,13,1,0.09193162318139592,7.183819265049678,0.0,7.0,2025-01-29,Greed,72,Greed
2025-01-29,0x75f7eeb85dc639d5e99c78f95393aa9a5f1170d4,45.381082,36,0.7777777777777778,0.0,1330.8616666666667,47911.02,0.2222222222222222,0.7777777777777778,8,28,7.654949413999099,1.9950145680463773,0.0,0.3103448275862069,2025-01-29,Greed,72,Greed
2025-01-29,0x8170715b3b381dffb7062c0298972d4727a0a63b,0.0,7,0.0,0.0,999.9485714285714,6999.64,0.0,1.0,0,7,0.04063386230923839,0.0,0.0,0.125,2025-01-29,Greed,72,Greed
2025-01-29,0x8477e447846c758f5a675856001ea72298fd9cb5,0.0,13,0.0,0.0,452.09615384615387,5877.25,0.15384615384615385,0.8461538461538461,2,11,364.6323373499585,0.0,0.0,0.25,2025-01-29,Greed,72,Greed
2025-01-29,0x92f17e8d81a944691c10e753af1b1baae1a2cd0d,21987.812579,636,0.4276729559748428,0.0220125786163522,2604.86213836478,1656692.32,0.449685534591195,0.550314465408805,286,350,8.563475008360744,107.85725452015875,0.0,0.8176638176638177,2025-01-29,Greed,72,Greed
2025-01-29,0xb1231a4a2dd02f2276fa3c5e2a2f3436e6bfed23,0.0,40,0.0,0.0,305.256,12210.24,1.0,0.0,40,0,57.9159175742045,0.0,0.0,41.0,2025-01-29,Greed,72,Greed
2025-01-29,0xbee1707d6b44d4d52bfe19e41f8a828645437aab,1193.2639530000001,76,0.7236842105263158,0.0,967.4096052631579,73523.13,0.27631578947368424,0.7236842105263158,21,55,0.05189287242592835,24.920448992210968,0.0,0.39285714285714285,2025-01-29,Greed,72,Greed
2025-01-30,0x23e7a7f8d14b550961925fbfdaa92f5d195ba5bd,7372.485101,55,1.0,0.0,1474.6896363636365,81107.93000000001,0.0,1.0,0,55,0.0823253642754623,146.65833505944818,0.0,0.017857142857142856,2025-01-30,Greed,70,Greed
2025-01-30,0x28736f43f1e871e6aa8b1148d38d4994275d72c4,1234.2072,86,0.6395348837209303,0.08139534883720931,394.06465116279065,33889.56,0.29069767441860467,0.7093023255813954,25,61,1.3163588663306005,35.62303734379405,0.0,0.41935483870967744,2025-01-30,Greed,70,Greed
2025-01-30,0x2c229d22b100a7beb69122eed721cee9b24011dd,159.201612,15,0.4,0.0,4589.114666666666,68836.72,0.6,0.4,9,6,139.35404039175938,23.958975082214096,0.0,1.4285714285714286,2025-01-30,Greed,70,Greed
2025-01-30,0x47add9a56df66b524d5e2c1993a43cde53b6ed85,783.829317,44,0.4318181818181818,0.022727272727272728,634.8495454545455,27933.38,0.09090909090909091,0.9090909090909091,4,40,0.3959513094087174,44.55261689840993,0.0,0.12195121951219512,2025-01-30,Greed,70,Greed
2025-01-30,0x4f93fead39b70a1824f981a54d4e55b278e9f760,3278.847724,75,0.4666666666666667,0.04,21280.349733333333,1596026.23,0.52,0.48,39,36,946.7983005931412,107.53072113948949,0.0,1.0810810810810811,2025-01-30,Greed,70,Greed
2025-01-30,0x6d6a4b953f202f8df5bed40692e7fd865318264a,1643.602279,8,1.0,0.0,1242.675,9941.4,0.0,1.0,0,8,0.021962640357002215,190.05009396715099,0.0,0.1111111111111111,2025-01-30,Greed,70,Greed
2025-01-30,0x75f7eeb85dc639d5e99c78f95393aa9a5f1170d4,5049.257348,134,0.8208955223880597,0.0,2169.4271641791042,290703.24,0.4626865671641791,0.5373134328358209,62,72,615.1845202851683,165.92275986355997,0.0,0.863013698630137,2025-01-30,Greed,70,Greed
2025-01-30,0x8170715b3b381dffb7062c0298972d4727a0a63b,0.0,37,0.0,0.0,486.4764864864865,17999.63,0.0,1.0,0,37,0.013750671213791575,0.0,0.0,0.02631578947368421,2025-01-30,Greed,70,Greed
2025-01-30,0x8477e447846c758f5a675856001ea72298fd9cb5,0.0,9,0.0,0.0,307.96333333333337,2771.67,0.0,1.0,0,9,111.23009715601259,0.0,0.0,0.1,2025-01-30,Greed,70,Greed
2025-01-30,0xb1231a4a2dd02f2276fa3c5e2a2f3436e6bfed23,2503.8204370000003,336,0.008928571428571428,0.0,1614.6436011904761,542520.25,0.0,1.0,0,336,6.200102027613453,135.88446402657883,0.0,0.002967359050445104,2025-01-30,Greed,70,Greed
2025-01-30,0xbee1707d6b44d4d52bfe19e41f8a828645437aab,1072.220367,268,0.2947761194029851,0.15671641791044777,1278.6088059701492,342667.16,0.47761194029850745,0.5223880597014925,128,140,20.396557313337908,21.761022711556944,0.0,0.9148936170212766,2025-01-30,Greed,70,Greed
2025-01-31,0x28736f43f1e871e6aa8b1148d38d4994275d72c4,755.916254,49,0.7755102040816326,0.04081632653061224,374.2630612244898,18338.89,0.22448979591836735,0.7755102040816326,11,38,0.13574506316331905,24.73543049754596,0.0,0.3076923076923077,2025-01-31,Extreme Greed,76,Greed
2025-01-31,0x2c229d22b100a7beb69122eed721cee9b24011dd,14418.18988,132,0.8560606060606061,0.015151515151515152,5257.4305303030305,693980.8300000001,0.12878787878787878,0.8712121212121212,17,115,1063.8306083287753,224.60644218342176,0.0,0.15517241379310345,2025-01-31,Extreme Greed,76,Greed
2025-01-31,0x47add9a56df66b524d5e2c1993a43cde53b6ed85,488.582241,57,0.40350877192982454,0.0,426.12614035087717,24289.19,0.19298245614035087,0.8070175438596491,11,46,22.866230125355315,16.695442792031972,0.0,0.2553191489361702,2025-01-31,Extreme Greed,76,Greed
2025-01-31,0x4f93fead39b70a1824f981a54d4e55b278e9f760,975.654751,59,0.3559322033898305,0.0,13735.521525423728,810395.77,0.5932203389830508,0.4067796610169492,35,24,901.9538876824067,52.12210246501401,0.0,1.44,2025-01-31,Extreme Greed,76,Greed
2025-01-31,0x75f7eeb85dc639d5e99c78f95393aa9a5f1170d4,6216.099195999999,172,0.6976744186046512,0.18604651162790697,2295.991569767442,394910.55,0.5348837209302325,0.46511627906976744,92,80,932.874429103151,225.91267499023022,0.0,1.1481481481481481,2025-01-31,Extreme Greed,76,Greed
2025-01-31,0x8170715b3b381dffb7062c0298972d4727a0a63b,0.0,48,0.0,0.0,625.6752083333333,30032.41,0.0,1.0,0,48,0.018225904987041543,0.0,0.0,0.02040816326530612,2025-01-31,Extreme Greed,76,Greed
2025-01-31,0x8477e447846c758f5a675856001ea72298fd9cb5,151.311363,66,0.24242424242424243,0.0,527.1548484848485,34792.22,0.22727272727272727,0.7727272727272727,15,51,13.38556066778118,13.339952360591292,0.0,0.3076923076923077,2025-01-31,Extreme Greed,76,Greed
2025-01-31,0xa0feb3725a9335f49874d7cd8eaad6be45b27416,9719.053192,65,1.0,0.0,2959.078615384615,192340.11,0.0,1.0,0,65,0.021828785813426625,96.84164694268577,0.0,0.015151515151515152,2025-01-31,Extreme Greed,76,Greed
2025-01-31,0xb1231a4a2dd02f2276fa3c5e2a2f3436e6bfed23,0.0,58,0.0,0.0,1723.3093103448277,99951.94,0.0,1.0,0,58,0.002859436659573195,0.0,0.0,0.01694915254237288,2025-01-31,Extreme Greed,76,Greed
2025-01-31,0xbd5fead7180a9c139fa51a103cb6a2ce86ddb5c3,0.0,61,0.0,0.0,1589.025081967213,96930.53,0.0,1.0,0,61,0.0060178051495728534,0.0,0.0,0.016129032258064516,2025-01-31,Extreme Greed,76,Greed
2025-01-31,0xbee1707d6b44d4d52bfe19e41f8a828645437aab,3143.489896,249,0.6184738955823293,0.0,1556.0202409638553,387449.04,0.570281124497992,0.42971887550200805,142,107,72.25999429990804,23.523604690750474,0.0,1.3240740740740742,2025-01-31,Extreme Greed,76,Greed
2025-02-01,0x23e7a7f8d14b550961925fbfdaa92f5d195ba5bd,1162.002541,78,0.32051282051282054,0.0,2094.719358974359,163388.11,0.6794871794871795,0.32051282051282054,53,25,5.178714465284377,47.09706615613972,0.0,2.076923076923077,2025-02-01,Greed,68,Greed
2025-02-01,0x28736f43f1e871e6aa8b1148d38d4994275d72c4,3.536668000000001,51,0.4117647058823529,0.1568627450980392,1057.5154901960784,53933.29,0.5882352941176471,0.4117647058823529,30,21,22.917020085180223,3.180318934253238,0.0,1.4090909090909092,2025-02-01,Greed,68,Greed
2025-02-01,0x2c229d22b100a7beb69122eed721cee9b24011dd,88.50699399999999,21,0.5714285714285714,0.19047619047619047,5610.000952380952,117810.02,0.23809523809523808,0.7619047619047619,5,16,125.18059313547465,11.577816061721414,0.0,0.35294117647058826,2025-02-01,Greed,68,Greed
2025-02-01,0x47add9a56df66b524d5e2c1993a43cde53b6ed85,526.448209,33,0.696969696969697,0.06060606060606061,490.5812121212121,16189.18,0.696969696969697,0.30303030303030304,23,10,0.2736955004747539,43.84021689979689,0.0,2.1818181818181817,2025-02-01,Greed,68,Greed
2025-02-01,0x4f93fead39b70a1824f981a54d4e55b278e9f760,0.0,4,0.0,0.0,22500.69,90002.76,1.0,0.0,4,0,3749.5121026784554,0.0,0.0,5.0,2025-02-01,Greed,68,Greed
2025-02-01,0x6d6a4b953f202f8df5bed40692e7fd865318264a,0.0,5,0.0,0.0,1987.6240000000003,9938.12,1.0,0.0,5,0,0.03863026285296197,0.0,0.0,6.0,2025-02-01,Greed,68,Greed
2025-02-01,0x75f7eeb85dc639d5e99c78f95393aa9a5f1170d4,9609.447365,148,0.7702702702702703,0.006756756756756757,4026.3325675675674,595897.22,0.7702702702702703,0.22972972972972974,114,34,1182.3370057850411,129.0974679187067,0.0,3.2857142857142856,2025-02-01,Greed,68,Greed
2025-02-01,0x8170715b3b381dffb7062c0298972d4727a0a63b,0.0,18,0.0,0.0,773.4088888888889,13921.36,0.0,1.0,0,18,0.022074941224723123,0.0,0.0,0.05263157894736842,2025-02-01,Greed,68,Greed
2025-02-01,0x8477e447846c758f5a675856001ea72298fd9cb5,1579.909758,60,0.48333333333333334,0.08333333333333333,615.154,36909.24,0.5666666666666667,0.43333333333333335,34,26,83.5693638859541,52.63523427683694,0.0,1.2962962962962963,2025-02-01,Greed,68,Greed
2025-02-01,0xa0feb3725a9335f49874d7cd8eaad6be45b27416,923.487443,18,1.0,0.0,1390.1038888888888,25021.87,0.0,1.0,0,18,0.029587840039613362,81.69155804436764,0.0,0.05263157894736842,2025-02-01,Greed,68,Greed
2025-02-01,0xb1231a4a2dd02f2276fa3c5e2a2f3436e6bfed23,15452.344326,11,0.2727272727272727,0.0,1400.39,15404.29,1.0,0.0,11,0,0.03657638344121029,3194.920404935411,0.0,12.0,2025-02-01,Greed,68,Greed
2025-02-01,0xbee1707d6b44d4d52bfe19e41f8a828645437aab,2954.521713,187,0.7112299465240641,0.0,1204.9785026737968,225330.98,0.39037433155080214,0.6096256684491979,73,114,23.5331296041315,37.665806311288776,0.0,0.6434782608695652,2025-02-01,Greed,68,Greed
2025-02-02,0x083384f897ee0f19899168e3b1bec365f52a9012,76710.0,10,0.9,0.0,185847.0,1858470.0,0.9,0.1,9,1,93129.33749781072,12601.782053941179,0.0,5.0,2025-02-02,Greed,60,Greed
2025-02-02,0x23e7a7f8d14b550961925fbfdaa92f5d195ba5bd,6352.452613,517,0.4506769825918762,0.025145067698259187,2792.42166344294,1443682.0,0.5222437137330754,0.47775628626692457,270,247,137.29297669136898,55.0118349778375,0.0,1.092741935483871,2025-02-02,Greed,60,Greed
2025-02-02,0x28736f43f1e871e6aa8b1148d38d4994275d72c4,-1416.906536,91,0.054945054945054944,0.12087912087912088,1328.6620879120878,120908.25,0.8791208791208791,0.12087912087912088,80,11,0.17662948928507724,90.0350615896877,-1416.906536,6.75,2025-02-02,Greed,60,Greed
2025-02-02,0x47add9a56df66b524d5e2c1993a43cde53b6ed85,-782.6517170000001,108,0.25,0.10185185185185185,475.55675925925925,51360.13,0.7685185185185185,0.23148148148148148,83,25,7.813875777063621,81.79797484462085,-782.6517170000001,3.230769230769231,2025-02-02,Greed,60,Greed
2025-02-02,0x4f93fead39b70a1824f981a54d4e55b278e9f760,0.0,30,0.0,0.0,25418.461333333333,762553.84,1.0,0.0,30,0,0.08191416723175873,0.0,0.0,31.0,2025-02-02,Greed,60,Greed
2025-02-02,0x72c6a4624e1dffa724e6d00d64ceae698af892a0,0.0,37,0.0,0.0,837.1502702702703,30974.56,0.0,1.0,0,37,22.705307022593512,0.0,0.0,0.02631578947368421,2025-02-02,Greed,60,Greed
2025-02-02,0x8170715b3b381dffb7062c0298972d4727a0a63b,0.0,30,0.0,0.0,1333.3373333333334,40000.12,0.0,1.0,0,30,0.0248658383850661,0.0,0.0,0.03225806451612903,2025-02-02,Greed,60,Greed
2025-02-02,0x8381e6d82f1affd39a336e143e081ef7620a3b7f,0.0,19,0.0,0.0,1943.7873684210526,36931.96,1.0,0.0,19,0,79.15404738266838,0.0,0.0,20.0,2025-02-02,Greed,60,Greed
2025-02-02,0x8477e447846c758f5a675856001ea72298fd9cb5,1023.934713,60,0.25,0.016666666666666666,1069.4091666666668,64164.55,0.9666666666666667,0.03333333333333333,58,2,142.9728808053828,38.879576479309414,0.0,19.666666666666668,2025-02-02,Greed,60,Greed
2025-02-02,0x92f17e8d81a944691c10e753af1b1baae1a2cd0d,12245.905048999999,169,0.4437869822485207,0.0,2370.67449704142,400643.99,0.5562130177514792,0.4437869822485207,94,75,8.241831159940677,168.57458318413939,0.0,1.25,2025-02-02,Greed,60,Greed
2025-02-02,0xa0feb3725a9335f49874d7cd8eaad6be45b27416,0.0,29,0.0,0.0,1210.4648275862069,35103.479999999996,1.0,0.0,29,0,0.02889295391392125,0.0,0.0,30.0,2025-02-02,Greed,60,Greed
2025-02-02,0xb1231a4a2dd02f2276fa3c5e2a2f3436e6bfed23,69051.70619,88,0.8068181818181818,0.0,6537.665,575314.52,1.0,0.0,88,0,0.04786990986134494,2326.8973038694726,0.0,89.0,2025-02-02,Greed,60,Greed
2025-02-02,0xbee1707d6b44d4d52bfe19e41f8a828645437aab,-329.680689,131,0.2900763358778626,0.15267175572519084,1839.5793129770993,240984.89,0.5572519083969466,0.44274809160305345,73,58,2.0132191926381977,55.74648765386572,-329.680689,1.2542372881355932,2025-02-02,Greed,60,Greed
2025-02-03,0x083384f897ee0f19899168e3b1bec365f52a9012,101011.685664,839,0.30512514898688914,0.13706793802145412,23593.019856972587,19794543.66,0.4171632896305125,0.5828367103694875,350,489,769.2558232883047,1727.5898244164778,0.0,0.7163265306122449,2025-02-03,Fear,44,Fear
2025-02-03,0x28736f43f1e871e6aa8b1148d38d4994275d72c4,439.634046,75,0.6,0.013333333333333334,1251.5914666666667,93869.36,0.36,0.64,27,48,66.15843550873484,17.783788359173194,0.0,0.5714285714285714,2025-02-03,Fear,44,Fear
2025-02-03,0x47add9a56df66b524d5e2c1993a43cde53b6ed85,2440.916534,182,0.4010989010989011,0.06043956043956044,633.5157142857142,115299.86,0.5934065934065934,0.4065934065934066,108,74,18.03341603403023,39.76608337596074,0.0,1.4533333333333334,2025-02-03,Fear,44,Fear
2025-02-03,0x75f7eeb85dc639d5e99c78f95393aa9a5f1170d4,14982.681725,351,0.7492877492877493,0.1908831908831909,2940.937606837607,1032269.1,0.2849002849002849,0.7150997150997151,100,251,1381.229732535091,174.62960722707848,0.0,0.4007936507936508,2025-02-03,Fear,44,Fear
2025-02-03,0x8170715b3b381dffb7062c0298972d4727a0a63b,13770.715332,119,0.8067226890756303,0.0,355.00016806722687,42245.02,0.8067226890756303,0.19327731092436976,96,23,0.008018703384583492,213.10018617735773,0.0,4.041666666666667,2025-02-03,Fear,44,Fear
2025-02-03,0x8381e6d82f1affd39a336e143e081ef7620a3b7f,0.0,8,0.0,0.0,2351.285,18810.28,1.0,0.0,8,0,0.05861376136412999,0.0,0.0,9.0,2025-02-03,Fear,44,Fear
2025-02-03,0x8477e447846c758f5a675856001ea72298fd9cb5,1474.607584,138,0.4855072463768116,0.0,1645.3448550724638,227057.59,0.5144927536231884,0.4855072463768116,71,67,51.33554140330881,21.135457498481998,0.0,1.0588235294117647,2025-02-03,Fear,44,Fear
2025-02-03,0xa0feb3725a9335f49874d7cd8eaad6be45b27416,2161.6751200000003,15,0.4,0.0,8577.862,128667.93,0.6,0.4,9,6,42.167496930287946,554.5089510547693,0.0,1.4285714285714286,2025-02-03,Fear,44,Fear
2025-02-03,0xa520ded057a32086c40e7dd6ed4eb8efb82c00e0,20.596691,1,1.0,0.0,999.91,999.91,0.0,1.0,0,1,0.0029336631831250854,0.0,0.0,0.5,2025-02-03,Fear,44,Fear
2025-02-03,0xb1231a4a2dd02f2276fa3c5e2a2f3436e6bfed23,46742.288748,258,0.3449612403100775,0.0,1333.0556976744185,343928.37,0.49224806201550386,0.5077519379844961,127,131,12.520301045335465,923.4945037656028,0.0,0.9696969696969697,2025-02-03,Fear,44,Fear
2025-02-03,0xbd5fead7180a9c139fa51a103cb6a2ce86ddb5c3,160022.95082600001,69,1.0,0.0,3243.988695652174,223835.22,1.0,0.0,69,0,0.05383159929429757,3607.887575128287,0.0,70.0,2025-02-03,Fear,44,Fear
2025-02-03,0xbee1707d6b44d4d52bfe19e41f8a828645437aab,5803.573999,325,0.4246153846153846,0.12615384615384614,1758.0771384615382,571375.07,0.38769230769230767,0.6123076923076923,126,199,66.89885541921936,102.56292882384021,0.0,0.635,2025-02-03,Fear,44,Fear
2025-02-04,0x083384f897ee0f19899168e3b1bec365f52a9012,375620.270243,531,0.15630885122410546,0.05273069679849341,10576.687156308852,5616220.88,0.20903954802259886,0.7909604519774012,111,420,0.4644304131094975,4706.059084117009,0.0,0.2660332541567696,2025-02-04,Greed,72,Greed
2025-02-04,0x28736f43f1e871e6aa8b1148d38d4994275d72c4,1291.500575,48,0.3541666666666667,0.0,1139.6597916666667,54703.67,0.6458333333333334,0.3541666666666667,31,17,57.18553417847415,74.99118060938883,0.0,1.7777777777777777,2025-02-04,Greed,72,Greed
2025-02-04,0x47add9a56df66b524d5e2c1993a43cde53b6ed85,874.3810560000001,34,0.47058823529411764,0.058823529411764705,389.9655882352941,13258.83,0.4117647058823529,0.5882352941176471,14,20,0.12613968992572566,79.3824007466573,0.0,0.7142857142857143,2025-02-04,Greed,72,Greed
2025-02-04,0x4f93fead39b70a1824f981a54d4e55b278e9f760,6403.5061239999995,9,1.0,0.0,95439.94666666667,858959.52,0.0,1.0,0,9,0.32434732250632786,1046.6297181593206,0.0,0.1,2025-02-04,Greed,72,Greed
2025-02-04,0x72c6a4624e1dffa724e6d00d64ceae698af892a0,0.0,1,0.0,0.0,15000.0,15000.0,0.0,1.0,0,1,15000.0,0.0,0.0,0.5,2025-02-04,Greed,72,Greed
2025-02-04,0x75f7eeb85dc639d5e99c78f95393aa9a5f1170d4,1985.815595,76,0.9736842105263158,0.0,1605.050657894737,121983.85,0.02631578947368421,0.9736842105263158,2,74,789.5495565939149,29.91302247659342,0.0,0.04,2025-02-04,Greed,72,Greed
2025-02-04,0x8170715b3b381dffb7062c0298972d4727a0a63b,0.0,45,0.0,0.0,676.7046666666666,30451.71,0.0,1.0,0,45,0.013011500970439245,0.0,0.0,0.021739130434782608,2025-02-04,Greed,72,Greed
2025-02-04,0x8381e6d82f1affd39a336e143e081ef7620a3b7f,9167.620989,104,0.47115384615384615,0.0,58124.15365384616,6044911.98,0.5288461538461539,0.47115384615384615,55,49,8.57825359811229,472.05399031609204,0.0,1.12,2025-02-04,Greed,72,Greed
2025-02-04,0x8477e447846c758f5a675856001ea72298fd9cb5,0.0,6,0.0,0.0,462.50499999999994,2775.0299999999997,0.0,1.0,0,6,185.33055423422942,0.0,0.0,0.14285714285714285,2025-02-04,Greed,72,Greed
2025-02-04,0xa0feb3725a9335f49874d7cd8eaad6be45b27416,4624.583773,731,0.18878248974008208,0.015047879616963064,1221.8522845417237,893174.02,0.7838577291381669,0.2161422708618331,573,158,18.05015261062848,45.8698676778244,0.0,3.610062893081761,2025-02-04,Greed,72,Greed
2025-02-04,0xb1231a4a2dd02f2276fa3c5e2a2f3436e6bfed23,16102.444634,661,0.3600605143721634,0.030257186081694403,2456.432904689864,1623702.15,0.3903177004538578,0.6096822995461422,258,403,60.29278862209253,80.525273650886,0.0,0.6410891089108911,2025-02-04,Greed,72,Greed
2025-02-04,0xbd5fead7180a9c139fa51a103cb6a2ce86ddb5c3,0.0,18,0.0,0.0,3777.777777777778,68000.0,0.0,1.0,0,18,0.024022495499739047,0.0,0.0,0.05263157894736842,2025-02-04,Greed,72,Greed
2025-02-04,0xbee1707d6b44d4d52bfe19e41f8a828645437aab,806.765131,248,0.2862903225806452,0.16532258064516128,1351.8856048387097,335267.63,0.39919354838709675,0.6008064516129032,99,149,3.0883482668280786,47.405115319421725,0.0,0.6666666666666666,2025-02-04,Greed,72,Greed
2025-02-05,0x083384f897ee0f19899168e3b1bec365f52a9012,44400.9058,210,0.37142857142857144,0.0,26585.06338095238,5582863.31,0.37142857142857144,0.6285714285714286,78,132,0.009285914329016053,949.222968424913,0.0,0.5939849624060151,2025-02-05,Neutral,54,Neutral
2025-02-05,0x28736f43f1e871e6aa8b1148d38d4994275d72c4,696.8107239999999,83,0.4457831325301205,0.012048192771084338,912.4063855421687,75729.73,0.5421686746987951,0.4578313253012048,45,38,0.07582185012962867,34.031679501206966,0.0,1.1794871794871795,2025-02-05,Neutral,54,Neutral
2025-02-05,0x47add9a56df66b524d5e2c1993a43cde53b6ed85,32.72269,3,0.3333333333333333,0.0,431.90000000000003,1295.7,0.6666666666666666,0.3333333333333333,2,1,0.31810743895698274,18.892453880108675,0.0,1.5,2025-02-05,Neutral,54,Neutral
2025-02-05,0x4f93fead39b70a1824f981a54d4e55b278e9f760,0.0,9,0.0,0.0,16663.026666666665,149967.24,1.0,0.0,9,0,1438.309717880985,0.0,0.0,10.0,2025-02-05,Neutral,54,Neutral
2025-02-05,0x75f7eeb85dc639d5e99c78f95393aa9a5f1170d4,14.590934,20,0.75,0.0,2107.2529999999997,42145.06,0.25,0.75,5,15,943.8562244421744,1.235187329230122,0.0,0.375,2025-02-05,Neutral,54,Neutral
2025-02-05,0x8170715b3b381dffb7062c0298972d4727a0a63b,0.0,25,0.0,0.0,599.9928,14999.82,0.0,1.0,0,25,0.00528787891600472,0.0,0.0,0.038461538461538464,2025-02-05,Neutral,54,Neutral
2025-02-05,0x8381e6d82f1affd39a336e143e081ef7620a3b7f,1843.301845,327,0.3853211009174312,0.08868501529051988,2347.8439143730884,767744.96,0.5259938837920489,0.4740061162079511,172,155,25.665939030206836,21.930405893500293,0.0,1.108974358974359,2025-02-05,Neutral,54,Neutral
2025-02-05,0x8477e447846c758f5a675856001ea72298fd9cb5,554.257954,20,0.6,0.0,554.9604999999999,11099.21,0.6,0.4,12,8,28.10216025767798,40.86191264099051,0.0,1.4444444444444444,2025-02-05,Neutral,54,Neutral
2025-02-05,0xa0feb3725a9335f49874d7cd8eaad6be45b27416,-6194.283149,368,0.12228260869565218,0.16304347826086957,4161.944646739131,1531595.6300000001,0.7146739130434783,0.28532608695652173,263,105,8.030194636205309,372.77103378183966,-6194.283149,2.490566037735849,2025-02-05,Neutral,54,Neutral
2025-02-05,0xb1231a4a2dd02f2276fa3c5e2a2f3436e6bfed23,14644.100674,218,0.42201834862385323,0.0,2359.758899082569,514427.44,0.42201834862385323,0.5779816513761468,92,126,0.0077843072553267076,193.52064989128667,0.0,0.7322834645669292,2025-02-05,Neutral,54,Neutral
2025-02-05,0xbee1707d6b44d4d52bfe19e41f8a828645437aab,713.82809,14,0.7857142857142857,0.0,3668.815,51363.41,0.7857142857142857,0.21428571428571427,11,3,568.1322913936972,71.27396966252019,0.0,3.0,2025-02-05,Neutral,54,Neutral
2025-02-06,0x28736f43f1e871e6aa8b1148d38d4994275d72c4,358.877096,45,0.37777777777777777,0.0,1453.7044444444446,65416.700000000004,0.6222222222222222,0.37777777777777777,28,17,0.0957208404714542,15.8397839150668,0.0,1.6111111111111112,2025-02-06,Neutral,49,Neutral
2025-02-06,0x2c229d22b100a7beb69122eed721cee9b24011dd,-639.3510530000001,61,0.5737704918032787,0.14754098360655737,3750.11868852459,228757.24,0.2786885245901639,0.7213114754098361,17,44,259.471268701958,143.49936509996087,-639.3510530000001,0.4,2025-02-06,Neutral,49,Neutral
2025-02-06,0x47add9a56df66b524d5e2c1993a43cde53b6ed85,922.6724320000001,63,0.23809523809523808,0.015873015873015872,414.6168253968254,26120.86,0.6190476190476191,0.38095238095238093,39,24,43.5091818725594,82.50302380598049,0.0,1.6,2025-02-06,Neutral,49,Neutral
2025-02-06,0x4f93fead39b70a1824f981a54d4e55b278e9f760,440.753133,10,0.4,0.0,30041.394,300413.94,0.6,0.4,6,4,3925.71103033541,73.62320825872241,0.0,1.4,2025-02-06,Neutral,49,Neutral
2025-02-06,0x75f7eeb85dc639d5e99c78f95393aa9a5f1170d4,2055.538866,73,0.273972602739726,0.2328767123287671,4675.59698630137,341318.58,0.547945205479452,0.4520547945205479,40,33,77.07646481047205,163.27753429615439,0.0,1.2058823529411764,2025-02-06,Neutral,49,Neutral
2025-02-06,0x8170715b3b381dffb7062c0298972d4727a0a63b,0.0,17,0.0,0.0,470.57411764705876,7999.759999999999,0.0,1.0,0,17,0.003920679244370497,0.0,0.0,0.05555555555555555,2025-02-06,Neutral,49,Neutral
2025-02-06,0x8381e6d82f1affd39a336e143e081ef7620a3b7f,71.77363,167,0.23353293413173654,0.08982035928143713,1881.207604790419,314161.67,0.6766467065868264,0.32335329341317365,113,54,20.69178623407223,1.8497889033909758,0.0,2.0727272727272728,2025-02-06,Neutral,49,Neutral
2025-02-06,0xa0feb3725a9335f49874d7cd8eaad6be45b27416,2780.135427,806,0.3399503722084367,0.0012406947890818859,716.7850620347394,577728.76,0.6588089330024814,0.3411910669975186,531,275,20.05687238392149,14.614268536958551,0.0,1.9275362318840579,2025-02-06,Neutral,49,Neutral
2025-02-06,0xb1231a4a2dd02f2276fa3c5e2a2f3436e6bfed23,51100.947505,419,0.847255369928401,0.0,1617.0732696897373,677553.7,0.847255369928401,0.15274463007159905,355,64,0.015278540013373653,227.5941483296381,0.0,5.476923076923077,2025-02-06,Neutral,49,Neutral
2025-02-06,0xbd5fead7180a9c139fa51a103cb6a2ce86ddb5c3,-24500.0,13,0.0,0.07692307692307693,18423.076923076922,239500.0,0.9230769230769231,0.07692307692307693,12,1,4719.548881644686,6795.077403759057,-24500.0,6.5,2025-02-06,Neutral,49,Neutral
2025-02-06,0xbee1707d6b44d4d52bfe19e41f8a828645437aab,1212.452697,29,0.896551724137931,0.0,1363.3675862068965,39537.659999999996,0.7586206896551724,0.2413793103448276,22,7,213.6966245583984,55.36127653941529,0.0,2.875,2025-02-06,Neutral,49,Neutral
2025-02-07,0x28736f43f1e871e6aa8b1148d38d4994275d72c4,932.4458159999999,54,0.6666666666666666,0.0,596.832037037037,32228.93,0.3333333333333333,0.6666666666666666,18,36,0.08486019601830369,57.20344009630237,0.0,0.5135135135135135,2025-02-07,Fear,44,Fear
2025-02-07,0x2c229d22b100a7beb69122eed721cee9b24011dd,-1145.924392,149,0.040268456375838924,0.6442953020134228,2135.150268456376,318137.39,0.31543624161073824,0.6845637583892618,47,102,27.119127012619458,81.1319591397019,-1145.924392,0.46601941747572817,2025-02-07,Fear,44,Fear
2025-02-07,0x430f09841d65beb3f27765503d0f850b8bce7713,5615.052102,93,0.25806451612903225,0.0,4485.160645161291,417119.94,0.7419354838709677,0.25806451612903225,69,24,4.0894647953790315,205.14299321974337,0.0,2.8,2025-02-07,Fear,44,Fear
2025-02-07,0x47add9a56df66b524d5e2c1993a43cde53b6ed85,126.11297599999999,17,0.8235294117647058,0.058823529411764705,288.2288235294118,4899.89,0.5294117647058824,0.47058823529411764,9,8,0.07096439718246433,11.949853629655175,0.0,1.1111111111111112,2025-02-07,Fear,44,Fear
2025-02-07,0x4f93fead39b70a1824f981a54d4e55b278e9f760,3691.30885,27,0.3333333333333333,0.0,19508.291481481483,526723.87,0.4444444444444444,0.5555555555555556,12,15,634.6703654625776,276.76384908993293,0.0,0.8125,2025-02-07,Fear,44,Fear
2025-02-07,0x72c6a4624e1dffa724e6d00d64ceae698af892a0,0.0,54,0.0,0.0,772.9157407407408,41737.450000000004,0.46296296296296297,0.5370370370370371,25,29,27.132771249059843,0.0,0.0,0.8666666666666667,2025-02-07,Fear,44,Fear
2025-02-07,0x75f7eeb85dc639d5e99c78f95393aa9a5f1170d4,2648.450789,58,0.7068965517241379,0.1724137931034483,3997.0581034482757,231829.37,0.10344827586206896,0.896551724137931,6,52,955.751028798225,246.1736294628474,0.0,0.1320754716981132,2025-02-07,Fear,44,Fear
2025-02-07,0x8170715b3b381dffb7062c0298972d4727a0a63b,0.0,9,0.0,0.0,666.651111111111,5999.86,0.0,1.0,0,9,0.005556654093675134,0.0,0.0,0.1,2025-02-07,Fear,44,Fear
2025-02-07,0x8477e447846c758f5a675856001ea72298fd9cb5,0.0,6,0.0,0.0,277.15333333333336,1662.92,0.0,1.0,0,6,277.15333333333336,0.0,0.0,0.14285714285714285,2025-02-07,Fear,44,Fear
2025-02-07,0x92f17e8d81a944691c10e753af1b1baae1a2cd0d,0.0,2,0.0,0.0,46000.0,92000.0,1.0,0.0,2,0,31304.039729302112,0.0,0.0,3.0,2025-02-07,Fear,44,Fear
2025-02-07,0xa0feb3725a9335f49874d7cd8eaad6be45b27416,6119.377807,787,0.25667090216010163,0.0,1749.6032401524778,1376937.75,0.7484116899618806,0.25158831003811943,589,198,25.326316347132632,50.121529716634946,0.0,2.9648241206030153,2025-02-07,Fear,44,Fear
2025-02-07,0xb1231a4a2dd02f2276fa3c5e2a2f3436e6bfed23,1831.9529619999998,143,0.3356643356643357,0.0,1073.4656643356643,153505.59,0.7342657342657343,0.26573426573426573,105,38,7.105688146253116,26.607568914128,0.0,2.717948717948718,2025-02-07,Fear,44,Fear
2025-02-07,0xbee1707d6b44d4d52bfe19e41f8a828645437aab,2631.225181,125,0.4,0.0,2059.84464,257480.58,0.6,0.4,75,50,0.041181476226007485,51.24840746866966,0.0,1.4901960784313726,2025-02-07,Fear,44,Fear
2025-02-08,0x28736f43f1e871e6aa8b1148d38d4994275d72c4,0.0,32,0.0,0.0,630.2528125,20168.09,1.0,0.0,32,0,0.20833684112321135,0.0,0.0,33.0,2025-02-08,Fear,44,Fear
2025-02-08,0x420ab45e0bd8863569a5efbb9c05d91f40624641,0.0,5,0.0,0.0,10322.714,51613.57,0.0,1.0,0,5,0.09681049447137705,0.0,0.0,0.16666666666666666,2025-02-08,Fear,44,Fear
2025-02-08,0x47add9a56df66b524d5e2c1993a43cde53b6ed85,78.902492,22,0.22727272727272727,0.0,532.6045454545455,11717.3,0.8636363636363636,0.13636363636363635,19,3,89.83832131440424,9.54623067150209,0.0,5.0,2025-02-08,Fear,44,Fear
2025-02-08,0x4f93fead39b70a1824f981a54d4e55b278e9f760,0.0,8,0.0,0.0,22498.25125,179986.01,1.0,0.0,8,0,0.23877296687796506,0.0,0.0,9.0,2025-02-08,Fear,44,Fear
2025-02-08,0x75f7eeb85dc639d5e99c78f95393aa9a5f1170d4,235.47104,2,0.5,0.0,6882.275,13764.55,0.5,0.5,1,1,3382.7699287681085,166.50316915704877,0.0,1.0,2025-02-08,Fear,44,Fear
2025-02-08,0x8170715b3b381dffb7062c0298972d4727a0a63b,0.0,5,0.0,0.0,999.984,4999.92,0.0,1.0,0,5,0.008035446274150345,0.0,0.0,0.16666666666666666,2025-02-08,Fear,44,Fear
2025-02-08,0x8477e447846c758f5a675856001ea72298fd9cb5,131.753274,8,0.875,0.0,329.95875,2639.67,0.875,0.125,7,1,70.15284698275808,18.947976953280662,0.0,4.0,2025-02-08,Fear,44,Fear
2025-02-08,0x92f17e8d81a944691c10e753af1b1baae1a2cd0d,0.0,152,0.0,0.0,1771.9198684210526,269331.82,1.0,0.0,152,0,0.009897209744375352,0.0,0.0,153.0,2025-02-08,Fear,44,Fear
2025-02-08,0xa0feb3725a9335f49874d7cd8eaad6be45b27416,330.039883,328,0.2926829268292683,0.0,764.5767682926829,250781.18,0.7073170731707317,0.2926829268292683,232,96,7.06887446246847,4.459769262723057,0.0,2.402061855670103,2025-02-08,Fear,44,Fear
2025-02-08,0xbee1707d6b44d4d52bfe19e41f8a828645437aab,-189.463436,13,0.07692307692307693,0.9230769230769231,2671.7584615384617,34732.86,0.0,1.0,0,13,0.035710737796126005,18.515281318347295,-189.463436,0.07142857142857142,2025-02-08,Fear,44,Fear
2025-02-09,0x083384f897ee0f19899168e3b1bec365f52a9012,30897.0887,141,0.9361702127659575,0.0,10161.056241134751,1432708.93,0.9361702127659575,0.06382978723404255,132,9,0.0024955481760940137,687.4738419495811,0.0,13.3,2025-02-09,Neutral,46,Neutral
2025-02-09,0x28736f43f1e871e6aa8b1148d38d4994275d72c4,31.14195,17,0.6470588235294118,0.0,685.0323529411764,11645.55,0.35294117647058826,0.6470588235294118,6,11,0.04289969480537386,3.7752816527342716,0.0,0.5833333333333334,2025-02-09,Neutral,46,Neutral
2025-02-09,0x47add9a56df66b524d5e2c1993a43cde53b6ed85,378.027954,29,0.7586206896551724,0.10344827586206896,352.76931034482755,10230.31,0.3103448275862069,0.6896551724137931,9,20,0.2093028584587679,21.698510363277148,0.0,0.47619047619047616,2025-02-09,Neutral,46,Neutral
2025-02-09,0x4f93fead39b70a1824f981a54d4e55b278e9f760,866.203569,3,0.3333333333333333,0.0,90292.82333333335,270878.47000000003,0.0,1.0,0,3,5000.886900010363,500.1028637351646,0.0,0.25,2025-02-09,Neutral,46,Neutral
2025-02-09,0x75f7eeb85dc639d5e99c78f95393aa9a5f1170d4,627.556755,71,0.9295774647887324,0.0,1530.2932394366196,108650.81999999999,0.9295774647887324,0.07042253521126761,66,5,528.7930778172148,16.726780127100053,0.0,11.166666666666666,2025-02-09,Neutral,46,Neutral
2025-02-09,0x8170715b3b381dffb7062c0298972d4727a0a63b,0.0,87,0.0,0.0,137.93471264367815,12000.32,0.0,1.0,0,87,0.0019644198308188827,0.0,0.0,0.011363636363636364,2025-02-09,Neutral,46,Neutral
2025-02-09,0x8381e6d82f1affd39a336e143e081ef7620a3b7f,1259.5314,103,0.22330097087378642,0.0,6879.689611650486,708608.03,0.22330097087378642,0.7766990291262136,23,80,71.55130580653164,46.03688814419071,0.0,0.2962962962962963,2025-02-09,Neutral,46,Neutral
2025-02-09,0x8477e447846c758f5a675856001ea72298fd9cb5,312.034872,65,0.3076923076923077,0.015384615384615385,322.47153846153844,20960.649999999998,0.35384615384615387,0.6461538461538462,23,42,79.77220672486966,9.357034138913244,0.0,0.5581395348837209,2025-02-09,Neutral,46,Neutral
2025-02-09,0xa0feb3725a9335f49874d7cd8eaad6be45b27416,183.593223,122,0.1721311475409836,0.00819672131147541,747.8363934426229,91236.04,0.819672131147541,0.18032786885245902,100,22,42.94171090333963,6.936199962250774,0.0,4.391304347826087,2025-02-09,Neutral,46,Neutral
2025-02-09,0xb1231a4a2dd02f2276fa3c5e2a2f3436e6bfed23,115791.92916,67,0.1791044776119403,0.0,2647.2844776119405,177368.06,0.5074626865671642,0.4925373134328358,34,33,66.64625233007068,6814.011023986285,0.0,1.0294117647058822,2025-02-09,Neutral,46,Neutral
2025-02-09,0xbd5fead7180a9c139fa51a103cb6a2ce86ddb5c3,0.0,3,0.0,0.0,625.8133333333334,1877.44,0.0,1.0,0,3,0.003992212113333067,0.0,0.0,0.25,2025-02-09,Neutral,46,Neutral
2025-02-09,0xbee1707d6b44d4d52bfe19e41f8a828645437aab,204.72190899999998,56,0.375,0.0,1334.912142857143,74755.08,0.625,0.375,35,21,0.02996778870227884,10.676241938229754,0.0,1.6363636363636365,2025-02-09,Neutral,46,Neutral
2025-02-10,0x083384f897ee0f19899168e3b1bec365f52a9012,55086.0,48,0.3333333333333333,0.0,32032.5,1537560.0,0.3333333333333333,0.6666666666666666,16,32,0.010807679107887146,3845.1429789897975,0.0,0.5151515151515151,2025-02-10,Fear,43,Fear
2025-02-10,0x28736f43f1e871e6aa8b1148d38d4994275d72c4,436.833818,43,0.6744186046511628,0.0,1075.9925581395348,46267.68,0.32558139534883723,0.6744186046511628,14,29,0.06452110930664634,15.132972022741825,0.0,0.5,2025-02-10,Fear,43,Fear
2025-02-10,0x47add9a56df66b524d5e2c1993a43cde53b6ed85,4.42722,6,0.3333333333333333,0.0,521.32,3127.92,0.0,1.0,0,6,0.23564284745683564,1.3732785826108262,0.0,0.14285714285714285,2025-02-10,Fear,43,Fear
2025-02-10,0x4f93fead39b70a1824f981a54d4e55b278e9f760,2069.55836,84,0.34523809523809523,0.0,14470.832976190475,1215549.97,0.5476190476190477,0.4523809523809524,46,38,1183.438624407358,64.73550709661355,0.0,1.205128205128205,2025-02-10,Fear,43,Fear
2025-02-10,0x72c6a4624e1dffa724e6d00d64ceae698af892a0,0.0,24,0.0,0.0,2206.1225,52946.94,0.0,1.0,0,24,14.524981985781414,0.0,0.0,0.04,2025-02-10,Fear,43,Fear
2025-02-10,0x75f7eeb85dc639d5e99c78f95393aa9a5f1170d4,990.674468,58,0.603448275862069,0.0,2647.6505172413795,153563.73,0.41379310344827586,0.5862068965517241,24,34,595.1470195018461,45.530952094246196,0.0,0.7142857142857143,2025-02-10,Fear,43,Fear
2025-02-10,0x8170715b3b381dffb7062c0298972d4727a0a63b,24.634532000000036,85,0.3411764705882353,0.4235294117647059,698.8723529411765,59404.15,0.7647058823529411,0.23529411764705882,65,20,0.016937906381727662,35.07264642007319,0.0,3.142857142857143,2025-02-10,Fear,43,Fear
2025-02-10,0x8381e6d82f1affd39a336e143e081ef7620a3b7f,0.0,10,0.0,0.0,1089.435,10894.349999999999,1.0,0.0,10,0,78.29384346701566,0.0,0.0,11.0,2025-02-10,Fear,43,Fear
2025-02-10,0x8477e447846c758f5a675856001ea72298fd9cb5,131.17446,46,0.15217391304347827,0.021739130434782608,585.3667391304348,26926.87,0.3695652173913043,0.6304347826086957,17,29,42.162351377681276,9.615933689032458,0.0,0.6,2025-02-10,Fear,43,Fear
2025-02-10,0xa0feb3725a9335f49874d7cd8eaad6be45b27416,1338.39845,304,0.6085526315789473,0.0,868.6251644736842,264062.05,0.39144736842105265,0.6085526315789473,119,185,2.2935702983791972,12.278336522430084,0.0,0.6451612903225806,2025-02-10,Fear,43,Fear
2025-02-10,0xa520ded057a32086c40e7dd6ed4eb8efb82c00e0,30.785143,2,1.0,0.0,249.82,499.64,0.0,1.0,0,2,0.0007044374416878809,11.431531580613532,0.0,0.3333333333333333,2025-02-10,Fear,43,Fear
2025-02-10,0xb1231a4a2dd02f2276fa3c5e2a2f3436e6bfed23,0.0,17,0.0,0.0,1960.124705882353,33322.12,0.0,1.0,0,17,0.04242583940921896,0.0,0.0,0.05555555555555555,2025-02-10,Fear,43,Fear
2025-02-10,0xbd5fead7180a9c139fa51a103cb6a2ce86ddb5c3,0.0,22,0.0,0.0,591.3531818181818,13009.77,0.0,1.0,0,22,0.0038458070698667523,0.0,0.0,0.043478260869565216,2025-02-10,Fear,43,Fear
2025-02-10,0xbee1707d6b44d4d52bfe19e41f8a828645437aab,3796.008199,140,0.65,0.0,1484.4517857142857,207823.25,0.35,0.65,49,91,0.022885787354024353,50.99961681598873,0.0,0.5434782608695652,2025-02-10,Fear,43,Fear
2025-02-11,0x083384f897ee0f19899168e3b1bec365f52a9012,0.0,6,0.0,0.0,134600.00166666668,807600.01,0.0,1.0,0,6,0.03578818019284415,0.0,0.0,0.14285714285714285,2025-02-11,Neutral,47,Neutral
2025-02-11,0x23e7a7f8d14b550961925fbfdaa92f5d195ba5bd,-12346.990829,124,0.0,1.0,612.1092741935485,75901.55,0.0,1.0,0,124,0.02138418933110729,294.11859966061303,-12346.990829,0.008,2025-02-11,Neutral,47,Neutral
2025-02-11,0x28736f43f1e871e6aa8b1148d38d4994275d72c4,593.326371,41,0.4634146341463415,0.0,984.2039024390244,40352.36,0.5365853658536586,0.4634146341463415,22,19,0.09003735468917809,23.576812113247865,0.0,1.15,2025-02-11,Neutral,47,Neutral
2025-02-11,0x47add9a56df66b524d5e2c1993a43cde53b6ed85,314.918282,17,0.4117647058823529,0.0,456.26176470588234,7756.45,0.29411764705882354,0.7058823529411765,5,12,65.14718350697872,36.06177016156564,0.0,0.46153846153846156,2025-02-11,Neutral,47,Neutral
2025-02-11,0x4f93fead39b70a1824f981a54d4e55b278e9f760,1353.604398,56,0.39285714285714285,0.0,12581.13017857143,704543.29,0.5,0.5,28,28,709.0842458507497,60.693551118063375,0.0,1.0,2025-02-11,Neutral,47,Neutral
2025-02-11,0x75f7eeb85dc639d5e99c78f95393aa9a5f1170d4,1053.5230999999999,5,0.6,0.0,7386.992,36934.96,0.4,0.6,2,3,3586.7456752573025,417.1758870178131,0.0,0.75,2025-02-11,Neutral,47,Neutral
2025-02-11,0x8170715b3b381dffb7062c0298972d4727a0a63b,0.0,13,0.0,0.0,769.2253846153847,9999.93,0.0,1.0,0,13,0.005079446115805673,0.0,0.0,0.07142857142857142,2025-02-11,Neutral,47,Neutral
2025-02-11,0x8381e6d82f1affd39a336e143e081ef7620a3b7f,109.90750199999998,211,0.3791469194312796,0.08056872037914692,2385.7656398104264,503396.55,0.5402843601895735,0.4597156398104265,114,97,27.029172586929217,25.999201348824897,0.0,1.1734693877551021,2025-02-11,Neutral,47,Neutral
2025-02-11,0x8477e447846c758f5a675856001ea72298fd9cb5,56.537437,19,0.2631578947368421,0.0,569.5515789473684,10821.48,0.2631578947368421,0.7368421052631579,5,14,29.571035845892137,6.848378625490824,0.0,0.4,2025-02-11,Neutral,47,Neutral
2025-02-11,0xa0feb3725a9335f49874d7cd8eaad6be45b27416,869.757103,183,0.16939890710382513,0.0,1215.386612021858,222415.75,0.8306010928961749,0.16939890710382513,152,31,74.06509055155905,27.013888161378503,0.0,4.78125,2025-02-11,Neutral,47,Neutral
2025-02-11,0xb1231a4a2dd02f2276fa3c5e2a2f3436e6bfed23,0.0,121,0.0,0.0,2285.4152892561983,276535.25,0.0,1.0,0,121,5.455293446347751,0.0,0.0,0.00819672131147541,2025-02-11,Neutral,47,Neutral
2025-02-11,0xbee1707d6b44d4d52bfe19e41f8a828645437aab,1901.6318190000002,52,0.34615384615384615,0.0,1947.8190384615384,101286.59,0.6538461538461539,0.34615384615384615,34,18,0.059758918529728526,82.6906597653178,0.0,1.8421052631578947,2025-02-11,Neutral,47,Neutral
2025-02-12,0x23e7a7f8d14b550961925fbfdaa92f5d195ba5bd,355.5854,159,0.7987421383647799,0.0,2687.4032704402516,427297.12,0.1949685534591195,0.8050314465408805,31,128,83.1521632627929,2.2112728533269044,0.0,0.24806201550387597,2025-02-12,Neutral,46,Neutral
2025-02-12,0x28736f43f1e871e6aa8b1148d38d4994275d72c4,198.780392,59,0.4576271186440678,0.06779661016949153,717.646779661017,42341.16,0.4745762711864407,0.5254237288135594,28,31,22.346939638106218,7.710724812624136,0.0,0.90625,2025-02-12,Neutral,46,Neutral
2025-02-12,0x430f09841d65beb3f27765503d0f850b8bce7713,22795.8104,108,0.4166666666666667,0.0,4261.555092592593,460247.95,0.5833333333333334,0.4166666666666667,63,45,189.11792769574484,736.882963780328,0.0,1.391304347826087,2025-02-12,Neutral,46,Neutral
2025-02-12,0x47add9a56df66b524d5e2c1993a43cde53b6ed85,117.09923500000001,5,0.8,0.2,661.658,3308.29,0.6,0.4,3,2,0.45730273970303176,25.90649487476247,0.0,1.3333333333333333,2025-02-12,Neutral,46,Neutral
2025-02-12,0x4f93fead39b70a1824f981a54d4e55b278e9f760,5212.729861,84,0.5357142857142857,0.0,14802.268214285714,1243390.53,0.2619047619047619,0.7380952380952381,22,62,847.1092287979731,180.78801067032114,0.0,0.36507936507936506,2025-02-12,Neutral,46,Neutral
2025-02-12,0x75f7eeb85dc639d5e99c78f95393aa9a5f1170d4,-22303.603584,118,0.23728813559322035,0.6101694915254238,2953.0322881355933,348457.81,0.2627118644067797,0.7372881355932204,31,87,1351.5130982408607,625.9734311104521,-22303.603584,0.36363636363636365,2025-02-12,Neutral,46,Neutral
2025-02-12,0x8170715b3b381dffb7062c0298972d4727a0a63b,0.0,23,0.0,0.0,1086.9421739130435,24999.670000000002,0.0,1.0,0,23,0.0068292555345904485,0.0,0.0,0.041666666666666664,2025-02-12,Neutral,46,Neutral
2025-02-12,0x8381e6d82f1affd39a336e143e081ef7620a3b7f,2760.439779,81,0.7037037037037037,0.0,12390.793456790123,1003654.27,0.2962962962962963,0.7037037037037037,24,57,43.348356384073504,112.26984983437958,0.0,0.43103448275862066,2025-02-12,Neutral,46,Neutral
2025-02-12,0x8477e447846c758f5a675856001ea72298fd9cb5,299.669854,30,0.7666666666666667,0.1,410.9486666666666,12328.46,0.8666666666666667,0.13333333333333333,26,4,0.28112200117786934,16.819727460718266,0.0,5.4,2025-02-12,Neutral,46,Neutral
2025-02-12,0xa0feb3725a9335f49874d7cd8eaad6be45b27416,0.0,50,0.0,0.0,999.666,49983.3,1.0,0.0,50,0,0.014715058696341526,0.0,0.0,51.0,2025-02-12,Neutral,46,Neutral
2025-02-12,0xb1231a4a2dd02f2276fa3c5e2a2f3436e6bfed23,8664.933786,243,0.31275720164609055,0.0,1698.3335802469135,412695.06,0.41975308641975306,0.5802469135802469,102,141,0.5390353798360139,201.861924789929,0.0,0.7253521126760564,2025-02-12,Neutral,46,Neutral
2025-02-12,0xbee1707d6b44d4d52bfe19e41f8a828645437aab,1747.1899090000002,71,0.6338028169014085,0.0,1623.5340845070423,115270.92,0.36619718309859156,0.6338028169014085,26,45,0.040889818710241006,64.96344355783563,0.0,0.5869565217391305,2025-02-12,Neutral,46,Neutral
2025-02-13,0x28736f43f1e871e6aa8b1148d38d4994275d72c4,287.27875,42,0.5,0.0,647.7471428571429,27205.38,0.6428571428571429,0.35714285714285715,27,15,18.209677377531346,13.573736290586538,0.0,1.75,2025-02-13,Neutral,50,Neutral
2025-02-13,0x2c229d22b100a7beb69122eed721cee9b24011dd,17378.569333,321,0.6417445482866043,0.0,3578.9056074766354,1148828.7,0.3582554517133956,0.6417445482866043,115,206,567.032679717169,199.2731294439198,0.0,0.5603864734299517,2025-02-13,Neutral,50,Neutral
2025-02-13,0x47add9a56df66b524d5e2c1993a43cde53b6ed85,534.854304,47,0.574468085106383,0.0,383.71595744680855,18034.65,0.23404255319148937,0.7659574468085106,11,36,24.53137917037223,16.132206690361375,0.0,0.32432432432432434,2025-02-13,Neutral,50,Neutral
2025-02-13,0x4f93fead39b70a1824f981a54d4e55b278e9f760,2205.413149,23,0.4782608695652174,0.0,17512.87652173913,402796.16,1.0,0.0,23,0,166.68389487424153,177.7967781956871,0.0,24.0,2025-02-13,Neutral,50,Neutral
2025-02-13,0x75f7eeb85dc639d5e99c78f95393aa9a5f1170d4,2390.12335,101,0.8316831683168316,0.0,1278.79198019802,129157.99,0.8316831683168316,0.16831683168316833,84,17,315.5839941649597,47.58164510464362,0.0,4.722222222222222,2025-02-13,Neutral,50,Neutral
2025-02-13,0x8170715b3b381dffb7062c0298972d4727a0a63b,-3556.3882559999997,46,0.0,0.34782608695652173,947.7369565217392,43595.9,0.34782608695652173,0.6521739130434783,16,30,0.05761309607479455,146.1700573265987,-3556.3882559999997,0.5483870967741935,2025-02-13,Neutral,50,Neutral
2025-02-13,0x8381e6d82f1affd39a336e143e081ef7620a3b7f,1998.702085,42,1.0,0.0,2039.3888095238096,85654.33,0.0,1.0,0,42,0.10898569109128459,42.30756574721817,0.0,0.023255813953488372,2025-02-13,Neutral,50,Neutral
2025-02-13,0x8477e447846c758f5a675856001ea72298fd9cb5,181.456277,25,0.44,0.0,264.2908,6607.2699999999995,0.44,0.56,11,14,85.47379504015107,13.257305069177903,0.0,0.8,2025-02-13,Neutral,50,Neutral
2025-02-13,0xa0feb3725a9335f49874d7cd8eaad6be45b27416,1312.55815,399,0.40100250626566414,0.0,2012.0397744360903,802803.87,0.5989974937343359,0.40100250626566414,239,160,135.85921177323453,23.519388244798094,0.0,1.4906832298136645,2025-02-13,Neutral,50,Neutral
2025-02-13,0xb1231a4a2dd02f2276fa3c5e2a2f3436e6bfed23,0.0,168,0.0,0.0,1735.2890476190476,291528.56,0.0,1.0,0,168,0.005014847846595723,0.0,0.0,0.005917159763313609,2025-02-13,Neutral,50,Neutral
2025-02-13,0xbee1707d6b44d4d52bfe19e41f8a828645437aab,5096.967096,156,0.5064102564102564,0.0,1561.7910256410255,243639.4,0.42948717948717946,0.5705128205128205,67,89,135.6841729682609,116.12270049393433,0.0,0.7555555555555555,2025-02-13,Neutral,50,Neutral
2025-02-14,0x28736f43f1e871e6aa8b1148d38d4994275d72c4,404.813032,47,0.7872340425531915,0.02127659574468085,536.6263829787234,25221.44,0.10638297872340426,0.8936170212765957,5,42,17.25040831629932,13.07340651050037,0.0,0.13953488372093023,2025-02-14,Neutral,48,Neutral
2025-02-14,0x3998f134d6aaa2b6a5f723806d00fd2bbbbce891,19.530304,2,1.0,0.0,25.39,50.78,0.0,1.0,0,2,0.6977291859536202,1.6607590695558463,0.0,0.3333333333333333,2025-02-14,Neutral,48,Neutral
2025-02-14,0x3f9a0aadc7f04a7c9d75dc1b5a6ddd6e36486cf6,8019.163096,1,1.0,0.0,63734.69,63734.69,0.0,1.0,0,1,0.06259986004592588,0.0,0.0,0.5,2025-02-14,Neutral,48,Neutral
2025-02-14,0x420ab45e0bd8863569a5efbb9c05d91f40624641,0.0,12,0.0,0.0,2078.9283333333333,24947.14,0.0,1.0,0,12,0.014396292384066795,0.0,0.0,0.07692307692307693,2025-02-14,Neutral,48,Neutral
2025-02-14,0x47add9a56df66b524d5e2c1993a43cde53b6ed85,-10.630689999999959,47,0.6808510638297872,0.06382978723404255,315.5821276595745,14832.36,0.2553191489361702,0.7446808510638298,12,35,0.2138316926864646,140.70818321519732,-10.630689999999959,0.3611111111111111,2025-02-14,Neutral,48,Neutral
2025-02-14,0x4f93fead39b70a1824f981a54d4e55b278e9f760,2678.115601,58,0.43103448275862066,0.0,19911.15103448276,1154846.76,0.46551724137931033,0.5344827586206896,27,31,616.6501687648689,165.4461356370579,0.0,0.875,2025-02-14,Neutral,48,Neutral
2025-02-14,0x513b8629fe877bb581bf244e326a047b249c4ff1,194499.072534,464,1.0,0.0,1986.7047629310346,921831.01,0.0,1.0,0,464,0.013903060343594143,860.971938080937,0.0,0.002150537634408602,2025-02-14,Neutral,48,Neutral
2025-02-14,0x6d6a4b953f202f8df5bed40692e7fd865318264a,844.8168900000001,21,1.0,0.0,254.39857142857142,5342.37,0.0,1.0,0,21,0.004282673949962527,20.729468118989523,0.0,0.045454545454545456,2025-02-14,Neutral,48,Neutral
2025-02-14,0x72c6a4624e1dffa724e6d00d64ceae698af892a0,0.0,5,0.0,0.0,3058.91,15294.55,0.2,0.8,1,4,1985.4206784567718,0.0,0.0,0.4,2025-02-14,Neutral,48,Neutral
2025-02-14,0x8170715b3b381dffb7062c0298972d4727a0a63b,8781.96,311,0.26366559485530544,0.07395498392282958,2726.2494855305467,847863.59,0.3987138263665595,0.6012861736334405,124,187,66.26179377950562,116.12976965313537,0.0,0.6648936170212766,2025-02-14,Neutral,48,Neutral
2025-02-14,0x8381e6d82f1affd39a336e143e081ef7620a3b7f,27.247837999999998,40,0.275,0.0,445.2165,17808.66,0.725,0.275,29,11,26.85284364604509,2.5974044689440774,0.0,2.5,2025-02-14,Neutral,48,Neutral
2025-02-14,0x8477e447846c758f5a675856001ea72298fd9cb5,0.0,10,0.0,0.0,254.971,2549.71,0.0,1.0,0,10,100.11603591737978,0.0,0.0,0.09090909090909091,2025-02-14,Neutral,48,Neutral
2025-02-14,0xa0feb3725a9335f49874d7cd8eaad6be45b27416,414.743169,306,0.1111111111111111,0.006535947712418301,1372.3451960784314,419937.63,0.8856209150326797,0.11437908496732026,271,35,19.42757809270613,8.081255471029868,0.0,7.555555555555555,2025-02-14,Neutral,48,Neutral
2025-02-14,0xb1231a4a2dd02f2276fa3c5e2a2f3436e6bfed23,0.0,165,0.0,0.0,1615.370303030303,266536.1,0.0,1.0,0,165,0.0024043783494716972,0.0,0.0,0.006024096385542169,2025-02-14,Neutral,48,Neutral
2025-02-14,0xbee1707d6b44d4d52bfe19e41f8a828645437aab,-1818.156466,166,0.006024096385542169,0.3795180722891566,1363.292951807229,226306.63,0.3795180722891566,0.6204819277108434,63,103,10.549902587048278,29.55109161280121,-1818.156466,0.6153846153846154,2025-02-14,Neutral,48,Neutral
2025-02-15,0x28736f43f1e871e6aa8b1148d38d4994275d72c4,64.653448,9,0.8888888888888888,0.0,257.83222222222224,2320.4900000000002,0.2222222222222222,0.7777777777777778,2,7,135.67316378237493,7.019531845923329,0.0,0.375,2025-02-15,Neutral,50,Neutral
2025-02-15,0x2c229d22b100a7beb69122eed721cee9b24011dd,590.06989,47,0.6808510638297872,0.0,1285.8944680851064,60437.04,0.3191489361702128,0.6808510638297872,15,32,9.04039496878821,22.865604270291954,0.0,0.48484848484848486,2025-02-15,Neutral,50,Neutral
2025-02-15,0x47add9a56df66b524d5e2c1993a43cde53b6ed85,231.07204,21,0.23809523809523808,0.0,367.2038095238095,7711.28,0.5238095238095238,0.47619047619047616,11,10,0.14219269641289894,36.221565597578014,0.0,1.0909090909090908,2025-02-15,Neutral,50,Neutral
2025-02-15,0x4f93fead39b70a1824f981a54d4e55b278e9f760,3884.0032459999998,21,0.6190476190476191,0.0,22683.889523809525,476361.68,0.8095238095238095,0.19047619047619047,17,4,2103.218131648618,398.14231944780107,0.0,3.6,2025-02-15,Neutral,50,Neutral
2025-02-15,0x6d6a4b953f202f8df5bed40692e7fd865318264a,0.0,11,0.0,0.0,485.4918181818182,5340.41,1.0,0.0,11,0,0.008941064865269787,0.0,0.0,12.0,2025-02-15,Neutral,50,Neutral
2025-02-15,0x72c6a4624e1dffa724e6d00d64ceae698af892a0,0.0,7,0.0,0.0,1628.5714285714287,11400.0,1.0,0.0,7,0,73.46517376873659,0.0,0.0,8.0,2025-02-15,Neutral,50,Neutral
2025-02-15,0x75f7eeb85dc639d5e99c78f95393aa9a5f1170d4,462.740727,28,0.6785714285714286,0.0,3875.14,108503.92,0.32142857142857145,0.6785714285714286,9,19,1081.470514047671,44.15908491093359,0.0,0.5,2025-02-15,Neutral,50,Neutral
2025-02-15,0x8170715b3b381dffb7062c0298972d4727a0a63b,35346.87108,179,0.8603351955307262,0.03910614525139665,2418.771340782123,432960.07,0.27932960893854747,0.7206703910614525,50,129,0.046929683049011066,738.4854675170128,0.0,0.3923076923076923,2025-02-15,Neutral,50,Neutral
2025-02-15,0x8477e447846c758f5a675856001ea72298fd9cb5,49.98382900000001,9,0.3333333333333333,0.6666666666666666,437.9866666666667,3941.88,1.0,0.0,9,0,0.9713353212249002,25.202224603421183,0.0,10.0,2025-02-15,Neutral,50,Neutral
2025-02-15,0xa0feb3725a9335f49874d7cd8eaad6be45b27416,590.73516,466,0.24248927038626608,0.006437768240343348,787.2578326180258,366862.15,0.7532188841201717,0.24678111587982832,351,115,7.2559299880449935,5.571881669273316,0.0,3.0344827586206895,2025-02-15,Neutral,50,Neutral
2025-02-15,0xbd5fead7180a9c139fa51a103cb6a2ce86ddb5c3,0.0,4,0.0,0.0,805.4399999999999,3221.7599999999998,0.0,1.0,0,4,0.00503442799577145,0.0,0.0,0.2,2025-02-15,Neutral,50,Neutral
2025-02-15,0xbee1707d6b44d4d52bfe19e41f8a828645437aab,3822.79759,130,0.4153846153846154,0.0,1798.402076923077,233792.27,0.7,0.3,91,39,7.444928978938918,70.04212480145807,0.0,2.3,2025-02-15,Neutral,50,Neutral
2025-02-16,0x28736f43f1e871e6aa8b1148d38d4994275d72c4,59.664989,11,0.36363636363636365,0.0,503.33272727272725,5536.66,0.5454545454545454,0.45454545454545453,6,5,0.3291429605533058,13.08773179111186,0.0,1.1666666666666667,2025-02-16,Neutral,54,Neutral
2025-02-16,0x47add9a56df66b524d5e2c1993a43cde53b6ed85,278.922501,41,0.4146341463414634,0.24390243902439024,396.6439024390244,16262.4,0.7560975609756098,0.24390243902439024,31,10,0.22050101156178378,20.642719326301805,0.0,2.909090909090909,2025-02-16,Neutral,54,Neutral
2025-02-16,0x4f93fead39b70a1824f981a54d4e55b278e9f760,314.96786,25,0.44,0.0,14405.7528,360143.82,0.6,0.4,15,10,2570.1675574297046,27.21407194222253,0.0,1.4545454545454546,2025-02-16,Neutral,54,Neutral
2025-02-16,0x72c6a4624e1dffa724e6d00d64ceae698af892a0,0.0,6,0.0,0.0,1650.0,9900.0,1.0,0.0,6,0,114.43527482217705,0.0,0.0,7.0,2025-02-16,Neutral,54,Neutral
2025-02-16,0x75f7eeb85dc639d5e99c78f95393aa9a5f1170d4,14.54605,5,0.2,0.0,341.232,1706.16,0.8,0.2,4,1,78.3427462032295,6.505191320822163,0.0,2.5,2025-02-16,Neutral,54,Neutral
2025-02-16,0x8170715b3b381dffb7062c0298972d4727a0a63b,0.0,3,0.0,0.0,3333.296666666667,9999.890000000001,0.0,1.0,0,3,0.011349801515902695,0.0,0.0,0.25,2025-02-16,Neutral,54,Neutral
2025-02-16,0x8381e6d82f1affd39a336e143e081ef7620a3b7f,559.647247,80,0.425,0.0,1368.858375,109508.67,0.575,0.425,46,34,10.801099675499145,13.967148049600674,0.0,1.3428571428571427,2025-02-16,Neutral,54,Neutral
2025-02-16,0x8477e447846c758f5a675856001ea72298fd9cb5,0.0,1,0.0,0.0,555.02,555.02,0.0,1.0,0,1,555.02,0.0,0.0,0.5,2025-02-16,Neutral,54,Neutral
2025-02-16,0xa0feb3725a9335f49874d7cd8eaad6be45b27416,819.9958,455,0.42857142857142855,0.07252747252747253,501.30874725274725,228095.48,0.4967032967032967,0.5032967032967033,226,229,3.0445092092006822,8.673794000938054,0.0,0.9869565217391304,2025-02-16,Neutral,54,Neutral
2025-02-16,0xbee1707d6b44d4d52bfe19e41f8a828645437aab,321.733978,54,0.7037037037037037,0.1111111111111111,1193.8803703703704,64469.54,0.2037037037037037,0.7962962962962963,11,43,2.6041062398981074,13.468251000673389,0.0,0.2727272727272727,2025-02-16,Neutral,54,Neutral
2025-02-17,0x28736f43f1e871e6aa8b1148d38d4994275d72c4,115.824682,28,0.6428571428571429,0.0,466.69214285714287,13067.380000000001,0.6071428571428571,0.39285714285714285,17,11,33.09428337823953,6.6183473244972415,0.0,1.5,2025-02-17,Neutral,51,Neutral
2025-02-17,0x47add9a56df66b524d5e2c1993a43cde53b6ed85,19.482565,13,0.38461538461538464,0.15384615384615385,392.2353846153846,5099.0599999999995,0.6923076923076923,0.3076923076923077,9,4,14.997418970634588,2.7334033174042647,0.0,2.0,2025-02-17,Neutral,51,Neutral
2025-02-17,0x4f93fead39b70a1824f981a54d4e55b278e9f760,1204.110761,42,0.11904761904761904,0.0,12833.438095238096,539004.4,0.5714285714285714,0.42857142857142855,24,18,1026.4370367471588,155.6791367024257,0.0,1.3157894736842106,2025-02-17,Neutral,51,Neutral
2025-02-17,0x513b8629fe877bb581bf244e326a047b249c4ff1,0.0,292,0.0,0.0,3155.894726027397,921521.26,1.0,0.0,292,0,0.37785583359074426,0.0,0.0,293.0,2025-02-17,Neutral,51,Neutral
2025-02-17,0x8170715b3b381dffb7062c0298972d4727a0a63b,0.0,6,0.0,0.0,2503.1749999999997,15019.05,0.0,1.0,0,6,0.008548303496793336,0.0,0.0,0.14285714285714285,2025-02-17,Neutral,51,Neutral
2025-02-17,0x8381e6d82f1affd39a336e143e081ef7620a3b7f,64.346683,105,0.1619047619047619,0.0,1112.2542857142857,116786.7,0.8380952380952381,0.1619047619047619,88,17,7.587598315869666,2.115101228615693,0.0,4.944444444444445,2025-02-17,Neutral,51,Neutral
2025-02-17,0x8477e447846c758f5a675856001ea72298fd9cb5,0.0,20,0.0,0.0,510.6405,10212.81,0.0,1.0,0,20,341.4157968379899,0.0,0.0,0.047619047619047616,2025-02-17,Neutral,51,Neutral
2025-02-17,0xa0feb3725a9335f49874d7cd8eaad6be45b27416,303.11202,284,0.4154929577464789,0.0035211267605633804,598.8410211267606,170070.85,0.4154929577464789,0.5845070422535211,118,166,12.961806593754797,5.906759391557385,0.0,0.7125748502994012,2025-02-17,Neutral,51,Neutral
2025-02-17,0xbee1707d6b44d4d52bfe19e41f8a828645437aab,111.69658399999999,151,0.31788079470198677,0.18543046357615894,1591.1465562913907,240263.13,0.4966887417218543,0.5033112582781457,75,76,87.02573271321505,16.0452088117283,0.0,0.987012987012987,2025-02-17,Neutral,51,Neutral
2025-02-18,0x28736f43f1e871e6aa8b1148d38d4994275d72c4,45.659497,36,0.19444444444444445,0.0,404.88444444444445,14575.84,0.9166666666666666,0.08333333333333333,33,3,0.07864059104955094,3.9152675386185387,0.0,8.5,2025-02-18,Neutral,47,Neutral
2025-02-18,0x47add9a56df66b524d5e2c1993a43cde53b6ed85,336.64107,54,0.37037037037037035,0.0,415.7527777777778,22450.65,0.7037037037037037,0.2962962962962963,38,16,0.15768000524408748,16.78391552227119,0.0,2.2941176470588234,2025-02-18,Neutral,47,Neutral
2025-02-18,0x4f93fead39b70a1824f981a54d4e55b278e9f760,1670.219701,44,0.3181818181818182,0.0,13191.782954545453,580438.45,0.6818181818181818,0.3181818181818182,30,14,1824.0768789427725,82.13064707504603,0.0,2.066666666666667,2025-02-18,Neutral,47,Neutral
2025-02-18,0x72c6a4624e1dffa724e6d00d64ceae698af892a0,0.0,9,0.0,0.0,701.2211111111111,6310.99,1.0,0.0,9,0,56.39551889007934,0.0,0.0,10.0,2025-02-18,Neutral,47,Neutral
2025-02-18,0x75f7eeb85dc639d5e99c78f95393aa9a5f1170d4,3112.721339,131,0.8091603053435115,0.16030534351145037,2398.0035877862597,314138.47000000003,0.13740458015267176,0.8625954198473282,18,113,1194.6410401877447,87.19150430592067,0.0,0.16666666666666666,2025-02-18,Neutral,47,Neutral
2025-02-18,0x8170715b3b381dffb7062c0298972d4727a0a63b,0.0,13,0.0,0.0,1923.0538461538463,24999.7,0.0,1.0,0,13,0.006339448083196767,0.0,0.0,0.07142857142857142,2025-02-18,Neutral,47,Neutral
2025-02-18,0x8381e6d82f1affd39a336e143e081ef7620a3b7f,3981.044269,177,0.15254237288135594,0.0,1466.1342937853108,259505.77,0.847457627118644,0.15254237288135594,150,27,30.8146245657711,151.31779673827273,0.0,5.392857142857143,2025-02-18,Neutral,47,Neutral
2025-02-18,0x8477e447846c758f5a675856001ea72298fd9cb5,950.815596,23,0.9130434782608695,0.0,644.1191304347826,14814.74,0.9130434782608695,0.08695652173913043,21,2,109.50605075822422,74.63875007277817,0.0,7.333333333333333,2025-02-18,Neutral,47,Neutral
2025-02-18,0xa0feb3725a9335f49874d7cd8eaad6be45b27416,3494.964308,413,0.36077481840193704,0.0,1209.069588377724,499345.74,0.6343825665859564,0.36561743341404357,262,151,10.254614861429767,22.82040991750281,0.0,1.730263157894737,2025-02-18,Neutral,47,Neutral
2025-02-18,0xb1231a4a2dd02f2276fa3c5e2a2f3436e6bfed23,73677.453556,264,1.0,0.0,2654.748446969697,700853.59,1.0,0.0,264,0,0.02315399183913231,974.4545227873508,0.0,265.0,2025-02-18,Neutral,47,Neutral
2025-02-18,0xbee1707d6b44d4d52bfe19e41f8a828645437aab,3935.153067,512,0.48828125,0.099609375,1823.6225390625,933694.74,0.44140625,0.55859375,226,286,70.81018297101839,25.743332069787282,0.0,0.7909407665505227,2025-02-18,Neutral,47,Neutral
2025-02-19,0x28736f43f1e871e6aa8b1148d38d4994275d72c4,20.62415,22,0.3181818181818182,0.0,508.5995454545455,11189.19,0.6363636363636364,0.36363636363636365,14,8,16.169987129946627,2.1440612793354745,0.0,1.6666666666666667,2025-02-19,Fear,44,Fear
2025-02-19,0x47add9a56df66b524d5e2c1993a43cde53b6ed85,89.261197,22,0.2727272727272727,0.09090909090909091,303.90090909090907,6685.82,0.8636363636363636,0.13636363636363635,19,3,2.7206461851630035,13.023161396913883,0.0,5.0,2025-02-19,Fear,44,Fear
2025-02-19,0x4f93fead39b70a1824f981a54d4e55b278e9f760,3512.2119079999998,58,0.39655172413793105,0.0,16248.182068965516,942394.5599999999,0.7758620689655172,0.22413793103448276,45,13,558.1542147929126,208.0150781018345,0.0,3.2857142857142856,2025-02-19,Fear,44,Fear
2025-02-19,0x75f7eeb85dc639d5e99c78f95393aa9a5f1170d4,770.462266,221,0.6968325791855203,0.24434389140271492,1613.0980995475113,356494.68,0.9230769230769231,0.07692307692307693,204,17,512.8280237284031,27.331934780810567,0.0,11.38888888888889,2025-02-19,Fear,44,Fear
2025-02-19,0x8170715b3b381dffb7062c0298972d4727a0a63b,0.0,17,0.0,0.0,882.3423529411765,14999.82,0.0,1.0,0,17,0.0026787623240202615,0.0,0.0,0.05555555555555555,2025-02-19,Fear,44,Fear
2025-02-19,0x8477e447846c758f5a675856001ea72298fd9cb5,0.0,9,0.0,0.0,832.99,7496.91,0.0,1.0,0,9,13.825951389661723,0.0,0.0,0.1,2025-02-19,Fear,44,Fear
2025-02-19,0xa0feb3725a9335f49874d7cd8eaad6be45b27416,1280.6095579999999,400,0.335,0.0,1091.899,436759.6,0.665,0.335,266,134,27.501130709612998,22.712440050662046,0.0,1.9777777777777779,2025-02-19,Fear,44,Fear
2025-02-19,0xb1231a4a2dd02f2276fa3c5e2a2f3436e6bfed23,3350.218775,85,0.3058823529411765,0.0,2310.5601176470586,196397.61,0.3058823529411765,0.6941176470588235,26,59,2.8985920625950343,131.83093682737004,0.0,0.45,2025-02-19,Fear,44,Fear
2025-02-19,0xbaaaf6571ab7d571043ff1e313a9609a10637864,31.42038,121,0.01652892561983471,0.0,4940.588512396694,597811.21,0.9834710743801653,0.01652892561983471,119,2,71.42261416919952,2.2869763422561604,0.0,40.0,2025-02-19,Fear,44,Fear
2025-02-19,0xbee1707d6b44d4d52bfe19e41f8a828645437aab,5930.986467,406,0.5665024630541872,0.0049261083743842365,1708.6227586206896,693700.84,0.4211822660098522,0.5788177339901478,171,235,5.061668127641569,36.002123186525374,0.0,0.7288135593220338,2025-02-19,Fear,44,Fear
2025-02-20,0x28736f43f1e871e6aa8b1148d38d4994275d72c4,278.142839,53,0.49056603773584906,0.0,429.3352830188679,22754.77,0.4716981132075472,0.5283018867924528,25,28,31.786550372918832,8.931522514473677,0.0,0.896551724137931,2025-02-20,Neutral,49,Neutral
2025-02-20,0x2c229d22b100a7beb69122eed721cee9b24011dd,3057.28245,149,0.8859060402684564,0.06040268456375839,5680.961208053691,846463.22,0.053691275167785234,0.9463087248322147,8,141,1277.5923220387592,53.834070347049234,0.0,0.06338028169014084,2025-02-20,Neutral,49,Neutral
2025-02-20,0x47add9a56df66b524d5e2c1993a43cde53b6ed85,168.023469,13,0.8461538461538461,0.0,378.7576923076923,4923.85,0.5384615384615384,0.46153846153846156,7,6,0.14997511997683302,18.31043129711919,0.0,1.1428571428571428,2025-02-20,Neutral,49,Neutral
2025-02-20,0x4acb90e786d897ecffb614dc822eb231b4ffb9f4,0.0,13,0.0,0.0,1538.4553846153844,19999.92,1.0,0.0,13,0,73.65362697911812,0.0,0.0,14.0,2025-02-20,Neutral,49,Neutral
2025-02-20,0x4f93fead39b70a1824f981a54d4e55b278e9f760,1829.292797,90,0.4444444444444444,0.0,17114.072111111112,1540266.49,0.5333333333333333,0.4666666666666667,48,42,785.4527362051483,55.729658725667356,0.0,1.1395348837209303,2025-02-20,Neutral,49,Neutral
2025-02-20,0x75f7eeb85dc639d5e99c78f95393aa9a5f1170d4,1727.154021,69,0.9420289855072463,0.0,2101.7873913043477,145023.33,0.7536231884057971,0.2463768115942029,52,17,451.2342553500381,69.24753985908625,0.0,2.9444444444444446,2025-02-20,Neutral,49,Neutral
2025-02-20,0x8170715b3b381dffb7062c0298972d4727a0a63b,0.0,31,0.0,0.0,1129.0251612903226,34999.78,0.0,1.0,0,31,0.0032111216938417093,0.0,0.0,0.03125,2025-02-20,Neutral,49,Neutral
2025-02-20,0xa0feb3725a9335f49874d7cd8eaad6be45b27416,2866.872677,968,0.45764462809917356,0.0,817.1428202479339,790994.25,0.5423553719008265,0.45764462809917356,525,443,4.528010283534059,9.818858428179505,0.0,1.1846846846846846,2025-02-20,Neutral,49,Neutral
2025-02-20,0xb1231a4a2dd02f2276fa3c5e2a2f3436e6bfed23,0.0,279,0.0,0.0,1452.1574910394265,405151.94,0.13978494623655913,0.8602150537634409,39,240,0.4174181147776598,0.0,0.0,0.16597510373443983,2025-02-20,Neutral,49,Neutral
2025-02-20,0xbaaaf6571ab7d571043ff1e313a9609a10637864,35262.804627,185,1.0,0.0,3421.6945405405404,633013.49,0.0,1.0,0,185,0.026021069052008156,484.19946859304855,0.0,0.005376344086021506,2025-02-20,Neutral,49,Neutral
2025-02-20,0xbee1707d6b44d4d52bfe19e41f8a828645437aab,819.221222,162,0.38271604938271603,0.11728395061728394,1142.087962962963,185018.25,0.4382716049382716,0.5617283950617284,71,91,25.17850066345123,22.210105879526047,0.0,0.782608695652174,2025-02-20,Neutral,49,Neutral
2025-02-21,0x28736f43f1e871e6aa8b1148d38d4994275d72c4,591.659533,93,0.6559139784946236,0.0,320.8220430107527,29836.45,0.3655913978494624,0.6344086021505376,34,59,0.12751081317641738,8.982870591678363,0.0,0.5833333333333334,2025-02-21,Greed,55,Greed
2025-02-21,0x2c229d22b100a7beb69122eed721cee9b24011dd,8502.805925,60,0.43333333333333335,0.0,2810.3466666666664,168620.8,0.5666666666666667,0.43333333333333335,34,26,152.72356953496714,304.73052749028153,0.0,1.2962962962962963,2025-02-21,Greed,55,Greed
2025-02-21,0x3998f134d6aaa2b6a5f723806d00fd2bbbbce891,-350.632694,7,0.0,0.7142857142857143,184.87857142857143,1294.15,0.2857142857142857,0.7142857142857143,2,5,36.16220694827394,37.86604393877763,-350.632694,0.5,2025-02-21,Greed,55,Greed
2025-02-21,0x430f09841d65beb3f27765503d0f850b8bce7713,82117.04336,255,1.0,0.0,1500.5277647058824,382634.58,0.0,1.0,0,255,0.018239558119517153,747.1058767915192,0.0,0.00390625,2025-02-21,Greed,55,Greed
2025-02-21,0x47add9a56df66b524d5e2c1993a43cde53b6ed85,165.776644,15,0.7333333333333333,0.06666666666666667,301.59066666666666,4523.86,0.4,0.6,6,9,0.07633019145344798,16.84484791404342,0.0,0.7,2025-02-21,Greed,55,Greed
2025-02-21,0x4f93fead39b70a1824f981a54d4e55b278e9f760,5993.575314,76,0.10526315789473684,0.0,17026.42842105263,1294008.56,0.39473684210526316,0.6052631578947368,30,46,187.01703090370128,350.44310617587894,0.0,0.6595744680851063,2025-02-21,Greed,55,Greed
2025-02-21,0x72c6a4624e1dffa724e6d00d64ceae698af892a0,0.0,18,0.0,0.0,374.33,6737.94,0.0,1.0,0,18,35.946798305232136,0.0,0.0,0.05263157894736842,2025-02-21,Greed,55,Greed
2025-02-21,0x75f7eeb85dc639d5e99c78f95393aa9a5f1170d4,2720.828056,188,0.6436170212765957,0.14893617021276595,1504.8432978723404,282910.54,0.324468085106383,0.675531914893617,61,127,544.5477539046948,32.56895718298507,0.0,0.484375,2025-02-21,Greed,55,Greed
2025-02-21,0x8170715b3b381dffb7062c0298972d4727a0a63b,0.0,38,0.0,0.0,657.8865789473684,24999.690000000002,0.0,1.0,0,38,0.001689321087400274,0.0,0.0,0.02564102564102564,2025-02-21,Greed,55,Greed
2025-02-21,0x8381e6d82f1affd39a336e143e081ef7620a3b7f,8995.13393,8,1.0,0.0,15859.55,126876.4,0.0,1.0,0,8,0.133121771479996,2950.599002069827,0.0,0.1111111111111111,2025-02-21,Greed,55,Greed
2025-02-21,0xa0feb3725a9335f49874d7cd8eaad6be45b27416,3417.71341,769,0.4434330299089727,0.0,1031.4382574772433,793176.02,0.5565669700910273,0.4434330299089727,428,341,17.020738005626814,17.411455136641752,0.0,1.2543859649122806,2025-02-21,Greed,55,Greed
2025-02-21,0xb1231a4a2dd02f2276fa3c5e2a2f3436e6bfed23,3056.449155,58,0.5344827586206896,0.0,4768.487241379311,276572.26,0.5344827586206896,0.46551724137931033,31,27,0.038867824870347525,153.97302019804036,0.0,1.1428571428571428,2025-02-21,Greed,55,Greed
2025-02-21,0xbd5fead7180a9c139fa51a103cb6a2ce86ddb5c3,0.0,33,0.0,0.0,4675.215454545454,154282.11,0.18181818181818182,0.8181818181818182,6,27,95.41474630343698,0.0,0.0,0.25,2025-02-21,Greed,55,Greed
2025-02-21,0xbee1707d6b44d4d52bfe19e41f8a828645437aab,4483.141317,255,0.4549019607843137,0.0,1669.3589019607844,425686.52,0.4392156862745098,0.5607843137254902,112,143,92.25379436857469,55.4094415297304,0.0,0.7847222222222222,2025-02-21,Greed,55,Greed
2025-02-22,0x28736f43f1e871e6aa8b1148d38d4994275d72c4,408.03639799999996,58,0.29310344827586204,0.017241379310344827,523.8093103448275,30380.94,0.5862068965517241,0.41379310344827586,34,24,50.132162530646745,24.503867981425262,0.0,1.4,2025-02-22,Neutral,49,Neutral
2025-02-22,0x47add9a56df66b524d5e2c1993a43cde53b6ed85,31.523152,18,0.1111111111111111,0.16666666666666666,343.53666666666663,6183.66,0.3333333333333333,0.6666666666666666,6,12,41.82894014432886,8.69842901008671,0.0,0.5384615384615384,2025-02-22,Neutral,49,Neutral
2025-02-22,0x4f93fead39b70a1824f981a54d4e55b278e9f760,1287.143384,91,0.5714285714285714,0.0,16717.653406593407,1521306.46,0.42857142857142855,0.5714285714285714,39,52,868.7325153546301,42.46153101176691,0.0,0.7547169811320755,2025-02-22,Neutral,49,Neutral
2025-02-22,0x72c6a4624e1dffa724e6d00d64ceae698af892a0,0.0,14,0.0,0.0,1038.095,14533.33,0.9285714285714286,0.07142857142857142,13,1,42.20684090154058,0.0,0.0,7.0,2025-02-22,Neutral,49,Neutral
2025-02-22,0x75f7eeb85dc639d5e99c78f95393aa9a5f1170d4,1437.17482,121,0.6611570247933884,0.01652892561983471,2194.715289256198,265560.55,0.33884297520661155,0.6611570247933884,41,80,748.3382616729873,23.040820570880737,0.0,0.5185185185185185,2025-02-22,Neutral,49,Neutral
2025-02-22,0x8477e447846c758f5a675856001ea72298fd9cb5,-80.922744,18,0.0,0.05555555555555555,343.5022222222222,6183.04,0.05555555555555555,0.9444444444444444,1,17,261.1203650192758,19.073673678207662,-80.922744,0.1111111111111111,2025-02-22,Neutral,49,Neutral
2025-02-22,0xa0feb3725a9335f49874d7cd8eaad6be45b27416,101.06290399999999,41,0.4878048780487805,0.0,789.0624390243902,32351.559999999998,0.5121951219512195,0.4878048780487805,21,20,0.1604693345322597,6.498342468954123,0.0,1.0476190476190477,2025-02-22,Neutral,49,Neutral
2025-02-22,0xb1231a4a2dd02f2276fa3c5e2a2f3436e6bfed23,5628.488702,127,0.7322834645669292,0.0,1574.8144094488189,200001.43,0.7322834645669292,0.2677165354330709,93,34,0.0036914395170593553,51.197473605234435,0.0,2.6857142857142855,2025-02-22,Neutral,49,Neutral
2025-02-22,0xbd5fead7180a9c139fa51a103cb6a2ce86ddb5c3,15074.26913,138,0.2608695652173913,0.028985507246376812,7487.178405797102,1033230.62,0.6231884057971014,0.37681159420289856,86,52,188.13183867590337,379.76379157831514,0.0,1.6415094339622642,2025-02-22,Neutral,49,Neutral
2025-02-22,0xbee1707d6b44d4d52bfe19e41f8a828645437aab,1391.928432,60,0.6833333333333333,0.0,1097.3101666666666,65838.61,0.43333333333333335,0.5666666666666667,26,34,32.086394797544436,33.5531061452585,0.0,0.7714285714285715,2025-02-22,Neutral,49,Neutral
2025-02-23,0x28736f43f1e871e6aa8b1148d38d4994275d72c4,39.91436,24,0.375,0.0,550.5720833333334,13213.73,0.4166666666666667,0.5833333333333334,10,14,0.17826244839834107,3.1464252104312407,0.0,0.7333333333333333,2025-02-23,Neutral,50,Neutral
2025-02-23,0x39cef799f8b69da1995852eea189df24eb5cae3c,2.9205,6,0.16666666666666666,0.0,2401.1383333333333,14406.83,0.8333333333333334,0.16666666666666666,5,1,167.28409510522195,1.192289132299712,0.0,3.0,2025-02-23,Neutral,50,Neutral
2025-02-23,0x47add9a56df66b524d5e2c1993a43cde53b6ed85,122.057796,7,0.7142857142857143,0.2857142857142857,369.9928571428572,2589.9500000000003,0.8571428571428571,0.14285714285714285,6,1,0.06409131338766728,19.01948676298365,0.0,3.5,2025-02-23,Neutral,50,Neutral
2025-02-23,0x4f93fead39b70a1824f981a54d4e55b278e9f760,109.68322,31,0.22580645161290322,0.1935483870967742,9029.90806451613,279927.15,0.7096774193548387,0.2903225806451613,22,9,1842.8856681479792,13.375382501095832,0.0,2.3,2025-02-23,Neutral,50,Neutral
2025-02-23,0x75f7eeb85dc639d5e99c78f95393aa9a5f1170d4,1001.2053860000001,125,0.784,0.008,2364.3752000000004,295546.9,0.208,0.792,26,99,706.3475391171863,207.16453741756342,0.0,0.27,2025-02-23,Neutral,50,Neutral
2025-02-23,0x8170715b3b381dffb7062c0298972d4727a0a63b,0.0,4,0.0,0.0,1249.98,4999.92,0.0,1.0,0,4,0.0030286704268149187,0.0,0.0,0.2,2025-02-23,Neutral,50,Neutral
2025-02-23,0x8381e6d82f1affd39a336e143e081ef7620a3b7f,0.0,40,0.0,0.0,472.709,18908.36,1.0,0.0,40,0,8.822351268486711,0.0,0.0,41.0,2025-02-23,Neutral,50,Neutral
2025-02-23,0x8477e447846c758f5a675856001ea72298fd9cb5,63.922728,24,0.041666666666666664,0.0,574.5508333333333,13789.22,0.041666666666666664,0.9583333333333334,1,23,240.51760794908057,13.048172213893253,0.0,0.08333333333333333,2025-02-23,Neutral,50,Neutral
2025-02-23,0xa0feb3725a9335f49874d7cd8eaad6be45b27416,0.0,53,0.0,0.0,226.28509433962265,11993.11,1.0,0.0,53,0,0.0073372018751523,0.0,0.0,54.0,2025-02-23,Neutral,50,Neutral
2025-02-23,0xb1231a4a2dd02f2276fa3c5e2a2f3436e6bfed23,8934.09502,88,1.0,0.0,2278.3786363636364,200497.32,1.0,0.0,88,0,0.007541326683155754,145.83370584579995,0.0,89.0,2025-02-23,Neutral,50,Neutral
2025-02-23,0xbd5fead7180a9c139fa51a103cb6a2ce86ddb5c3,0.0,73,0.0,0.0,2502.296301369863,182667.63,0.0,1.0,0,73,179.26560463215162,0.0,0.0,0.013513513513513514,2025-02-23,Neutral,50,Neutral
2025-02-23,0xbee1707d6b44d4d52bfe19e41f8a828645437aab,383.135241,45,0.5555555555555556,0.0,2283.7915555555555,102770.62,0.7111111111111111,0.28888888888888886,32,13,329.2022175699692,12.67310145379111,0.0,2.357142857142857,2025-02-23,Neutral,50,Neutral
2025-02-24,0x083384f897ee0f19899168e3b1bec365f52a9012,10152.12224,59,0.5254237288135594,0.0,27178.041694915253,1603504.46,0.5254237288135594,0.4745762711864407,31,28,0.007087164296207278,312.77384615734235,0.0,1.103448275862069,2025-02-24,Neutral,49,Neutral
2025-02-24,0x23e7a7f8d14b550961925fbfdaa92f5d195ba5bd,1129.8489260000001,160,0.325,0.0,1641.2224999999999,262595.6,0.675,0.325,108,52,2.233367152174437,16.55558278579511,0.0,2.056603773584906,2025-02-24,Neutral,49,Neutral
2025-02-24,0x28736f43f1e871e6aa8b1148d38d4994275d72c4,180.244855,61,0.4426229508196721,0.0,282.4104918032787,17227.04,0.9344262295081968,0.06557377049180328,57,4,8.306340228514202,7.134823657514393,0.0,11.6,2025-02-24,Neutral,49,Neutral
2025-02-24,0x47add9a56df66b524d5e2c1993a43cde53b6ed85,437.185458,29,0.3793103448275862,0.034482758620689655,543.7444827586207,15768.59,0.8620689655172413,0.13793103448275862,25,4,0.15759433246898558,43.69687996279043,0.0,5.2,2025-02-24,Neutral,49,Neutral
2025-02-24,0x4acb90e786d897ecffb614dc822eb231b4ffb9f4,856.4737299999999,41,0.17073170731707318,0.0,5876.914634146341,240953.5,0.8292682926829268,0.17073170731707318,34,7,337.48271521395327,67.07153817713623,0.0,4.375,2025-02-24,Neutral,49,Neutral
2025-02-24,0x4f93fead39b70a1824f981a54d4e55b278e9f760,1925.839355,17,0.29411764705882354,0.0,27169.443529411765,461880.54,0.7058823529411765,0.29411764705882354,12,5,3686.041242468996,264.8187738248498,0.0,2.1666666666666665,2025-02-24,Neutral,49,Neutral
2025-02-24,0x8381e6d82f1affd39a336e143e081ef7620a3b7f,0.0,44,0.0,0.0,1894.8688636363636,83374.23,1.0,0.0,44,0,0.04223821987521863,0.0,0.0,45.0,2025-02-24,Neutral,49,Neutral
2025-02-24,0x8477e447846c758f5a675856001ea72298fd9cb5,1282.097568,55,0.6363636363636364,0.05454545454545454,874.9930909090909,48124.62,0.9090909090909091,0.09090909090909091,50,5,13.65133365930416,64.67568273834566,0.0,8.5,2025-02-24,Neutral,49,Neutral
2025-02-24,0x92f17e8d81a944691c10e753af1b1baae1a2cd0d,0.0,45,0.0,0.0,9481.510444444444,426667.97,1.0,0.0,45,0,0.018750326393322407,0.0,0.0,46.0,2025-02-24,Neutral,49,Neutral
2025-02-24,0xa0feb3725a9335f49874d7cd8eaad6be45b27416,0.0,42,0.0,0.0,495.59309523809526,20814.91,1.0,0.0,42,0,5.702952104884308,0.0,0.0,43.0,2025-02-24,Neutral,49,Neutral
2025-02-24,0xb1231a4a2dd02f2276fa3c5e2a2f3436e6bfed23,10841.97075,208,0.6057692307692307,0.0,1111.8584134615385,231266.55,1.0,0.0,208,0,0.04010671104458789,88.80131682596783,0.0,209.0,2025-02-24,Neutral,49,Neutral
2025-02-24,0xbaaaf6571ab7d571043ff1e313a9609a10637864,22037.667762,4083,0.446730345334313,0.0,1645.9218834190547,6720299.05,0.553269654665687,0.446730345334313,2259,1824,5.08883437561851,23.568059746973436,0.0,1.2383561643835617,2025-02-24,Neutral,49,Neutral
2025-02-24,0xbd5fead7180a9c139fa51a103cb6a2ce86ddb5c3,0.0,28,0.0,0.0,1796.1407142857145,50291.94,0.03571428571428571,0.9642857142857143,1,27,0.07874229104607655,0.0,0.0,0.07142857142857142,2025-02-24,Neutral,49,Neutral
2025-02-24,0xbee1707d6b44d4d52bfe19e41f8a828645437aab,-10373.274402000001,744,0.1478494623655914,0.396505376344086,1398.9927284946236,1040850.59,0.45564516129032256,0.5443548387096774,339,405,1.8023067395123322,69.06220148550372,-10373.274402000001,0.8374384236453202,2025-02-24,Neutral,49,Neutral
2025-02-25,0x083384f897ee0f19899168e3b1bec365f52a9012,115445.395538,219,0.4246575342465753,0.0,13233.776894977169,2898197.14,0.4246575342465753,0.5753424657534246,93,126,0.003610904900601853,3326.4800903193827,0.0,0.7401574803149606,2025-02-25,Fear,25,Fear
2025-02-25,0x23e7a7f8d14b550961925fbfdaa92f5d195ba5bd,-6820.76955,1,0.0,1.0,82910.81,82910.81,0.0,1.0,0,1,0.9999873931965119,0.0,-6820.76955,0.5,2025-02-25,Fear,25,Fear
2025-02-25,0x28736f43f1e871e6aa8b1148d38d4994275d72c4,168.27053,49,0.2653061224489796,0.0,883.3975510204082,43286.48,0.8367346938775511,0.16326530612244897,41,8,55.95838267839524,6.889494823890552,0.0,4.666666666666667,2025-02-25,Fear,25,Fear
2025-02-25,0x2c229d22b100a7beb69122eed721cee9b24011dd,169.617628,24,0.625,0.125,1016.4883333333333,24395.72,0.25,0.75,6,18,36.7945455790527,10.592533631243038,0.0,0.3684210526315789,2025-02-25,Fear,25,Fear
2025-02-25,0x47add9a56df66b524d5e2c1993a43cde53b6ed85,3455.584856,190,0.3684210526315789,0.07368421052631578,512.5179473684211,97378.41,0.7315789473684211,0.26842105263157895,139,51,9.920654152107485,48.0145630511885,0.0,2.6923076923076925,2025-02-25,Fear,25,Fear
2025-02-25,0x4acb90e786d897ecffb614dc822eb231b4ffb9f4,11271.895074,215,0.5302325581395348,0.0,5634.781581395349,1211478.04,0.4697674418604651,0.5302325581395348,101,114,19.383185796644785,101.6989673441318,0.0,0.8869565217391304,2025-02-25,Fear,25,Fear
2025-02-25,0x4f93fead39b70a1824f981a54d4e55b278e9f760,0.0,51,0.0,0.0,19559.930980392157,997556.48,1.0,0.0,51,0,0.06426866301118944,0.0,0.0,52.0,2025-02-25,Fear,25,Fear
2025-02-25,0x72c6a4624e1dffa724e6d00d64ceae698af892a0,81776.7151,137,0.9927007299270073,0.0,1940.033503649635,265784.58999999997,1.0,0.0,137,0,0.0064346312853275234,1356.7315305282486,0.0,138.0,2025-02-25,Fear,25,Fear
2025-02-25,0x75f7eeb85dc639d5e99c78f95393aa9a5f1170d4,3622.6256409999996,79,0.9620253164556962,0.0,2395.0187341772153,189206.48,0.21518987341772153,0.7848101265822784,17,62,1178.3429796833886,107.42075873703783,0.0,0.2857142857142857,2025-02-25,Fear,25,Fear
2025-02-25,0x8170715b3b381dffb7062c0298972d4727a0a63b,8698.883848,39,1.0,0.0,641.0223076923077,24999.87,1.0,0.0,39,0,0.0020929975067642183,308.34349041393693,0.0,40.0,2025-02-25,Fear,25,Fear
2025-02-25,0x8381e6d82f1affd39a336e143e081ef7620a3b7f,0.0,4,0.0,0.0,3685.7825,14743.13,1.0,0.0,4,0,0.04024304705045741,0.0,0.0,5.0,2025-02-25,Fear,25,Fear
2025-02-25,0x8477e447846c758f5a675856001ea72298fd9cb5,0.0,4,0.0,0.0,1249.875,4999.5,1.0,0.0,4,0,87.081364072738,0.0,0.0,5.0,2025-02-25,Fear,25,Fear
2025-02-25,0x92f17e8d81a944691c10e753af1b1baae1a2cd0d,0.0,8,0.0,0.0,60250.0,482000.0,1.0,0.0,8,0,0.07583086509692971,0.0,0.0,9.0,2025-02-25,Fear,25,Fear
2025-02-25,0xa0feb3725a9335f49874d7cd8eaad6be45b27416,826.548369,193,0.27979274611398963,0.0,626.2487046632124,120866.0,0.7202072538860104,0.27979274611398963,139,54,0.11037399764278949,15.26956231679407,0.0,2.5454545454545454,2025-02-25,Fear,25,Fear
2025-02-25,0xb1231a4a2dd02f2276fa3c5e2a2f3436e6bfed23,0.0,71,0.0,0.0,1418.0078873239436,100678.56,1.0,0.0,71,0,0.010114659485050432,0.0,0.0,72.0,2025-02-25,Fear,25,Fear
2025-02-25,0xbaaaf6571ab7d571043ff1e313a9609a10637864,5672.328492,3292,0.16859052247873632,0.018833535844471446,3167.5804404617256,10427674.81,0.8125759416767923,0.18742405832320777,2675,617,0.0008862348317561862,12.819874336612486,0.0,4.330097087378641,2025-02-25,Fear,25,Fear
2025-02-25,0xbd5fead7180a9c139fa51a103cb6a2ce86ddb5c3,3859.44,28,0.6071428571428571,0.0,2181.2564285714284,61075.18,0.6071428571428571,0.39285714285714285,17,11,0.19112863165705476,247.63619517578368,0.0,1.5,2025-02-25,Fear,25,Fear
2025-02-25,0xbee1707d6b44d4d52bfe19e41f8a828645437aab,-23384.358492,1642,0.27161997563946405,0.26370280146163216,1441.9933982947625,2367753.16,0.4226552984165652,0.5773447015834349,694,948,23.960309122431436,76.72316788380108,-23384.358492,0.7323498419388831,2025-02-25,Fear,25,Fear
2025-02-26,0x28736f43f1e871e6aa8b1148d38d4994275d72c4,64.59776,34,0.38235294117647056,0.058823529411764705,242.27088235294116,8237.21,0.7352941176470589,0.2647058823529412,25,9,41.880827746621186,3.2967503583908173,0.0,2.6,2025-02-26,Extreme Fear,21,Fear
2025-02-26,0x2c229d22b100a7beb69122eed721cee9b24011dd,25.30602,10,0.9,0.0,156.53799999999998,1565.3799999999999,0.1,0.9,1,9,77.23855272389467,2.1243955999494175,0.0,0.2,2025-02-26,Extreme Fear,21,Fear
2025-02-26,0x47add9a56df66b524d5e2c1993a43cde53b6ed85,-200.798196,28,0.10714285714285714,0.42857142857142855,603.3185714285713,16892.92,0.14285714285714285,0.8571428571428571,4,24,46.63027629526149,20.25522365345137,-200.798196,0.2,2025-02-26,Extreme Fear,21,Fear
2025-02-26,0x4acb90e786d897ecffb614dc822eb231b4ffb9f4,22137.551238,50,1.0,0.0,8442.721599999999,422136.07999999996,0.0,1.0,0,50,0.06726192130683938,1238.7800167570658,0.0,0.0196078431372549,2025-02-26,Extreme Fear,21,Fear
2025-02-26,0x72c6a4624e1dffa724e6d00d64ceae698af892a0,8230.0,1,1.0,0.0,23710.0,23710.0,1.0,0.0,1,0,0.9999578254818439,0.0,0.0,2.0,2025-02-26,Extreme Fear,21,Fear
2025-02-26,0x75f7eeb85dc639d5e99c78f95393aa9a5f1170d4,5303.037252,86,0.9302325581395349,0.011627906976744186,3985.245697674419,342731.13,0.9418604651162791,0.05813953488372093,81,5,2023.5897957234824,132.06962139265832,0.0,13.666666666666666,2025-02-26,Extreme Fear,21,Fear
2025-02-26,0x8170715b3b381dffb7062c0298972d4727a0a63b,2225.835732,1,1.0,0.0,4999.92,4999.92,1.0,0.0,1,0,0.018292929751479402,0.0,0.0,2.0,2025-02-26,Extreme Fear,21,Fear
2025-02-26,0x8477e447846c758f5a675856001ea72298fd9cb5,108.13869,14,0.07142857142857142,0.0,642.3542857142858,8992.960000000001,0.0,1.0,0,14,271.84157131892977,28.901280588182665,0.0,0.06666666666666667,2025-02-26,Extreme Fear,21,Fear
2025-02-26,0xa0feb3725a9335f49874d7cd8eaad6be45b27416,0.0,20,0.0,0.0,749.8255,14996.51,1.0,0.0,20,0,0.027241279937148616,0.0,0.0,21.0,2025-02-26,Extreme Fear,21,Fear
2025-02-26,0xb1231a4a2dd02f2276fa3c5e2a2f3436e6bfed23,0.0,26,0.0,0.0,66.875,1738.75,1.0,0.0,26,0,0.0062655203170441836,0.0,0.0,27.0,2025-02-26,Extreme Fear,21,Fear
2025-02-26,0xbaaaf6571ab7d571043ff1e313a9609a10637864,23589.520054,470,1.0,0.0,7136.707680851064,3354252.61,0.0,1.0,0,470,0.005756235724022747,275.932533810533,0.0,0.0021231422505307855,2025-02-26,Extreme Fear,21,Fear
2025-02-26,0xbd5fead7180a9c139fa51a103cb6a2ce86ddb5c3,-871.1949999999999,42,0.023809523809523808,0.023809523809523808,3619.3485714285716,152012.64,0.14285714285714285,0.8571428571428571,6,36,10.178370597497388,134.44095288431248,-871.1949999999999,0.1891891891891892,2025-02-26,Extreme Fear,21,Fear
2025-02-26,0xbee1707d6b44d4d52bfe19e41f8a828645437aab,2617.069579,394,0.40609137055837563,0.11421319796954314,1509.370609137056,594692.02,0.5634517766497462,0.4365482233502538,222,172,83.69203970337796,17.989297775483156,0.0,1.2890173410404624,2025-02-26,Extreme Fear,21,Fear
2025-02-27,0x28736f43f1e871e6aa8b1148d38d4994275d72c4,71.919819,30,0.43333333333333335,0.03333333333333333,765.107,22953.21,0.6,0.4,18,12,232.1485827996015,4.753843048976554,0.0,1.4615384615384615,2025-02-27,Extreme Fear,10,Fear
2025-02-27,0x47add9a56df66b524d5e2c1993a43cde53b6ed85,-195.841458,18,0.05555555555555555,0.2222222222222222,330.11833333333334,5942.13,0.3888888888888889,0.6111111111111112,7,11,0.42748130593861533,25.863374757079022,-195.841458,0.6666666666666666,2025-02-27,Extreme Fear,10,Fear
2025-02-27,0x4acb90e786d897ecffb614dc822eb231b4ffb9f4,503.31943,12,0.3333333333333333,0.0,8378.118333333334,100537.42,0.6666666666666666,0.3333333333333333,8,4,167.40201935216868,80.59043962345112,0.0,1.8,2025-02-27,Extreme Fear,10,Fear
2025-02-27,0x72c6a4624e1dffa724e6d00d64ceae698af892a0,8517.7655,13,1.0,0.0,2059.193846153846,26769.52,1.0,0.0,13,0,0.0037868609500074464,760.5171148234288,0.0,14.0,2025-02-27,Extreme Fear,10,Fear
2025-02-27,0x8477e447846c758f5a675856001ea72298fd9cb5,0.0,1,0.0,0.0,2499.69,2499.69,1.0,0.0,1,0,2499.69,0.0,0.0,2.0,2025-02-27,Extreme Fear,10,Fear
2025-02-27,0xa0feb3725a9335f49874d7cd8eaad6be45b27416,0.0,13,0.0,0.0,768.6484615384616,9992.43,1.0,0.0,13,0,0.02259072704848277,0.0,0.0,14.0,2025-02-27,Extreme Fear,10,Fear
2025-02-27,0xb1231a4a2dd02f2276fa3c5e2a2f3436e6bfed23,0.0,10,0.0,0.0,1508.357,15083.57,1.0,0.0,10,0,0.009526337721095303,0.0,0.0,11.0,2025-02-27,Extreme Fear,10,Fear
2025-02-27,0xbd5fead7180a9c139fa51a103cb6a2ce86ddb5c3,-48309.11776,90,0.011111111111111112,0.2777777777777778,8859.279777777778,797335.18,0.05555555555555555,0.9444444444444444,5,85,32.34025287383373,1503.1541253907574,-48309.11776,0.06976744186046512,2025-02-27,Extreme Fear,10,Fear
2025-02-27,0xbee1707d6b44d4d52bfe19e41f8a828645437aab,2886.786952,703,0.3058321479374111,0.2034139402560455,1449.1966998577525,1018785.28,0.47083926031294454,0.5291607396870555,331,372,8.044624074637685,20.245299815343547,0.0,0.8900804289544236,2025-02-27,Extreme Fear,10,Fear
2025-02-28,0x083384f897ee0f19899168e3b1bec365f52a9012,115287.0,55,0.01818181818181818,0.0,24958.908545454546,1372739.97,0.01818181818181818,0.9818181818181818,1,54,0.009057130126785719,15545.295908759957,0.0,0.03636363636363636,2025-02-28,Extreme Fear,16,Fear
2025-02-28,0x23e7a7f8d14b550961925fbfdaa92f5d195ba5bd,0.0,52,0.0,0.0,1462.824423076923,76066.87,1.0,0.0,52,0,2.1961366385749064,0.0,0.0,53.0,2025-02-28,Extreme Fear,16,Fear
2025-02-28,0x28736f43f1e871e6aa8b1148d38d4994275d72c4,-3425.450348,81,0.32098765432098764,0.037037037037037035,1611.6066666666666,130540.14,0.6419753086419753,0.35802469135802467,52,29,154.12711795925375,416.143546020587,-3425.450348,1.7666666666666666,2025-02-28,Extreme Fear,16,Fear
2025-02-28,0x47add9a56df66b524d5e2c1993a43cde53b6ed85,933.170538,71,0.36619718309859156,0.056338028169014086,514.1759154929578,36506.49,0.6619718309859155,0.3380281690140845,47,24,0.16373720102973424,33.636019756172246,0.0,1.92,2025-02-28,Extreme Fear,16,Fear
2025-02-28,0x4acb90e786d897ecffb614dc822eb231b4ffb9f4,22299.186495,89,0.8089887640449438,0.0,14857.899887640451,1322353.09,0.19101123595505617,0.8089887640449438,17,72,32.99305800927649,483.5764869926359,0.0,0.2465753424657534,2025-02-28,Extreme Fear,16,Fear
2025-02-28,0x72743ae2822edd658c0c50608fd7c5c501b2afbd,0.0,77,0.0,0.0,1457.8809090909092,112256.83,0.24675324675324675,0.7532467532467533,19,58,39.58154225028356,0.0,0.0,0.3389830508474576,2025-02-28,Extreme Fear,16,Fear
2025-02-28,0x72c6a4624e1dffa724e6d00d64ceae698af892a0,15700.5,3,0.6666666666666666,0.0,7567.57,22702.71,1.0,0.0,3,0,911.9314692470401,7943.914393224363,0.0,4.0,2025-02-28,Extreme Fear,16,Fear
2025-02-28,0x8170715b3b381dffb7062c0298972d4727a0a63b,3309.75,7,1.0,0.0,714.2857142857143,5000.0,1.0,0.0,7,0,0.0030890660491958394,200.29403199428884,0.0,8.0,2025-02-28,Extreme Fear,16,Fear
2025-02-28,0x8477e447846c758f5a675856001ea72298fd9cb5,268.367925,19,0.5263157894736842,0.0,1126.7694736842104,21408.62,0.7368421052631579,0.2631578947368421,14,5,23.989017580489683,34.78453023540993,0.0,2.5,2025-02-28,Extreme Fear,16,Fear
2025-02-28,0xa0feb3725a9335f49874d7cd8eaad6be45b27416,1011.258943,197,0.3096446700507614,0.005076142131979695,623.2444670050761,122779.16,0.7157360406091371,0.28426395939086296,141,56,1.9438407091470742,21.819021192363046,0.0,2.491228070175439,2025-02-28,Extreme Fear,16,Fear
2025-02-28,0xb899e522b5715391ae1d4f137653e7906c5e2115,-72.202951,7,0.0,0.7142857142857143,735.4342857142857,5148.04,0.2857142857142857,0.7142857142857143,2,5,72.25051198869333,8.862948663093823,-72.202951,0.5,2025-02-28,Extreme Fear,16,Fear
2025-02-28,0xbd5fead7180a9c139fa51a103cb6a2ce86ddb5c3,67673.757678,59,0.9661016949152542,0.0,8249.914915254238,486744.98,1.0,0.0,59,0,0.19175976696000477,5137.037882026649,0.0,60.0,2025-02-28,Extreme Fear,16,Fear
2025-02-28,0xbee1707d6b44d4d52bfe19e41f8a828645437aab,2642.770468,302,0.44370860927152317,0.0,1355.6750662251654,409413.87,0.3841059602649007,0.6158940397350994,116,186,71.11964732764294,21.391163258077526,0.0,0.6256684491978609,2025-02-28,Extreme Fear,16,Fear
2025-03-01,0x083384f897ee0f19899168e3b1bec365f52a9012,9482.221441,45,0.8,0.0,2985.797555555556,134360.89,0.8,0.2,36,9,0.001026961449395743,188.17603173932767,0.0,3.7,2025-03-01,Extreme Fear,20,Fear
2025-03-01,0x28736f43f1e871e6aa8b1148d38d4994275d72c4,557.9358,37,0.3783783783783784,0.0,840.2127027027027,31087.87,0.4864864864864865,0.5135135135135135,18,19,1.9083610347572169,69.12020554968713,0.0,0.95,2025-03-01,Extreme Fear,20,Fear
2025-03-01,0x47add9a56df66b524d5e2c1993a43cde53b6ed85,109.593094,27,0.4444444444444444,0.2222222222222222,617.1918518518519,16664.18,0.18518518518518517,0.8148148148148148,5,22,0.3329704496871808,23.020144334875003,0.0,0.2608695652173913,2025-03-01,Extreme Fear,20,Fear
2025-03-01,0x72c6a4624e1dffa724e6d00d64ceae698af892a0,0.0,14,0.0,0.0,791.3578571428571,11079.01,0.7142857142857143,0.2857142857142857,10,4,52.709606265912974,0.0,0.0,2.2,2025-03-01,Extreme Fear,20,Fear
2025-03-01,0xbee1707d6b44d4d52bfe19e41f8a828645437aab,446.358633,51,0.3137254901960784,0.0,1384.9447058823528,70632.18,0.7058823529411765,0.29411764705882354,36,15,40.756599330201986,19.13676877864554,0.0,2.3125,2025-03-01,Extreme Fear,20,Fear
2025-03-02,0x28736f43f1e871e6aa8b1148d38d4994275d72c4,8330.21747,73,0.7671232876712328,0.0,1432.3072602739728,104558.43000000001,0.2465753424657534,0.7534246575342466,18,55,48.09338876204657,238.259800369003,0.0,0.3392857142857143,2025-03-02,Fear,26,Fear
2025-03-02,0x47add9a56df66b524d5e2c1993a43cde53b6ed85,349.12092600000005,21,0.38095238095238093,0.0,1106.6938095238095,23240.57,0.14285714285714285,0.8571428571428571,3,18,0.5490210391419721,38.24950816593479,0.0,0.21052631578947367,2025-03-02,Fear,26,Fear
2025-03-02,0x4f93fead39b70a1824f981a54d4e55b278e9f760,11005.991600000001,26,0.8076923076923077,0.0,43406.429615384615,1128567.17,0.19230769230769232,0.8076923076923077,5,21,166.11148935158133,773.1957008684225,0.0,0.2727272727272727,2025-03-02,Fear,26,Fear
2025-03-02,0x72c6a4624e1dffa724e6d00d64ceae698af892a0,10915.212,25,1.0,0.0,1366.0404,34151.01,1.0,0.0,25,0,0.0026511149100247318,1120.6627360723437,0.0,26.0,2025-03-02,Fear,26,Fear
2025-03-02,0x75f7eeb85dc639d5e99c78f95393aa9a5f1170d4,948.6016900000001,12,0.9166666666666666,0.0,3923.564166666667,47082.770000000004,0.9166666666666666,0.08333333333333333,11,1,2001.4333542557458,197.0006182900324,0.0,6.0,2025-03-02,Fear,26,Fear
2025-03-02,0x8170715b3b381dffb7062c0298972d4727a0a63b,0.0,2,0.0,0.0,2499.975,4999.95,0.0,1.0,0,2,0.01018517383435517,0.0,0.0,0.3333333333333333,2025-03-02,Fear,26,Fear
2025-03-02,0xa0feb3725a9335f49874d7cd8eaad6be45b27416,625.512206,32,0.5,0.0,1691.2284375000002,54119.310000000005,0.5,0.5,16,16,2.204429466103205,43.75367318438075,0.0,1.0,2025-03-02,Fear,26,Fear
2025-03-02,0xb899e522b5715391ae1d4f137653e7906c5e2115,34795.678173,155,0.4838709677419355,0.0,24787.07348387097,3841996.39,0.5161290322580645,0.4838709677419355,80,75,287.2840954005381,735.9070619001346,0.0,1.0657894736842106,2025-03-02,Fear,26,Fear
2025-03-02,0xbd5fead7180a9c139fa51a103cb6a2ce86ddb5c3,-2632.65866,84,0.0,0.16666666666666666,12216.244880952381,1026164.57,1.0,0.0,84,0,3.00285844155201,144.10327291695287,-2632.65866,85.0,2025-03-02,Fear,26,Fear
2025-03-02,0xbee1707d6b44d4d52bfe19e41f8a828645437aab,2576.6453030000002,102,0.5392156862745098,0.0,1921.2604901960785,195968.57,0.3137254901960784,0.6862745098039216,32,70,91.41635115333888,87.79383915302168,0.0,0.4647887323943662,2025-03-02,Fear,26,Fear
2025-03-03,0x083384f897ee0f19899168e3b1bec365f52a9012,533974.662903,641,0.8424336973478939,0.0,8371.136099843994,5365898.24,0.8424336973478939,0.15756630265210608,540,101,0.3897742628313336,2408.864768709008,0.0,5.303921568627451,2025-03-03,Fear,33,Fear
2025-03-03,0x23e7a7f8d14b550961925fbfdaa92f5d195ba5bd,2480.902379,110,0.45454545454545453,0.0,1999.099181818182,219900.91,0.5454545454545454,0.45454545454545453,60,50,4.5783584718166885,95.20267591801426,0.0,1.196078431372549,2025-03-03,Fear,33,Fear
2025-03-03,0x28736f43f1e871e6aa8b1148d38d4994275d72c4,494.669357,58,0.3620689655172414,0.0,536.928448275862,31141.85,0.8275862068965517,0.1724137931034483,48,10,3.5519301999373982,32.50372928234225,0.0,4.454545454545454,2025-03-03,Fear,33,Fear
2025-03-03,0x47add9a56df66b524d5e2c1993a43cde53b6ed85,376.017126,33,0.36363636363636365,0.12121212121212122,591.2160606060606,19510.13,0.21212121212121213,0.7878787878787878,7,26,0.3006222708321858,33.16833883989421,0.0,0.2962962962962963,2025-03-03,Fear,33,Fear
2025-03-03,0x4acb90e786d897ecffb614dc822eb231b4ffb9f4,0.0,19,0.0,0.0,10522.962631578948,199936.29,1.0,0.0,19,0,1418.5236956574176,0.0,0.0,20.0,2025-03-03,Fear,33,Fear
2025-03-03,0x4f93fead39b70a1824f981a54d4e55b278e9f760,1136.272279,12,0.5,0.0,26764.120833333334,321169.45,0.5,0.5,6,6,3334.766207381635,163.2584803811413,0.0,1.0,2025-03-03,Fear,33,Fear
2025-03-03,0x72c6a4624e1dffa724e6d00d64ceae698af892a0,17247.427499999998,16,0.625,0.0,3784.509375,60552.15,1.0,0.0,16,0,0.1227804590449343,1812.6169990511912,0.0,17.0,2025-03-03,Fear,33,Fear
2025-03-03,0x75f7eeb85dc639d5e99c78f95393aa9a5f1170d4,-370.250064,101,0.6039603960396039,0.06930693069306931,1018.7064356435644,102889.35,0.32673267326732675,0.6732673267326733,33,68,297.796416685374,26.205461169441232,-370.250064,0.4927536231884058,2025-03-03,Fear,33,Fear
2025-03-03,0x8170715b3b381dffb7062c0298972d4727a0a63b,0.0,8,0.0,0.0,624.99375,4999.95,0.0,1.0,0,8,0.002365736143804975,0.0,0.0,0.1111111111111111,2025-03-03,Fear,33,Fear
2025-03-03,0x8477e447846c758f5a675856001ea72298fd9cb5,468.35197800000003,68,0.3382352941176471,0.11764705882352941,575.8669117647058,39158.95,0.47058823529411764,0.5294117647058824,32,36,176.706244942897,21.013206131106767,0.0,0.8918918918918919,2025-03-03,Fear,33,Fear
2025-03-03,0xa0feb3725a9335f49874d7cd8eaad6be45b27416,60.171373,176,0.08522727272727272,0.005681818181818182,234.52426136363636,41276.27,0.9090909090909091,0.09090909090909091,160,16,1.954229367931083,1.772899519243824,0.0,9.470588235294118,2025-03-03,Fear,33,Fear
2025-03-03,0xb899e522b5715391ae1d4f137653e7906c5e2115,535.4072209999999,31,0.45161290322580644,0.0,16874.44419354839,523107.77,0.5483870967741935,0.45161290322580644,17,14,262.00384820034407,33.054047617967576,0.0,1.2,2025-03-03,Fear,33,Fear
2025-03-03,0xbd5fead7180a9c139fa51a103cb6a2ce86ddb5c3,57561.35367,136,0.8235294117647058,0.09558823529411764,8611.731764705883,1171195.52,0.5514705882352942,0.4485294117647059,75,61,0.08705397826630265,1203.2991782948131,0.0,1.2258064516129032,2025-03-03,Fear,33,Fear
2025-03-03,0xbee1707d6b44d4d52bfe19e41f8a828645437aab,2448.046511,73,0.6575342465753424,0.0,1970.5965753424655,143853.55,0.7671232876712328,0.2328767123287671,56,17,192.41603554467164,71.04039412148543,0.0,3.1666666666666665,2025-03-03,Fear,33,Fear
2025-03-04,0x23e7a7f8d14b550961925fbfdaa92f5d195ba5bd,-3169.3554679999997,65,0.0,0.15384615384615385,1756.5103076923076,114173.17,0.8461538461538461,0.15384615384615385,55,10,67.06760840305851,372.4800486094771,-3169.3554679999997,5.090909090909091,2025-03-04,Extreme Fear,15,Fear
2025-03-04,0x28736f43f1e871e6aa8b1148d38d4994275d72c4,163.73415,43,0.3023255813953488,0.0,1091.9493023255814,46953.82,0.9767441860465116,0.023255813953488372,42,1,0.2614066640209543,10.614594053092034,0.0,21.5,2025-03-04,Extreme Fear,15,Fear
2025-03-04,0x39cef799f8b69da1995852eea189df24eb5cae3c,863.956464,63,0.47619047619047616,0.0,3213.5458730158734,202453.39,0.5238095238095238,0.47619047619047616,33,30,30.00387550539476,42.018834227307856,0.0,1.096774193548387,2025-03-04,Extreme Fear,15,Fear
2025-03-04,0x47add9a56df66b524d5e2c1993a43cde53b6ed85,444.266681,32,0.21875,0.0,502.8234375,16090.35,0.96875,0.03125,31,1,5.439375360683347,42.32722761774259,0.0,16.0,2025-03-04,Extreme Fear,15,Fear
2025-03-04,0x4acb90e786d897ecffb614dc822eb231b4ffb9f4,0.0,155,0.0,0.0,5549.306774193548,860142.5499999999,1.0,0.0,155,0,13.418412868721607,0.0,0.0,156.0,2025-03-04,Extreme Fear,15,Fear
2025-03-04,0x4f93fead39b70a1824f981a54d4e55b278e9f760,8002.939313,59,0.4745762711864407,0.0,25872.653898305085,1526486.58,0.3728813559322034,0.6271186440677966,22,37,699.6661903685741,492.92045109624866,0.0,0.6052631578947368,2025-03-04,Extreme Fear,15,Fear
2025-03-04,0x72c6a4624e1dffa724e6d00d64ceae698af892a0,169132.29611,155,0.4967741935483871,0.4967741935483871,3030.0763225806454,469661.83,1.0,0.0,155,0,0.06278565974027615,3522.528888200614,0.0,156.0,2025-03-04,Extreme Fear,15,Fear
2025-03-04,0x8170715b3b381dffb7062c0298972d4727a0a63b,6939.47356,16,0.8125,0.0,937.494375,14999.91,0.8125,0.1875,13,3,0.0041129370249804635,797.0654881469513,0.0,3.5,2025-03-04,Extreme Fear,15,Fear
2025-03-04,0x8477e447846c758f5a675856001ea72298fd9cb5,54.2704,8,0.125,0.0,1117.82,8942.56,1.0,0.0,8,0,0.37149272919649123,19.187483928853204,0.0,9.0,2025-03-04,Extreme Fear,15,Fear
2025-03-04,0xa0feb3725a9335f49874d7cd8eaad6be45b27416,0.0,40,0.0,0.0,369.27675,14771.07,1.0,0.0,40,0,0.0028829324353029625,0.0,0.0,41.0,2025-03-04,Extreme Fear,15,Fear
2025-03-04,0xae5eacaf9c6b9111fd53034a602c192a04e082ed,0.0,21,0.0,0.0,7268.525238095238,152639.03,1.0,0.0,21,0,82.61607506580101,0.0,0.0,22.0,2025-03-04,Extreme Fear,15,Fear
2025-03-04,0xb1231a4a2dd02f2276fa3c5e2a2f3436e6bfed23,0.0,77,0.0,0.0,1769.9948051948052,136289.6,1.0,0.0,77,0,6.603252576431335,0.0,0.0,78.0,2025-03-04,Extreme Fear,15,Fear
2025-03-04,0xb899e522b5715391ae1d4f137653e7906c5e2115,4578.655427,124,0.5080645161290323,0.0,17691.147903225807,2193702.34,0.4112903225806452,0.5887096774193549,51,73,29.906303682190288,95.07081710567091,0.0,0.7027027027027027,2025-03-04,Extreme Fear,15,Fear
2025-03-04,0xbaaaf6571ab7d571043ff1e313a9609a10637864,0.0,563,0.0,0.0,6625.281438721137,3730033.45,1.0,0.0,563,0,1.7935991141047596,0.0,0.0,564.0,2025-03-04,Extreme Fear,15,Fear
2025-03-04,0xbd5fead7180a9c139fa51a103cb6a2ce86ddb5c3,0.0,2,0.0,0.0,86000.0,172000.0,1.0,0.0,2,0,0.10658651086429466,0.0,0.0,3.0,2025-03-04,Extreme Fear,15,Fear
2025-03-04,0xbee1707d6b44d4d52bfe19e41f8a828645437aab,-4934.6700519999995,979,0.38508682328907046,0.12461695607763024,1496.3304392236976,1464907.5,0.4902962206332993,0.5097037793667007,480,499,9.458073400613792,78.11168131289153,-4934.6700519999995,0.962,2025-03-04,Extreme Fear,15,Fear
2025-03-05,0x28736f43f1e871e6aa8b1148d38d4994275d72c4,437.35445200000004,26,0.7692307692307693,0.0,1109.076923076923,28836.0,0.34615384615384615,0.6538461538461539,9,17,0.14167058892173512,29.655492945921022,0.0,0.5555555555555556,2025-03-05,Extreme Fear,20,Fear
2025-03-05,0x2c229d22b100a7beb69122eed721cee9b24011dd,11113.173067,89,0.651685393258427,0.0,2537.6704494382025,225852.67,0.34831460674157305,0.651685393258427,31,58,136.17566788128502,156.23118806156884,0.0,0.5423728813559322,2025-03-05,Extreme Fear,20,Fear
2025-03-05,0x39cef799f8b69da1995852eea189df24eb5cae3c,8187.59426,43,0.5581395348837209,0.0,3514.7537209302327,151134.41,0.4418604651162791,0.5581395348837209,19,24,0.10112114584158463,413.68989389738994,0.0,0.8,2025-03-05,Extreme Fear,20,Fear
2025-03-05,0x47add9a56df66b524d5e2c1993a43cde53b6ed85,423.18325600000003,21,0.2857142857142857,0.0,550.0914285714285,11551.92,0.6190476190476191,0.38095238095238093,13,8,0.09334022011368659,49.39432867612523,0.0,1.5555555555555556,2025-03-05,Extreme Fear,20,Fear
2025-03-05,0x4f93fead39b70a1824f981a54d4e55b278e9f760,2741.101375,54,0.37037037037037035,0.0,28870.43833333333,1559003.67,0.42592592592592593,0.5740740740740741,23,31,370.61935672107535,107.89872356629095,0.0,0.75,2025-03-05,Extreme Fear,20,Fear
2025-03-05,0x75f7eeb85dc639d5e99c78f95393aa9a5f1170d4,-5843.04,2,0.0,0.5,42921.479999999996,85842.95999999999,0.5,0.5,1,1,20000.47998909345,4131.653206744245,-5843.04,1.0,2025-03-05,Extreme Fear,20,Fear
2025-03-05,0x8477e447846c758f5a675856001ea72298fd9cb5,34.86435,34,0.11764705882352941,0.0,543.1394117647059,18466.739999999998,0.0,1.0,0,34,207.7743468050888,3.973230243174621,0.0,0.02857142857142857,2025-03-05,Extreme Fear,20,Fear
2025-03-05,0xae5eacaf9c6b9111fd53034a602c192a04e082ed,0.0,9,0.0,0.0,3500.644444444444,31505.8,1.0,0.0,9,0,0.02140953699897528,0.0,0.0,10.0,2025-03-05,Extreme Fear,20,Fear
2025-03-05,0xb1231a4a2dd02f2276fa3c5e2a2f3436e6bfed23,4647.056049,89,0.6404494382022472,0.0,2021.519213483146,179915.21,0.3595505617977528,0.6404494382022472,32,57,5.62873861320074,92.74233424972506,0.0,0.5689655172413793,2025-03-05,Extreme Fear,20,Fear
2025-03-05,0xb899e522b5715391ae1d4f137653e7906c5e2115,2036.224492,100,0.38,0.0,17587.334199999998,1758733.42,0.62,0.38,62,38,18.466016017499165,54.96915307353969,0.0,1.6153846153846154,2025-03-05,Extreme Fear,20,Fear
2025-03-05,0xbaaaf6571ab7d571043ff1e313a9609a10637864,229058.684298,983,0.91353001017294,0.0,4677.476866734486,4597959.76,0.08646998982706001,0.91353001017294,85,898,0.06348873342318999,2226.0353343899155,0.0,0.09566184649610679,2025-03-05,Extreme Fear,20,Fear
2025-03-05,0xbd5fead7180a9c139fa51a103cb6a2ce86ddb5c3,3677.4,8,1.0,0.0,22375.0,179000.0,0.0,1.0,0,8,0.02399924327380634,867.6461675303491,0.0,0.1111111111111111,2025-03-05,Extreme Fear,20,Fear
2025-03-05,0xbee1707d6b44d4d52bfe19e41f8a828645437aab,12814.770318,202,0.6237623762376238,0.09405940594059406,1811.146831683168,365851.66,0.4504950495049505,0.5495049504950495,91,111,87.87413976351483,135.75570265568388,0.0,0.8214285714285714,2025-03-05,Extreme Fear,20,Fear
2025-03-06,0x28736f43f1e871e6aa8b1148d38d4994275d72c4,291.46926,21,0.6190476190476191,0.0,856.63,17989.23,0.47619047619047616,0.5238095238095238,10,11,4.19929717276584,20.857877588876935,0.0,0.9166666666666666,2025-03-06,Fear,25,Fear
2025-03-06,0x2c229d22b100a7beb69122eed721cee9b24011dd,279.152034,15,0.7333333333333333,0.0,1287.3273333333334,19309.91,0.26666666666666666,0.7333333333333333,4,11,15.359935513471475,22.38551557299591,0.0,0.4166666666666667,2025-03-06,Fear,25,Fear
2025-03-06,0x3998f134d6aaa2b6a5f723806d00fd2bbbbce891,600.008922,37,0.7027027027027027,0.2972972972972973,1400.675945945946,51825.01,0.0,1.0,0,37,0.001590492017911165,27.37460103895091,0.0,0.02631578947368421,2025-03-06,Fear,25,Fear
2025-03-06,0x47add9a56df66b524d5e2c1993a43cde53b6ed85,102.92652,12,0.5,0.16666666666666666,742.9966666666666,8915.96,0.3333333333333333,0.6666666666666666,4,8,0.23395392069408372,50.11601874198839,0.0,0.5555555555555556,2025-03-06,Fear,25,Fear
2025-03-06,0x4acb90e786d897ecffb614dc822eb231b4ffb9f4,5109.859504,15,0.3333333333333333,0.0,9685.342,145280.13,0.6666666666666666,0.3333333333333333,10,5,0.08907785205741403,1049.0558127270372,0.0,1.8333333333333333,2025-03-06,Fear,25,Fear
2025-03-06,0x4f93fead39b70a1824f981a54d4e55b278e9f760,3069.196282,37,0.2702702702702703,0.10810810810810811,17383.593783783785,643192.97,0.6216216216216216,0.3783783783783784,23,14,1399.5355871089882,212.94413045226776,0.0,1.6,2025-03-06,Fear,25,Fear
2025-03-06,0x8477e447846c758f5a675856001ea72298fd9cb5,0.0,7,0.0,0.0,110.53285714285714,773.73,0.0,1.0,0,7,0.2668987999602212,0.0,0.0,0.125,2025-03-06,Fear,25,Fear
2025-03-06,0xb1231a4a2dd02f2276fa3c5e2a2f3436e6bfed23,698.036952,66,0.4393939393939394,0.0,1905.741818181818,125778.95999999999,0.5606060606060606,0.4393939393939394,37,29,23.26478478461368,36.89088910194522,0.0,1.2666666666666666,2025-03-06,Fear,25,Fear
2025-03-06,0xb899e522b5715391ae1d4f137653e7906c5e2115,5348.989502,375,0.608,0.0,13031.173493333332,4886690.06,0.416,0.584,156,219,95.39615621621338,57.095338712075225,0.0,0.7136363636363636,2025-03-06,Fear,25,Fear
2025-03-06,0xbaaaf6571ab7d571043ff1e313a9609a10637864,0.0,71,0.0,0.0,9899.837042253523,702888.43,1.0,0.0,71,0,382.26827475599634,0.0,0.0,72.0,2025-03-06,Fear,25,Fear
2025-03-06,0xbd5fead7180a9c139fa51a103cb6a2ce86ddb5c3,0.0,16,0.0,0.0,2433.409375,38934.55,0.1875,0.8125,3,13,0.022656947801738884,0.0,0.0,0.2857142857142857,2025-03-06,Fear,25,Fear
2025-03-06,0xbee1707d6b44d4d52bfe19e41f8a828645437aab,601.486585,88,0.42045454545454547,0.0,1406.2047727272727,123746.02,0.6022727272727273,0.3977272727272727,53,35,93.46669715693784,12.619413803784408,0.0,1.5,2025-03-06,Fear,25,Fear
2025-03-07,0x23e7a7f8d14b550961925fbfdaa92f5d195ba5bd,0.0,37,0.0,0.0,1499.4978378378378,55481.42,1.0,0.0,37,0,3.1351489906371217,0.0,0.0,38.0,2025-03-07,Fear,34,Fear
2025-03-07,0x28736f43f1e871e6aa8b1148d38d4994275d72c4,411.824274,40,0.375,0.0,748.432,29937.28,0.65,0.35,26,14,12.227410018574043,18.255167668563207,0.0,1.8,2025-03-07,Fear,34,Fear
2025-03-07,0x2c229d22b100a7beb69122eed721cee9b24011dd,1.17533,3,0.3333333333333333,0.0,972.65,2917.95,0.6666666666666666,0.3333333333333333,2,1,319.96348883310503,0.6785770918866428,0.0,1.5,2025-03-07,Fear,34,Fear
2025-03-07,0x47add9a56df66b524d5e2c1993a43cde53b6ed85,781.670551,62,0.25806451612903225,0.016129032258064516,463.668064516129,28747.42,0.6935483870967742,0.3064516129032258,43,19,0.1875018616652417,50.56622182387642,0.0,2.2,2025-03-07,Fear,34,Fear
2025-03-07,0x4acb90e786d897ecffb614dc822eb231b4ffb9f4,0.0,57,0.0,0.0,1755.7517543859651,100077.85,1.0,0.0,57,0,0.00731609172348719,0.0,0.0,58.0,2025-03-07,Fear,34,Fear
2025-03-07,0x4f93fead39b70a1824f981a54d4e55b278e9f760,3273.5394420000002,22,0.8181818181818182,0.0,10090.28,221986.16,0.3181818181818182,0.6818181818181818,7,15,1818.806727325433,332.26736613770044,0.0,0.5,2025-03-07,Fear,34,Fear
2025-03-07,0x72c6a4624e1dffa724e6d00d64ceae698af892a0,0.0,10,0.0,0.0,496.50100000000003,4965.01,1.0,0.0,10,0,0.036485817160239284,0.0,0.0,11.0,2025-03-07,Fear,34,Fear
2025-03-07,0x8170715b3b381dffb7062c0298972d4727a0a63b,0.0,12,0.0,0.0,12499.980833333333,149999.77,1.0,0.0,12,0,48.075749989235334,0.0,0.0,13.0,2025-03-07,Fear,34,Fear
2025-03-07,0x8477e447846c758f5a675856001ea72298fd9cb5,9.266712,2,0.5,0.0,554.57,1109.14,0.5,0.5,1,1,221.977737398064,6.552554894502754,0.0,1.0,2025-03-07,Fear,34,Fear
2025-03-07,0xb1231a4a2dd02f2276fa3c5e2a2f3436e6bfed23,0.0,49,0.0,0.0,2891.8463265306123,141700.47,1.0,0.0,49,0,0.023248346752264507,0.0,0.0,50.0,2025-03-07,Fear,34,Fear
2025-03-07,0xb899e522b5715391ae1d4f137653e7906c5e2115,5348.62711,659,0.4597875569044006,0.08801213960546282,19006.84864946889,12525513.26,0.45220030349013657,0.5477996965098634,298,361,325.14659453968636,40.47716344979541,0.0,0.8259668508287292,2025-03-07,Fear,34,Fear
2025-03-07,0xbaaaf6571ab7d571043ff1e313a9609a10637864,87405.926823,829,0.6803377563329313,0.0,4768.31558504222,3952933.62,0.31966224366706875,0.6803377563329313,265,564,0.009822862529685237,349.6793817971066,0.0,0.47079646017699117,2025-03-07,Fear,34,Fear
2025-03-07,0xbd5fead7180a9c139fa51a103cb6a2ce86ddb5c3,43861.966536,147,0.6598639455782312,0.02040816326530612,9958.719795918369,1463931.81,0.7891156462585034,0.2108843537414966,116,31,0.7961816914724417,710.4741022274347,0.0,3.65625,2025-03-07,Fear,34,Fear
2025-03-07,0xbee1707d6b44d4d52bfe19e41f8a828645437aab,9142.064849,623,0.5104333868378812,0.05778491171749599,1885.9940930979135,1174974.32,0.48796147672552165,0.5120385232744783,304,319,40.240348371098364,89.84938189840231,0.0,0.953125,2025-03-07,Fear,34,Fear
2025-03-08,0x23e7a7f8d14b550961925fbfdaa92f5d195ba5bd,2099.019688,47,1.0,0.0,1225.1170212765958,57580.5,0.0,1.0,0,47,0.0966812792233341,55.84318281453452,0.0,0.020833333333333332,2025-03-08,Fear,28,Fear
2025-03-08,0x28736f43f1e871e6aa8b1148d38d4994275d72c4,173.811132,35,0.4,0.0,698.2522857142857,24438.829999999998,0.6571428571428571,0.34285714285714286,23,12,25.22830563641461,10.876331264812713,0.0,1.8461538461538463,2025-03-08,Fear,28,Fear
2025-03-08,0x420ab45e0bd8863569a5efbb9c05d91f40624641,11894.061848,11,1.0,0.0,5318.463636363636,58503.1,1.0,0.0,11,0,0.24554375116695154,924.8825872053743,0.0,12.0,2025-03-08,Fear,28,Fear
2025-03-08,0x47add9a56df66b524d5e2c1993a43cde53b6ed85,119.3611,31,0.22580645161290322,0.0,449.9274193548387,13947.75,0.8387096774193549,0.16129032258064516,26,5,0.16650038415190502,9.63162044544652,0.0,4.5,2025-03-08,Fear,28,Fear
2025-03-08,0x4f93fead39b70a1824f981a54d4e55b278e9f760,0.0,17,0.0,0.0,7059.288823529412,120007.91,1.0,0.0,17,0,1176.3881273215475,0.0,0.0,18.0,2025-03-08,Fear,28,Fear
2025-03-08,0x72743ae2822edd658c0c50608fd7c5c501b2afbd,0.0,15,0.0,0.0,2119.866666666667,31798.0,0.6666666666666666,0.3333333333333333,10,5,0.03947442657258903,0.0,0.0,1.8333333333333333,2025-03-08,Fear,28,Fear
2025-03-08,0x72c6a4624e1dffa724e6d00d64ceae698af892a0,0.0,7,0.0,0.0,480.2857142857143,3362.0,1.0,0.0,7,0,0.03295486433545292,0.0,0.0,8.0,2025-03-08,Fear,28,Fear
2025-03-08,0x75f7eeb85dc639d5e99c78f95393aa9a5f1170d4,556.480533,18,0.9444444444444444,0.0,1573.7972222222222,28328.35,0.9444444444444444,0.05555555555555555,17,1,802.5800306201484,46.8585386165972,0.0,9.0,2025-03-08,Fear,28,Fear
2025-03-08,0x8170715b3b381dffb7062c0298972d4727a0a63b,0.0,38,0.0,0.0,2631.5215789473687,99997.82,1.0,0.0,38,0,0.014277334561750872,0.0,0.0,39.0,2025-03-08,Fear,28,Fear
2025-03-08,0xa520ded057a32086c40e7dd6ed4eb8efb82c00e0,-1121.6509429999999,2,0.0,1.0,1250.705,2501.41,0.0,1.0,0,2,0.005458639581498863,499.10202233924514,-1121.6509429999999,0.3333333333333333,2025-03-08,Fear,28,Fear
2025-03-08,0xb1231a4a2dd02f2276fa3c5e2a2f3436e6bfed23,2923.553302,138,0.8478260869565217,0.0,1772.4605797101449,244599.56,0.15217391304347827,0.8478260869565217,21,117,1.8549241339299012,33.669100916437635,0.0,0.1864406779661017,2025-03-08,Fear,28,Fear
2025-03-08,0xbd5fead7180a9c139fa51a103cb6a2ce86ddb5c3,5836.8743,36,1.0,0.0,1318.431388888889,47463.53,1.0,0.0,36,0,0.18616947427132108,257.1059441172231,0.0,37.0,2025-03-08,Fear,28,Fear
2025-03-08,0xbee1707d6b44d4d52bfe19e41f8a828645437aab,2219.262399,134,0.3880597014925373,0.0,1190.7070895522388,159554.75,0.6119402985074627,0.3880597014925373,82,52,48.92363989729,37.77737015365057,0.0,1.5660377358490567,2025-03-08,Fear,28,Fear
2025-03-09,0x23e7a7f8d14b550961925fbfdaa92f5d195ba5bd,656.540742,65,0.8769230769230769,0.0,2676.518153846154,173973.68,0.12307692307692308,0.8769230769230769,8,57,850.4301271414054,11.914657863151925,0.0,0.15517241379310345,2025-03-09,Fear,27,Fear
2025-03-09,0x28736f43f1e871e6aa8b1148d38d4994275d72c4,140.953497,36,0.16666666666666666,0.0,1118.493611111111,40265.77,0.8611111111111112,0.1388888888888889,31,5,0.14909819400672458,10.912408830233744,0.0,5.333333333333333,2025-03-09,Fear,27,Fear
2025-03-09,0x47add9a56df66b524d5e2c1993a43cde53b6ed85,0.0,8,0.0,0.0,827.6537500000001,6621.2300000000005,1.0,0.0,8,0,1.207221187347731,0.0,0.0,9.0,2025-03-09,Fear,27,Fear
2025-03-09,0x4f93fead39b70a1824f981a54d4e55b278e9f760,0.0,11,0.0,0.0,38167.586363636365,419843.45,1.0,0.0,11,0,0.15656393717186598,0.0,0.0,12.0,2025-03-09,Fear,27,Fear
2025-03-09,0x72743ae2822edd658c0c50608fd7c5c501b2afbd,0.0,90,0.0,0.0,1365.6884444444443,122911.95999999999,0.8222222222222222,0.17777777777777778,74,16,0.016653699539469293,0.0,0.0,4.411764705882353,2025-03-09,Fear,27,Fear
2025-03-09,0x72c6a4624e1dffa724e6d00d64ceae698af892a0,0.0,21,0.0,0.0,232.88047619047617,4890.49,0.9047619047619048,0.09523809523809523,19,2,0.02540001886590717,0.0,0.0,6.666666666666667,2025-03-09,Fear,27,Fear
2025-03-09,0x8170715b3b381dffb7062c0298972d4727a0a63b,3677.4965580000003,5,1.0,0.0,999.99,4999.95,1.0,0.0,5,0,0.004619388435273289,1139.2973933697706,0.0,6.0,2025-03-09,Fear,27,Fear
2025-03-09,0x8477e447846c758f5a675856001ea72298fd9cb5,969.56792,35,0.9428571428571428,0.0,241.43400000000003,8450.19,0.9428571428571428,0.05714285714285714,33,2,0.8170192930726115,27.51582177884642,0.0,11.333333333333334,2025-03-09,Fear,27,Fear
2025-03-09,0xb1231a4a2dd02f2276fa3c5e2a2f3436e6bfed23,2752.480766,296,0.30405405405405406,0.0,1777.5894594594595,526166.48,0.6959459459459459,0.30405405405405406,206,90,52.76280831947719,28.54076419420222,0.0,2.2747252747252746,2025-03-09,Fear,27,Fear
2025-03-09,0xb899e522b5715391ae1d4f137653e7906c5e2115,10760.578324,630,0.6095238095238096,0.0,13882.096698412699,8745720.92,0.6015873015873016,0.3984126984126984,379,251,159.72072626360315,51.06170782556846,0.0,1.507936507936508,2025-03-09,Fear,27,Fear
2025-03-09,0xbaaaf6571ab7d571043ff1e313a9609a10637864,10.184488,47,0.1702127659574468,0.0,1697.1225531914893,79764.76,0.8297872340425532,0.1702127659574468,39,8,21.233361946434005,0.7099052512928326,0.0,4.444444444444445,2025-03-09,Fear,27,Fear
2025-03-09,0xbee1707d6b44d4d52bfe19e41f8a828645437aab,805.6551000000001,178,0.24719101123595505,0.0,1607.242191011236,286089.11,0.7528089887640449,0.24719101123595505,134,44,5.314968444580172,13.990626079687024,0.0,3.0,2025-03-09,Fear,27,Fear
2025-03-10,0x23e7a7f8d14b550961925fbfdaa92f5d195ba5bd,-1065.797583,53,0.9622641509433962,0.018867924528301886,3326.2756603773582,176292.61,0.018867924528301886,0.9811320754716981,1,52,1013.0215987747519,344.3677699833401,-1065.797583,0.03773584905660377,2025-03-10,Extreme Fear,20,Fear
2025-03-10,0x28736f43f1e871e6aa8b1148d38d4994275d72c4,-4026.754395,31,0.0967741935483871,0.41935483870967744,838.0596774193548,25979.85,0.4838709677419355,0.5161290322580645,15,16,48.55986142931308,324.4596969443612,-4026.754395,0.9411764705882353,2025-03-10,Extreme Fear,20,Fear
2025-03-10,0x3998f134d6aaa2b6a5f723806d00fd2bbbbce891,-8224.491085,26,0.0,1.0,1653.866153846154,43000.520000000004,0.0,1.0,0,26,0.002403444974899758,302.8308767725473,-8224.491085,0.037037037037037035,2025-03-10,Extreme Fear,20,Fear
2025-03-10,0x39cef799f8b69da1995852eea189df24eb5cae3c,-37230.786609,2,0.0,1.0,48134.545,96269.09,0.0,1.0,0,2,0.5831772239629918,17566.368992610518,-37230.786609,0.3333333333333333,2025-03-10,Extreme Fear,20,Fear
2025-03-10,0x47add9a56df66b524d5e2c1993a43cde53b6ed85,0.0,16,0.0,0.0,734.3568750000001,11749.710000000001,1.0,0.0,16,0,0.09924252508778561,0.0,0.0,17.0,2025-03-10,Extreme Fear,20,Fear
2025-03-10,0x4acb90e786d897ecffb614dc822eb231b4ffb9f4,0.08712,114,0.008771929824561403,0.0,5590.744561403509,637344.88,0.9912280701754386,0.008771929824561403,113,1,0.8915891991338954,0.008159535590499718,0.0,57.0,2025-03-10,Extreme Fear,20,Fear
2025-03-10,0x4f93fead39b70a1824f981a54d4e55b278e9f760,14133.265684,103,0.4077669902912621,0.0,25248.4113592233,2600586.37,0.5922330097087378,0.4077669902912621,61,42,1169.061328073831,276.99562762637106,0.0,1.441860465116279,2025-03-10,Extreme Fear,20,Fear
2025-03-10,0x72c6a4624e1dffa724e6d00d64ceae698af892a0,-2680.0,35,0.0,0.4857142857142857,678.8711428571429,23760.49,0.17142857142857143,0.8285714285714286,6,29,153.01348077140287,131.8156675985771,-2680.0,0.23333333333333334,2025-03-10,Extreme Fear,20,Fear
2025-03-10,0x8170715b3b381dffb7062c0298972d4727a0a63b,4297.3227640000005,14,0.35714285714285715,0.0,3928.565714285714,54999.92,1.0,0.0,14,0,0.016020793339376904,594.660204968097,0.0,15.0,2025-03-10,Extreme Fear,20,Fear
2025-03-10,0x8477e447846c758f5a675856001ea72298fd9cb5,0.0,3,0.0,0.0,1666.1666666666667,4998.5,1.0,0.0,3,0,1619.7896579385927,0.0,0.0,4.0,2025-03-10,Extreme Fear,20,Fear
2025-03-10,0xb1231a4a2dd02f2276fa3c5e2a2f3436e6bfed23,0.0,61,0.0,0.0,2392.7903278688523,145960.21,1.0,0.0,61,0,0.008885293999832589,0.0,0.0,62.0,2025-03-10,Extreme Fear,20,Fear
2025-03-10,0xb899e522b5715391ae1d4f137653e7906c5e2115,9163.142483,358,0.33519553072625696,0.0,21399.0256424581,7660851.18,0.664804469273743,0.33519553072625696,238,120,69.77262114391965,115.18669598127401,0.0,1.975206611570248,2025-03-10,Extreme Fear,20,Fear
2025-03-10,0xbaaaf6571ab7d571043ff1e313a9609a10637864,5832.316116,667,0.3118440779610195,0.0,5033.190044977511,3357137.76,0.6881559220389805,0.3118440779610195,459,208,116.63689237562927,56.8404577983565,0.0,2.200956937799043,2025-03-10,Extreme Fear,20,Fear
2025-03-10,0xbee1707d6b44d4d52bfe19e41f8a828645437aab,9791.668235,1428,0.5091036414565826,0.08263305322128851,1381.5543347338937,1972859.59,0.40826330532212884,0.5917366946778712,583,845,27.970143969712172,30.654985117797224,0.0,0.6903073286052009,2025-03-10,Extreme Fear,20,Fear
2025-03-11,0x28736f43f1e871e6aa8b1148d38d4994275d72c4,0.0,24,0.0,0.0,538.44125,12922.59,1.0,0.0,24,0,70.0136203660812,0.0,0.0,25.0,2025-03-11,Extreme Fear,24,Fear
2025-03-11,0x2c229d22b100a7beb69122eed721cee9b24011dd,276.7687,13,0.7692307692307693,0.0,3849.383076923077,50041.98,0.23076923076923078,0.7692307692307693,3,10,10.859307835270844,37.513346327792675,0.0,0.36363636363636365,2025-03-11,Extreme Fear,24,Fear
2025-03-11,0x3998f134d6aaa2b6a5f723806d00fd2bbbbce891,-58444.949486,119,0.0,1.0,1948.151092436975,231829.98,0.0,1.0,0,119,0.00380694699213887,736.7683013148543,-58444.949486,0.008333333333333333,2025-03-11,Extreme Fear,24,Fear
2025-03-11,0x420ab45e0bd8863569a5efbb9c05d91f40624641,9461.082288,61,0.04918032786885246,0.0,2446.7424590163937,149251.29,0.04918032786885246,0.9508196721311475,3,58,0.023934065493154973,876.5854566151847,0.0,0.06779661016949153,2025-03-11,Extreme Fear,24,Fear
2025-03-11,0x47add9a56df66b524d5e2c1993a43cde53b6ed85,266.837111,32,0.125,0.0625,504.60375,16147.32,0.6875,0.3125,22,10,23.469865491637087,33.291178573283695,0.0,2.090909090909091,2025-03-11,Extreme Fear,24,Fear
2025-03-11,0x4acb90e786d897ecffb614dc822eb231b4ffb9f4,0.0,84,0.0,0.0,3216.501666666667,270186.14,1.0,0.0,84,0,0.004046371784414258,0.0,0.0,85.0,2025-03-11,Extreme Fear,24,Fear
2025-03-11,0x4f93fead39b70a1824f981a54d4e55b278e9f760,2479.265806,33,0.6363636363636364,0.0,31854.999696969695,1051214.99,0.36363636363636365,0.6363636363636364,12,21,1863.0367309582314,126.72684769979027,0.0,0.5909090909090909,2025-03-11,Extreme Fear,24,Fear
2025-03-11,0x75f7eeb85dc639d5e99c78f95393aa9a5f1170d4,23670.188163,170,0.9470588235294117,0.0,3202.6863529411767,544456.68,0.5058823529411764,0.49411764705882355,86,84,356.484584432503,229.30521763223035,0.0,1.0235294117647058,2025-03-11,Extreme Fear,24,Fear
2025-03-11,0x8170715b3b381dffb7062c0298972d4727a0a63b,0.0,8,0.0,0.0,624.9925000000001,4999.9400000000005,0.0,1.0,0,8,0.0029923976007872346,0.0,0.0,0.1111111111111111,2025-03-11,Extreme Fear,24,Fear
2025-03-11,0x8477e447846c758f5a675856001ea72298fd9cb5,94.48255800000001,8,0.75,0.125,1261.5125,10092.1,0.125,0.875,1,7,312.96708081827205,23.751422060042437,0.0,0.25,2025-03-11,Extreme Fear,24,Fear
2025-03-11,0xae5eacaf9c6b9111fd53034a602c192a04e082ed,0.0,4,0.0,0.0,6911.925,27647.7,1.0,0.0,4,0,0.040334783827472714,0.0,0.0,5.0,2025-03-11,Extreme Fear,24,Fear
2025-03-11,0xb1231a4a2dd02f2276fa3c5e2a2f3436e6bfed23,2349.7162,273,0.47619047619047616,0.47619047619047616,1993.2828205128203,544166.21,0.047619047619047616,0.9523809523809523,13,260,0.021969240519300538,23.58027852223239,0.0,0.05363984674329502,2025-03-11,Extreme Fear,24,Fear
2025-03-11,0xb899e522b5715391ae1d4f137653e7906c5e2115,-57956.282957999996,466,0.19098712446351931,0.5021459227467812,15135.68212446352,7053227.87,0.3562231759656652,0.6437768240343348,166,300,39.035397836115784,476.82550655722383,-57956.282957999996,0.5548172757475083,2025-03-11,Extreme Fear,24,Fear
2025-03-11,0xbaaaf6571ab7d571043ff1e313a9609a10637864,1058.58,1651,0.04663840096910963,0.0,2186.8561296184134,3610499.47,0.9533615990308903,0.04663840096910963,1574,77,0.21120207468098,8.229618332244364,0.0,20.192307692307693,2025-03-11,Extreme Fear,24,Fear
2025-03-11,0xbd5fead7180a9c139fa51a103cb6a2ce86ddb5c3,0.0,7,0.0,0.0,4591.028571428572,32137.2,0.0,1.0,0,7,0.07946075944845292,0.0,0.0,0.125,2025-03-11,Extreme Fear,24,Fear
2025-03-11,0xbee1707d6b44d4d52bfe19e41f8a828645437aab,-136.41741799999994,333,0.34534534534534533,0.2852852852852853,1225.6175075075075,408130.63,0.3843843843843844,0.6156156156156156,128,205,29.881589121878847,40.919664767938414,-136.41741799999994,0.6262135922330098,2025-03-11,Extreme Fear,24,Fear
2025-03-12,0x23e7a7f8d14b550961925fbfdaa92f5d195ba5bd,1591.753271,53,0.9811320754716981,0.0,2184.328113207547,115769.39,0.018867924528301886,0.9811320754716981,1,52,988.243315953549,40.64570560406076,0.0,0.03773584905660377,2025-03-12,Fear,34,Fear
2025-03-12,0x28736f43f1e871e6aa8b1148d38d4994275d72c4,33.01095,9,0.4444444444444444,0.0,851.8611111111111,7666.75,0.5555555555555556,0.4444444444444444,5,4,111.51642435922857,9.250379852943878,0.0,1.2,2025-03-12,Fear,34,Fear
2025-03-12,0x39cef799f8b69da1995852eea189df24eb5cae3c,0.0,39,0.0,0.0,2549.7482051282054,99440.18000000001,0.0,1.0,0,39,9.191628000489315,0.0,0.0,0.025,2025-03-12,Fear,34,Fear
2025-03-12,0x47add9a56df66b524d5e2c1993a43cde53b6ed85,78.714444,7,0.42857142857142855,0.0,738.5457142857142,5169.82,0.0,1.0,0,7,0.38241621785581686,15.884159599521142,0.0,0.125,2025-03-12,Fear,34,Fear
2025-03-12,0x4f93fead39b70a1824f981a54d4e55b278e9f760,0.0,10,0.0,0.0,17999.379,179993.79,1.0,0.0,10,0,0.34431590201973555,0.0,0.0,11.0,2025-03-12,Fear,34,Fear
2025-03-12,0x75f7eeb85dc639d5e99c78f95393aa9a5f1170d4,788.209533,24,0.875,0.0,2053.1325,49275.18,0.125,0.875,3,21,126.86917772733734,51.84759593746264,0.0,0.18181818181818182,2025-03-12,Fear,34,Fear
2025-03-12,0x8170715b3b381dffb7062c0298972d4727a0a63b,-2493.849701,11,0.0,0.09090909090909091,4999.932727272728,54999.26,0.0,1.0,0,11,0.018177544071918773,751.9239765233638,-2493.849701,0.08333333333333333,2025-03-12,Fear,34,Fear
2025-03-12,0x8477e447846c758f5a675856001ea72298fd9cb5,0.0,3,0.0,0.0,666.82,2000.46,1.0,0.0,3,0,265.0115420679693,0.0,0.0,4.0,2025-03-12,Fear,34,Fear
2025-03-12,0xb1231a4a2dd02f2276fa3c5e2a2f3436e6bfed23,1215.156099,334,0.10179640718562874,0.0,1351.2349101796408,451312.46,0.8982035928143712,0.10179640718562874,300,34,29.25725908783833,17.046391441775466,0.0,8.6,2025-03-12,Fear,34,Fear
2025-03-12,0xb899e522b5715391ae1d4f137653e7906c5e2115,4544.583988,251,0.5816733067729084,0.0,28258.839880478085,7092968.81,0.5816733067729084,0.41832669322709165,146,105,453.8453649086741,44.04292024680759,0.0,1.3867924528301887,2025-03-12,Fear,34,Fear
2025-03-12,0xbaaaf6571ab7d571043ff1e313a9609a10637864,289639.089112,2617,0.6526557126480703,0.0,3118.5291555215895,8161190.8,0.3473442873519297,0.6526557126480703,909,1708,0.34811088196534284,621.053876721509,0.0,0.5324751316559392,2025-03-12,Fear,34,Fear
2025-03-12,0xbd5fead7180a9c139fa51a103cb6a2ce86ddb5c3,-15387.62119,57,0.0,0.17543859649122806,24693.342631578947,1407520.53,0.8245614035087719,0.17543859649122806,47,10,0.049332210082514205,1513.4650547862525,-15387.62119,4.363636363636363,2025-03-12,Fear,34,Fear
2025-03-12,0xbee1707d6b44d4d52bfe19e41f8a828645437aab,8096.937709,553,0.4918625678119349,0.14828209764918626,1791.739095840868,990831.72,0.40325497287522605,0.596745027124774,223,330,99.06383670333547,55.45620693380834,0.0,0.676737160120846,2025-03-12,Fear,34,Fear
2025-03-13,0x23e7a7f8d14b550961925fbfdaa92f5d195ba5bd,-2315.377191,27,0.0,0.37037037037037035,4259.311481481482,115001.41,0.6296296296296297,0.37037037037037035,17,10,44.62568025981398,243.6244713504088,-2315.377191,1.6363636363636365,2025-03-13,Neutral,45,Neutral
2025-03-13,0x28736f43f1e871e6aa8b1148d38d4994275d72c4,465.046501,22,0.5454545454545454,0.045454545454545456,881.3063636363636,19388.739999999998,0.4090909090909091,0.5909090909090909,9,13,49.27679392574021,49.58972391298744,0.0,0.7142857142857143,2025-03-13,Neutral,45,Neutral
2025-03-13,0x2c229d22b100a7beb69122eed721cee9b24011dd,924.898908,25,0.04,0.32,4074.8460000000005,101871.15000000001,0.64,0.36,16,9,122.81187435444522,197.51530058423714,0.0,1.7,2025-03-13,Neutral,45,Neutral
2025-03-13,0x47add9a56df66b524d5e2c1993a43cde53b6ed85,-1.2672399999999993,9,0.2222222222222222,0.1111111111111111,364.46555555555557,3280.19,0.8888888888888888,0.1111111111111111,8,1,0.1786485451981524,5.452791326667267,-1.2672399999999993,4.5,2025-03-13,Neutral,45,Neutral
2025-03-13,0x4acb90e786d897ecffb614dc822eb231b4ffb9f4,0.0,15,0.0,0.0,4349.66,65244.9,1.0,0.0,15,0,0.010051589964955565,0.0,0.0,16.0,2025-03-13,Neutral,45,Neutral
2025-03-13,0x4f93fead39b70a1824f981a54d4e55b278e9f760,5770.595066,22,0.36363636363636365,0.0,28439.44318181818,625667.75,0.6363636363636364,0.36363636363636365,14,8,909.3956302981306,478.3566877997914,0.0,1.6666666666666667,2025-03-13,Neutral,45,Neutral
2025-03-13,0x75f7eeb85dc639d5e99c78f95393aa9a5f1170d4,216.69714,20,0.05,0.0,3998.917,79978.34,0.05,0.95,1,19,243.15616741319732,48.45495355697887,0.0,0.1,2025-03-13,Neutral,45,Neutral
2025-03-13,0x8170715b3b381dffb7062c0298972d4727a0a63b,0.0,37,0.0,0.0,1891.8805405405406,69999.58,0.7027027027027027,0.2972972972972973,26,11,43.86517079005015,0.0,0.0,2.25,2025-03-13,Neutral,45,Neutral
2025-03-13,0x8477e447846c758f5a675856001ea72298fd9cb5,0.0,11,0.0,0.0,383.9627272727273,4223.59,1.0,0.0,11,0,0.1223575423696476,0.0,0.0,12.0,2025-03-13,Neutral,45,Neutral
2025-03-13,0xb1231a4a2dd02f2276fa3c5e2a2f3436e6bfed23,0.0,42,0.0,0.0,1190.9719047619049,50020.82,1.0,0.0,42,0,0.003396694173777927,0.0,0.0,43.0,2025-03-13,Neutral,45,Neutral
2025-03-13,0xb899e522b5715391ae1d4f137653e7906c5e2115,3896.9493979999997,41,0.5609756097560976,0.0,27309.887804878046,1119705.4,0.5609756097560976,0.43902439024390244,23,18,1149.0004652778712,267.0010677287692,0.0,1.263157894736842,2025-03-13,Neutral,45,Neutral
2025-03-13,0xbaaaf6571ab7d571043ff1e313a9609a10637864,66.447417,1,1.0,0.0,22791.99,22791.99,0.0,1.0,0,1,0.009614074505069087,0.0,0.0,0.5,2025-03-13,Neutral,45,Neutral
2025-03-13,0xbee1707d6b44d4d52bfe19e41f8a828645437aab,5090.880874,690,0.5681159420289855,0.043478260869565216,1461.4744347826086,1008417.36,0.4144927536231884,0.5855072463768116,286,404,97.8483805602314,22.471916733448356,0.0,0.7086419753086419,2025-03-13,Neutral,45,Neutral
2025-03-14,0x28736f43f1e871e6aa8b1148d38d4994275d72c4,0.0,4,0.0,0.0,262.4975,1049.99,0.75,0.25,3,1,0.02285387574448063,0.0,0.0,2.0,2025-03-14,Fear,27,Fear
2025-03-14,0x420ab45e0bd8863569a5efbb9c05d91f40624641,16017.255710000001,8,1.0,0.0,1201.78,9614.24,1.0,0.0,8,0,0.2847056266152148,3277.1685112743385,0.0,9.0,2025-03-14,Fear,27,Fear
2025-03-14,0x4f93fead39b70a1824f981a54d4e55b278e9f760,11039.384571,25,0.4,0.0,22036.92,550923.0,0.0,1.0,0,25,16.227946932427102,654.0866216836376,0.0,0.038461538461538464,2025-03-14,Fear,27,Fear
2025-03-14,0x8170715b3b381dffb7062c0298972d4727a0a63b,584.05178,1,1.0,0.0,9999.89,9999.89,0.0,1.0,0,1,0.15692939405253653,0.0,0.0,0.5,2025-03-14,Fear,27,Fear
2025-03-14,0x8477e447846c758f5a675856001ea72298fd9cb5,364.03788,5,1.0,0.0,1317.608,6588.04,0.0,1.0,0,5,0.5389901597495026,50.903916005245414,0.0,0.16666666666666666,2025-03-14,Fear,27,Fear
2025-03-14,0xa0feb3725a9335f49874d7cd8eaad6be45b27416,0.0,8,0.0,0.0,874.97875,6999.83,1.0,0.0,8,0,0.008068009530156966,0.0,0.0,9.0,2025-03-14,Fear,27,Fear
2025-03-14,0xb1231a4a2dd02f2276fa3c5e2a2f3436e6bfed23,22911.093812,323,1.0,0.0,1309.496439628483,422967.35,0.0,1.0,0,323,0.019879277241070196,118.3089005182503,0.0,0.0030864197530864196,2025-03-14,Fear,27,Fear
2025-03-14,0xb899e522b5715391ae1d4f137653e7906c5e2115,1188.74187,82,0.5609756097560976,0.0,40522.281463414634,3322827.08,0.5609756097560976,0.43902439024390244,46,36,9.459793868900485,24.713778349423755,0.0,1.2702702702702702,2025-03-14,Fear,27,Fear
2025-03-14,0xbaaaf6571ab7d571043ff1e313a9609a10637864,16591.266757,1662,0.8892900120336944,0.0,2140.244061371841,3557085.63,0.11070998796630566,0.8892900120336944,184,1478,0.004611093579407686,30.123688859087192,0.0,0.1250845165652468,2025-03-14,Fear,27,Fear
2025-03-14,0xbee1707d6b44d4d52bfe19e41f8a828645437aab,-49.67229100000003,92,0.17391304347826086,0.3804347826086957,1729.6968478260867,159132.11,0.5217391304347826,0.4782608695652174,48,44,256.8873937694743,28.99372128132634,-49.67229100000003,1.0888888888888888,2025-03-14,Fear,27,Fear
2025-03-15,0x420ab45e0bd8863569a5efbb9c05d91f40624641,74293.663505,25,1.0,0.0,3134.3723999999997,78359.31,1.0,0.0,25,0,0.05181154442151487,3758.7303525529123,0.0,26.0,2025-03-15,Neutral,46,Neutral
2025-03-15,0x47add9a56df66b524d5e2c1993a43cde53b6ed85,202.313183,36,0.8333333333333334,0.027777777777777776,837.4561111111111,30148.420000000002,0.08333333333333333,0.9166666666666666,3,33,0.28785359631285323,14.732857012906361,0.0,0.11764705882352941,2025-03-15,Neutral,46,Neutral
2025-03-15,0x4f93fead39b70a1824f981a54d4e55b278e9f760,575.945518,8,0.875,0.0,17424.6975,139397.58,1.0,0.0,8,0,2500.174421228585,116.09519199482078,0.0,9.0,2025-03-15,Neutral,46,Neutral
2025-03-15,0x72c6a4624e1dffa724e6d00d64ceae698af892a0,0.0,1,0.0,0.0,5925.5,5925.5,0.0,1.0,0,1,5925.5,0.0,0.0,0.5,2025-03-15,Neutral,46,Neutral
2025-03-15,0x75f7eeb85dc639d5e99c78f95393aa9a5f1170d4,500.116094,33,0.21212121212121213,0.696969696969697,1352.128787878788,44620.25,0.9090909090909091,0.09090909090909091,30,3,682.2236549606337,62.509914915471946,0.0,7.75,2025-03-15,Neutral,46,Neutral
2025-03-15,0x8170715b3b381dffb7062c0298972d4727a0a63b,763.755281,18,0.16666666666666666,0.5555555555555556,2222.1133333333332,39998.04,0.0,1.0,0,18,0.01784069032337866,131.97268971511852,0.0,0.05263157894736842,2025-03-15,Neutral,46,Neutral
2025-03-15,0xb899e522b5715391ae1d4f137653e7906c5e2115,594.5722,65,0.5692307692307692,0.0,29067.860615384616,1889410.94,0.5692307692307692,0.4307692307692308,37,28,5657.161618913913,15.944069518286227,0.0,1.3103448275862069,2025-03-15,Neutral,46,Neutral
2025-03-15,0xbee1707d6b44d4d52bfe19e41f8a828645437aab,1764.258791,75,0.6133333333333333,0.0,1705.1933333333334,127889.5,0.68,0.32,51,24,177.13331591523718,53.53507633503815,0.0,2.08,2025-03-15,Neutral,46,Neutral
2025-03-16,0x28736f43f1e871e6aa8b1148d38d4994275d72c4,106.912886,27,0.6666666666666666,0.0,618.9422222222222,16711.44,0.3333333333333333,0.6666666666666666,9,18,55.813029542622154,11.332797359817478,0.0,0.5263157894736842,2025-03-16,Fear,30,Fear
2025-03-16,0x47add9a56df66b524d5e2c1993a43cde53b6ed85,-6.342484000000001,7,0.2857142857142857,0.42857142857142855,569.8328571428572,3988.83,0.8571428571428571,0.14285714285714285,6,1,21.973076297609378,10.39430379263815,-6.342484000000001,3.5,2025-03-16,Fear,30,Fear
2025-03-16,0x4f93fead39b70a1824f981a54d4e55b278e9f760,144.99309,6,0.3333333333333333,0.0,26689.39,160136.34,0.6666666666666666,0.3333333333333333,4,2,3332.7818105604233,42.834826031804425,0.0,1.6666666666666667,2025-03-16,Fear,30,Fear
2025-03-16,0x75f7eeb85dc639d5e99c78f95393aa9a5f1170d4,941.32505,15,0.9333333333333333,0.0,2071.034666666667,31065.52,0.06666666666666667,0.9333333333333333,1,14,1004.322041607493,55.60903850364332,0.0,0.13333333333333333,2025-03-16,Fear,30,Fear
2025-03-16,0x8170715b3b381dffb7062c0298972d4727a0a63b,8368.226125000001,7,0.8571428571428571,0.14285714285714285,2856.945714285714,19998.62,0.8571428571428571,0.14285714285714285,6,1,0.013149390463787077,1798.069073332833,0.0,3.5,2025-03-16,Fear,30,Fear
2025-03-16,0xaf40fdc468c30116bd3307bcbf4a451a7ebf1deb,-1017.424213,125,0.144,0.2,5323.34248,665417.81,0.656,0.344,82,43,54.6860798233974,79.6261457694055,-1017.424213,1.8863636363636365,2025-03-16,Fear,30,Fear
2025-03-16,0xb899e522b5715391ae1d4f137653e7906c5e2115,-16453.702941,246,0.21138211382113822,0.2682926829268293,37204.39219512195,9152280.48,0.4105691056910569,0.5894308943089431,101,145,1480.065836267116,1119.206451450492,-16453.702941,0.6986301369863014,2025-03-16,Fear,30,Fear
2025-03-16,0xbee1707d6b44d4d52bfe19e41f8a828645437aab,5.068941999999993,97,0.1134020618556701,0.020618556701030927,1426.0048453608247,138322.47,0.979381443298969,0.020618556701030927,95,2,124.33911629726988,20.099010702695463,0.0,32.0,2025-03-16,Fear,30,Fear
2025-03-17,0x28736f43f1e871e6aa8b1148d38d4994275d72c4,0.0,2,0.0,0.0,653.5999999999999,1307.1999999999998,1.0,0.0,2,0,0.019207902236960006,0.0,0.0,3.0,2025-03-17,Fear,32,Fear
2025-03-17,0x39cef799f8b69da1995852eea189df24eb5cae3c,17926.355742,205,0.5219512195121951,0.0,1908.0640975609756,391153.14,0.5219512195121951,0.47804878048780486,107,98,3.600547858970445,220.01171588997093,0.0,1.0909090909090908,2025-03-17,Fear,32,Fear
2025-03-17,0x47add9a56df66b524d5e2c1993a43cde53b6ed85,-31.277088,3,0.0,0.3333333333333333,705.3433333333334,2116.03,0.0,1.0,0,3,0.40079039637624403,18.057835176267613,-31.277088,0.25,2025-03-17,Fear,32,Fear
2025-03-17,0x4f93fead39b70a1824f981a54d4e55b278e9f760,2220.589556,11,0.7272727272727273,0.0,18384.756363636363,202232.32,0.09090909090909091,0.9090909090909091,1,10,1376.5962075038813,559.6144422448382,0.0,0.18181818181818182,2025-03-17,Fear,32,Fear
2025-03-17,0x513b8629fe877bb581bf244e326a047b249c4ff1,0.0,35,0.0,0.0,9144.806857142858,320068.24,1.0,0.0,35,0,208.93050196915965,0.0,0.0,36.0,2025-03-17,Fear,32,Fear
2025-03-17,0x75f7eeb85dc639d5e99c78f95393aa9a5f1170d4,5845.632627,152,0.9605263157894737,0.0,1292.3644736842105,196439.4,0.631578947368421,0.3684210526315789,96,56,638.2827241248134,60.60549581251054,0.0,1.7017543859649122,2025-03-17,Fear,32,Fear
2025-03-17,0x8170715b3b381dffb7062c0298972d4727a0a63b,0.0,72,0.0,0.0,1527.7720833333333,109999.59,0.0,1.0,0,72,0.005675042091315994,0.0,0.0,0.0136986301369863,2025-03-17,Fear,32,Fear
2025-03-17,0xaf40fdc468c30116bd3307bcbf4a451a7ebf1deb,-1646.3529,35,0.0,0.9428571428571428,9477.486,331712.01,0.05714285714285714,0.9428571428571428,2,33,0.05544990599926588,72.7893928656413,-1646.3529,0.08823529411764706,2025-03-17,Fear,32,Fear
2025-03-17,0xb1231a4a2dd02f2276fa3c5e2a2f3436e6bfed23,646.346496,113,0.26548672566371684,0.0,718.1312389380531,81148.83,0.7345132743362832,0.26548672566371684,83,30,17.779942380695854,14.341308398714858,0.0,2.7096774193548385,2025-03-17,Fear,32,Fear
2025-03-17,0xb899e522b5715391ae1d4f137653e7906c5e2115,812.52566,51,0.7254901960784313,0.0,31991.233333333337,1631552.9000000001,0.7254901960784313,0.27450980392156865,37,14,4877.498104147975,40.9884692487871,0.0,2.533333333333333,2025-03-17,Fear,32,Fear
2025-03-17,0xbee1707d6b44d4d52bfe19e41f8a828645437aab,390.08642000000003,241,0.36929460580912865,0.13278008298755187,1349.2339834024897,325165.39,0.4979253112033195,0.5020746887966805,120,121,2.4877444027998314,27.18731048627602,0.0,0.9918032786885246,2025-03-17,Fear,32,Fear
2025-03-18,0x28736f43f1e871e6aa8b1148d38d4994275d72c4,40.9165,15,0.4666666666666667,0.0,703.816,10557.24,0.8,0.2,12,3,101.94255898129617,4.5095792916962045,0.0,3.25,2025-03-18,Fear,34,Fear
2025-03-18,0x39cef799f8b69da1995852eea189df24eb5cae3c,238.31419899999997,283,0.18021201413427562,0.0,2061.155088339223,583306.89,0.18021201413427562,0.8197879858657244,51,232,0.5350911967589906,6.855029432288471,0.0,0.22317596566523606,2025-03-18,Fear,34,Fear
2025-03-18,0x420ab45e0bd8863569a5efbb9c05d91f40624641,63015.976505,5,1.0,0.0,22996.97,114984.85,0.8,0.2,4,1,0.9199521413979206,9569.510907983335,0.0,2.5,2025-03-18,Fear,34,Fear
2025-03-18,0x4f93fead39b70a1824f981a54d4e55b278e9f760,362.477712,44,0.022727272727272728,0.0,9083.757954545454,399685.35,0.9318181818181818,0.06818181818181818,41,3,454.71769574127035,54.645571162295674,0.0,10.5,2025-03-18,Fear,34,Fear
2025-03-18,0x513b8629fe877bb581bf244e326a047b249c4ff1,5429.87424,6,1.0,0.0,43103.988333333335,258623.93000000002,0.0,1.0,0,6,0.1788530396140027,2027.9839698377662,0.0,0.14285714285714285,2025-03-18,Fear,34,Fear
2025-03-18,0x75f7eeb85dc639d5e99c78f95393aa9a5f1170d4,82.269533,14,0.7142857142857143,0.0,610.3228571428572,8544.52,0.7142857142857143,0.2857142857142857,10,4,170.91769378174175,6.229745120698602,0.0,2.2,2025-03-18,Fear,34,Fear
2025-03-18,0x8170715b3b381dffb7062c0298972d4727a0a63b,0.0,59,0.0,0.0,1274.653559322034,75204.56,0.0,1.0,0,59,0.0035532408767307306,0.0,0.0,0.016666666666666666,2025-03-18,Fear,34,Fear
2025-03-18,0x8477e447846c758f5a675856001ea72298fd9cb5,185.307189,24,0.5,0.0,445.26666666666665,10686.4,0.5,0.5,12,12,169.82161722755492,11.312747612330412,0.0,1.0,2025-03-18,Fear,34,Fear
2025-03-18,0xae5eacaf9c6b9111fd53034a602c192a04e082ed,0.0,38,0.0,0.0,2461.443421052632,93534.85,1.0,0.0,38,0,0.009500303660916393,0.0,0.0,39.0,2025-03-18,Fear,34,Fear
2025-03-18,0xaf40fdc468c30116bd3307bcbf4a451a7ebf1deb,0.0,21,0.0,0.0,3925.5247619047623,82436.02,1.0,0.0,21,0,0.010963805755599701,0.0,0.0,22.0,2025-03-18,Fear,34,Fear
2025-03-18,0xb899e522b5715391ae1d4f137653e7906c5e2115,1157.213435,32,0.34375,0.0,49549.2075,1585574.64,0.34375,0.65625,11,21,830.1204246686248,74.9300955749628,0.0,0.5454545454545454,2025-03-18,Fear,34,Fear
2025-03-18,0xbd5fead7180a9c139fa51a103cb6a2ce86ddb5c3,-120.432,27,0.0,0.037037037037037035,17589.48851851852,474916.19,0.6296296296296297,0.37037037037037035,17,10,168.85386761887773,23.177149206348336,-120.432,1.6363636363636365,2025-03-18,Fear,34,Fear
2025-03-18,0xbee1707d6b44d4d52bfe19e41f8a828645437aab,1930.871511,266,0.31954887218045114,0.21428571428571427,1325.5640225563911,352600.03,0.46616541353383456,0.5338345864661654,124,142,60.49537257900464,28.514288632459877,0.0,0.8741258741258742,2025-03-18,Fear,34,Fear
2025-03-19,0x28736f43f1e871e6aa8b1148d38d4994275d72c4,54.9718,33,0.9090909090909091,0.0,539.8872727272727,17816.28,0.09090909090909091,0.9090909090909091,3,30,0.07689719619944022,2.522402106681555,0.0,0.12903225806451613,2025-03-19,Fear,32,Fear
2025-03-19,0x39cef799f8b69da1995852eea189df24eb5cae3c,909.907336,119,0.01680672268907563,0.0,2421.7106722689077,288183.57,0.01680672268907563,0.9831932773109243,2,117,0.008024950427731846,74.39753312743335,0.0,0.025423728813559324,2025-03-19,Fear,32,Fear
2025-03-19,0x420ab45e0bd8863569a5efbb9c05d91f40624641,0.0,58,0.0,0.0,5839.154827586207,338670.98,0.3620689655172414,0.6379310344827587,21,37,123.13748934743195,0.0,0.0,0.5789473684210527,2025-03-19,Fear,32,Fear
2025-03-19,0x47add9a56df66b524d5e2c1993a43cde53b6ed85,-2.8135689999999993,12,0.16666666666666666,0.4166666666666667,485.3908333333334,5824.6900000000005,0.08333333333333333,0.9166666666666666,1,11,0.16132220007331236,3.7181041619062816,-2.8135689999999993,0.16666666666666666,2025-03-19,Fear,32,Fear
2025-03-19,0x4f93fead39b70a1824f981a54d4e55b278e9f760,1438.717656,29,0.9655172413793104,0.0,11776.706206896552,341524.48,0.034482758620689655,0.9655172413793104,1,28,689.8458453717648,85.88419054921327,0.0,0.06896551724137931,2025-03-19,Fear,32,Fear
2025-03-19,0x513b8629fe877bb581bf244e326a047b249c4ff1,13272.411278,133,0.15037593984962405,0.17293233082706766,6491.884887218045,863420.6900000001,0.518796992481203,0.48120300751879697,69,64,176.96644382050465,340.4692070028226,0.0,1.0769230769230769,2025-03-19,Fear,32,Fear
2025-03-19,0x75f7eeb85dc639d5e99c78f95393aa9a5f1170d4,106.886191,43,0.9069767441860465,0.06976744186046512,1166.1046511627908,50142.5,0.023255813953488372,0.9767441860465116,1,42,581.9118722229274,5.329431749858582,0.0,0.046511627906976744,2025-03-19,Fear,32,Fear
2025-03-19,0x8170715b3b381dffb7062c0298972d4727a0a63b,3036.68886,109,0.08256880733944955,0.0,1511.8720183486237,164794.05,0.0,1.0,0,109,0.014560326141510392,109.93001985221476,0.0,0.00909090909090909,2025-03-19,Fear,32,Fear
2025-03-19,0x8477e447846c758f5a675856001ea72298fd9cb5,0.0,9,0.0,0.0,598.3033333333333,5384.73,0.0,1.0,0,9,557.3710926506254,0.0,0.0,0.1,2025-03-19,Fear,32,Fear
2025-03-19,0xaf40fdc468c30116bd3307bcbf4a451a7ebf1deb,5304.480047,162,0.691358024691358,0.0,4703.033148148148,761891.37,0.30864197530864196,0.691358024691358,50,112,0.028178741204705555,133.4258385973992,0.0,0.45132743362831856,2025-03-19,Fear,32,Fear
2025-03-19,0xbd5fead7180a9c139fa51a103cb6a2ce86ddb5c3,0.0,26,0.0,0.0,4414.302692307692,114771.87,0.6923076923076923,0.3076923076923077,18,8,0.033711666156313415,0.0,0.0,2.111111111111111,2025-03-19,Fear,32,Fear
2025-03-19,0xbee1707d6b44d4d52bfe19e41f8a828645437aab,5253.432742,879,0.4880546075085324,0.08304891922639362,1873.024300341297,1646388.36,0.45164960182025027,0.5483503981797497,397,482,11.051336217614708,35.49455935212995,0.0,0.8240165631469979,2025-03-19,Fear,32,Fear
2025-03-20,0x28736f43f1e871e6aa8b1148d38d4994275d72c4,144.656157,20,0.5,0.1,1620.353,32407.06,0.3,0.7,6,14,108.81352073242893,30.03725079343667,0.0,0.4666666666666667,2025-03-20,Neutral,49,Neutral
2025-03-20,0x39cef799f8b69da1995852eea189df24eb5cae3c,0.0,82,0.0,0.0,607.7802439024391,49837.98,0.0,1.0,0,82,0.0014778839391955299,0.0,0.0,0.012048192771084338,2025-03-20,Neutral,49,Neutral
2025-03-20,0x47add9a56df66b524d5e2c1993a43cde53b6ed85,-147.78931200000002,20,0.7,0.15,769.2385,15384.77,0.45,0.55,9,11,0.24154177073138666,54.61322929061201,-147.78931200000002,0.8333333333333334,2025-03-20,Neutral,49,Neutral
2025-03-20,0x4acb90e786d897ecffb614dc822eb231b4ffb9f4,4839.59228,195,0.7743589743589744,0.0,3233.520923076923,630536.58,0.22564102564102564,0.7743589743589744,44,151,2.623277449248795,67.5626697399128,0.0,0.29605263157894735,2025-03-20,Neutral,49,Neutral
2025-03-20,0x4f93fead39b70a1824f981a54d4e55b278e9f760,0.0,8,0.0,0.0,14999.98875,119999.91,1.0,0.0,8,0,2501.00442536714,0.0,0.0,9.0,2025-03-20,Neutral,49,Neutral
2025-03-20,0x513b8629fe877bb581bf244e326a047b249c4ff1,3865.013572,75,1.0,0.0,1391.7530666666667,104381.48,0.0,1.0,0,75,0.07667293021337018,65.85477860110026,0.0,0.013157894736842105,2025-03-20,Neutral,49,Neutral
2025-03-20,0x75f7eeb85dc639d5e99c78f95393aa9a5f1170d4,646.76766,32,0.96875,0.0,965.8490625,30907.17,0.03125,0.96875,1,31,472.8892018624991,32.3394015961215,0.0,0.0625,2025-03-20,Neutral,49,Neutral
2025-03-20,0x8170715b3b381dffb7062c0298972d4727a0a63b,652.062115,12,0.25,0.16666666666666666,7589.970833333334,91079.65000000001,0.0,1.0,0,12,0.1544281011292889,393.19143705154937,0.0,0.07692307692307693,2025-03-20,Neutral,49,Neutral
2025-03-20,0x8477e447846c758f5a675856001ea72298fd9cb5,65.297516,11,0.6363636363636364,0.36363636363636365,483.58363636363634,5319.42,1.0,0.0,11,0,0.8084069535214592,10.245021571191764,0.0,12.0,2025-03-20,Neutral,49,Neutral
2025-03-20,0xaf40fdc468c30116bd3307bcbf4a451a7ebf1deb,0.0,1,0.0,0.0,84870.0,84870.0,1.0,0.0,1,0,84870.0,0.0,0.0,2.0,2025-03-20,Neutral,49,Neutral
2025-03-20,0xb1231a4a2dd02f2276fa3c5e2a2f3436e6bfed23,824.5402799999999,30,0.3333333333333333,0.0,1638.5426666666667,49156.28,0.3333333333333333,0.6666666666666666,10,20,3.7158702207020604,60.44328959131666,0.0,0.5238095238095238,2025-03-20,Neutral,49,Neutral
2025-03-20,0xb899e522b5715391ae1d4f137653e7906c5e2115,38.9845,2,0.5,0.0,2217.9049999999997,4435.8099999999995,0.5,0.5,1,1,1099.7047769780415,27.56620431116696,0.0,1.0,2025-03-20,Neutral,49,Neutral
2025-03-20,0xbee1707d6b44d4d52bfe19e41f8a828645437aab,-682.2653320000001,283,0.045936395759717315,0.4028268551236749,1533.3633215547704,433941.82,0.519434628975265,0.48056537102473496,147,136,81.86572698183564,18.58628951355743,-682.2653320000001,1.0802919708029197,2025-03-20,Neutral,49,Neutral
2025-03-21,0x28736f43f1e871e6aa8b1148d38d4994275d72c4,0.5844,12,0.08333333333333333,0.0,187.86083333333332,2254.33,0.8333333333333334,0.16666666666666666,10,2,6.430965975469072,0.16870174865720866,0.0,3.6666666666666665,2025-03-21,Fear,31,Fear
2025-03-21,0x2c229d22b100a7beb69122eed721cee9b24011dd,1215.774424,74,0.7162162162162162,0.0,1528.0594594594593,113076.4,0.28378378378378377,0.7162162162162162,21,53,19.13899423503528,23.419176195752723,0.0,0.4074074074074074,2025-03-21,Fear,31,Fear
2025-03-21,0x39cef799f8b69da1995852eea189df24eb5cae3c,0.0,3,0.0,0.0,10058.62,30175.86,1.0,0.0,3,0,32.190507070743756,0.0,0.0,4.0,2025-03-21,Fear,31,Fear
2025-03-21,0x47add9a56df66b524d5e2c1993a43cde53b6ed85,39.1247,6,0.3333333333333333,0.0,494.46000000000004,2966.76,0.3333333333333333,0.6666666666666666,2,4,0.40908479483708177,11.148815815218521,0.0,0.6,2025-03-21,Fear,31,Fear
2025-03-21,0x4acb90e786d897ecffb614dc822eb231b4ffb9f4,0.0,17,0.0,0.0,1470.5794117647058,24999.85,1.0,0.0,17,0,0.03125537558408262,0.0,0.0,18.0,2025-03-21,Fear,31,Fear
2025-03-21,0x4f93fead39b70a1824f981a54d4e55b278e9f760,0.0,6,0.0,0.0,30000.725000000002,180004.35,1.0,0.0,6,0,0.16935453692746297,0.0,0.0,7.0,2025-03-21,Fear,31,Fear
2025-03-21,0x8477e447846c758f5a675856001ea72298fd9cb5,0.0,2,0.0,0.0,443.555,887.11,0.0,1.0,0,2,443.555,0.0,0.0,0.3333333333333333,2025-03-21,Fear,31,Fear
2025-03-21,0xb899e522b5715391ae1d4f137653e7906c5e2115,829.63013,28,0.5,0.0,55552.7575,1555477.21,0.5,0.5,14,14,1197.9618609138395,55.47924802344204,0.0,1.0,2025-03-21,Fear,31,Fear
2025-03-21,0xbee1707d6b44d4d52bfe19e41f8a828645437aab,4866.15672,550,0.5072727272727273,0.0,1152.8391272727274,634061.52,0.49636363636363634,0.5036363636363637,273,277,12.21385472291164,59.5076421198403,0.0,0.9856115107913669,2025-03-21,Fear,31,Fear
2025-03-22,0x28736f43f1e871e6aa8b1148d38d4994275d72c4,132.087931,17,0.5294117647058824,0.0,559.405294117647,9509.89,0.35294117647058826,0.6470588235294118,6,11,91.30708974547326,14.30249410051516,0.0,0.5833333333333334,2025-03-22,Fear,32,Fear
2025-03-22,0x47add9a56df66b524d5e2c1993a43cde53b6ed85,-1184.046158,11,0.0,1.0,340.78363636363633,3748.62,0.0,1.0,0,11,0.006889587351583881,75.63764809670936,-1184.046158,0.08333333333333333,2025-03-22,Fear,32,Fear
2025-03-22,0x4acb90e786d897ecffb614dc822eb231b4ffb9f4,4350.379248,53,1.0,0.0,1308.6299999999999,69357.39,0.0,1.0,0,53,0.08027291996879121,177.1191246831773,0.0,0.018518518518518517,2025-03-22,Fear,32,Fear
2025-03-22,0x4f93fead39b70a1824f981a54d4e55b278e9f760,58.007635,24,1.0,0.0,12502.583333333334,300062.0,0.0,1.0,0,24,0.13087259965478398,4.92008010870636,0.0,0.04,2025-03-22,Fear,32,Fear
2025-03-22,0x75f7eeb85dc639d5e99c78f95393aa9a5f1170d4,4462.921835,63,0.9682539682539683,0.0,968.4492063492064,61012.3,0.9047619047619048,0.09523809523809523,57,6,516.7781789819621,62.392128222128946,0.0,8.285714285714286,2025-03-22,Fear,32,Fear
2025-03-22,0x8170715b3b381dffb7062c0298972d4727a0a63b,3082.76165,19,1.0,0.0,526.312105263158,9999.93,1.0,0.0,19,0,0.0009560091499578359,163.010147083544,0.0,20.0,2025-03-22,Fear,32,Fear
2025-03-22,0x8477e447846c758f5a675856001ea72298fd9cb5,-41.40918,4,0.0,0.5,287.38,1149.52,0.5,0.5,2,2,138.81329474762347,13.868342984945965,-41.40918,1.0,2025-03-22,Fear,32,Fear
2025-03-22,0xbee1707d6b44d4d52bfe19e41f8a828645437aab,1637.832293,344,0.2558139534883721,0.18604651162790697,1502.8190988372094,516969.77,0.4011627906976744,0.5988372093023255,138,206,19.839451795158915,51.97558282972612,0.0,0.6714975845410628,2025-03-22,Fear,32,Fear
2025-03-23,0x28736f43f1e871e6aa8b1148d38d4994275d72c4,79.086899,14,0.9285714285714286,0.0,840.6328571428572,11768.86,0.07142857142857142,0.9285714285714286,1,13,0.11813968939795413,6.556152798760439,0.0,0.14285714285714285,2025-03-23,Fear,30,Fear
2025-03-23,0x2c229d22b100a7beb69122eed721cee9b24011dd,514.5145660000001,15,0.6,0.0,919.33,13789.95,0.4,0.6,6,9,6.821556202813469,47.943314895968975,0.0,0.7,2025-03-23,Fear,30,Fear
2025-03-23,0x39cef799f8b69da1995852eea189df24eb5cae3c,4988.749429,93,0.5591397849462365,0.0,4121.473548387096,383297.04,0.5591397849462365,0.44086021505376344,52,41,1.6537801056267831,203.67834450085832,0.0,1.2619047619047619,2025-03-23,Fear,30,Fear
2025-03-23,0x47add9a56df66b524d5e2c1993a43cde53b6ed85,0.0,2,0.0,0.0,374.475,748.95,0.0,1.0,0,2,0.07293932695767553,0.0,0.0,0.3333333333333333,2025-03-23,Fear,30,Fear
2025-03-23,0x4acb90e786d897ecffb614dc822eb231b4ffb9f4,2897.148962,76,0.34210526315789475,0.0,3986.6614473684212,302986.27,0.6578947368421053,0.34210526315789475,50,26,36.36045040134834,107.61878661394302,0.0,1.8888888888888888,2025-03-23,Fear,30,Fear
2025-03-23,0x4f93fead39b70a1824f981a54d4e55b278e9f760,134.82844,10,0.9,0.0,4013.454,40134.54,0.1,0.9,1,9,2000.1620545808705,23.995110891749597,0.0,0.2,2025-03-23,Fear,30,Fear
2025-03-23,0x8170715b3b381dffb7062c0298972d4727a0a63b,3464.777168,2,1.0,0.0,4999.96,9999.92,1.0,0.0,2,0,0.009486470205511795,69.50231323978007,0.0,3.0,2025-03-23,Fear,30,Fear
2025-03-23,0x8477e447846c758f5a675856001ea72298fd9cb5,178.247768,37,0.2972972972972973,0.0,554.7635135135135,20526.25,0.2972972972972973,0.7027027027027027,11,26,193.4072416990941,9.148349448606078,0.0,0.4444444444444444,2025-03-23,Fear,30,Fear
2025-03-23,0xb899e522b5715391ae1d4f137653e7906c5e2115,907.21938,20,0.3,0.0,81858.2115,1637164.23,0.3,0.7,6,14,7632.936542853837,112.56753195051478,0.0,0.4666666666666667,2025-03-23,Fear,30,Fear
2025-03-23,0xbee1707d6b44d4d52bfe19e41f8a828645437aab,882.848973,178,0.10112359550561797,0.0,972.4924719101124,173103.66,0.9044943820224719,0.09550561797752809,161,17,40.817845697507714,26.207701570783772,0.0,9.0,2025-03-23,Fear,30,Fear
2025-03-24,0x083384f897ee0f19899168e3b1bec365f52a9012,40200.0,5,0.8,0.0,79640.0,398200.0,0.8,0.2,4,1,0.11053848649890419,14208.156622797855,0.0,2.5,2025-03-24,Neutral,45,Neutral
2025-03-24,0x28736f43f1e871e6aa8b1148d38d4994275d72c4,808.135252,45,0.6888888888888889,0.0,1334.7422222222222,60063.4,0.24444444444444444,0.7555555555555555,11,34,121.55933064337704,31.09447470146161,0.0,0.34285714285714286,2025-03-24,Neutral,45,Neutral
2025-03-24,0x39cef799f8b69da1995852eea189df24eb5cae3c,3896.627832,20,1.0,0.0,1703.6174999999998,34072.35,0.0,1.0,0,20,0.12540422872189363,335.9663374128281,0.0,0.047619047619047616,2025-03-24,Neutral,45,Neutral
2025-03-24,0x47add9a56df66b524d5e2c1993a43cde53b6ed85,-216.431703,25,0.4,0.16,545.196,13629.9,0.32,0.68,8,17,3.4766991373044154,58.59231753158436,-216.431703,0.5,2025-03-24,Neutral,45,Neutral
2025-03-24,0x4acb90e786d897ecffb614dc822eb231b4ffb9f4,48946.705539,185,1.0,0.0,6360.884432432433,1176763.62,0.0,1.0,0,185,0.019910716426399393,1105.2029702178943,0.0,0.005376344086021506,2025-03-24,Neutral,45,Neutral
2025-03-24,0x4f93fead39b70a1824f981a54d4e55b278e9f760,0.0,14,0.0,0.0,4285.6335714285715,59998.869999999995,0.0,1.0,0,14,1144.1251399606185,0.0,0.0,0.06666666666666667,2025-03-24,Neutral,45,Neutral
2025-03-24,0x75f7eeb85dc639d5e99c78f95393aa9a5f1170d4,80.95313,26,0.8461538461538461,0.038461538461538464,179.39076923076925,4664.160000000001,0.8846153846153846,0.11538461538461539,23,3,91.49274029300499,4.655383255748741,0.0,6.0,2025-03-24,Neutral,45,Neutral
2025-03-24,0x7f4f299f74eec87806a830e3caa9afa5f2b9db8f,-869.145978,2,0.0,1.0,8449.470000000001,16898.940000000002,0.0,1.0,0,2,0.9465776007337875,484.0672994616615,-869.145978,0.3333333333333333,2025-03-24,Neutral,45,Neutral
2025-03-24,0x8170715b3b381dffb7062c0298972d4727a0a63b,2838.532396,47,0.8723404255319149,0.1276595744680851,2021.1748936170213,94995.22,0.19148936170212766,0.8085106382978723,9,38,0.014773408793613427,130.8372302778416,0.0,0.2564102564102564,2025-03-24,Neutral,45,Neutral
2025-03-24,0x8477e447846c758f5a675856001ea72298fd9cb5,0.0,78,0.0,0.0,559.9092307692307,43672.92,0.0,1.0,0,78,135.04171830719537,0.0,0.0,0.012658227848101266,2025-03-24,Neutral,45,Neutral
2025-03-24,0xaf40fdc468c30116bd3307bcbf4a451a7ebf1deb,5070.619785,23,0.7391304347826086,0.0,15004.912173913042,345112.98,0.2608695652173913,0.7391304347826086,6,17,196.62609165520462,665.2542917318879,0.0,0.3888888888888889,2025-03-24,Neutral,45,Neutral
2025-03-24,0xb1231a4a2dd02f2276fa3c5e2a2f3436e6bfed23,0.0,57,0.0,0.0,1314.4001754385965,74920.81,0.0,1.0,0,57,8.884685287906144,0.0,0.0,0.017241379310344827,2025-03-24,Neutral,45,Neutral
2025-03-24,0xbee1707d6b44d4d52bfe19e41f8a828645437aab,7122.965048,500,0.604,0.052,1389.18776,694593.88,0.304,0.696,152,348,62.48895334025253,41.896734506006055,0.0,0.4383954154727794,2025-03-24,Neutral,45,Neutral
2025-03-25,0x28736f43f1e871e6aa8b1148d38d4994275d72c4,417.38885700000003,33,0.36363636363636365,0.0,530.670303030303,17512.12,0.6060606060606061,0.3939393939393939,20,13,55.11422638388621,41.57576280718035,0.0,1.5,2025-03-25,Neutral,46,Neutral
2025-03-25,0x2c229d22b100a7beb69122eed721cee9b24011dd,-3323.090682,211,0.018957345971563982,0.3222748815165877,2000.0732701421803,422015.46,0.6587677725118484,0.3412322274881517,139,72,4.540819155464142,42.85730086840185,-3323.090682,1.917808219178082,2025-03-25,Neutral,46,Neutral
2025-03-25,0x39cef799f8b69da1995852eea189df24eb5cae3c,0.0,1,0.0,0.0,100176.1,100176.1,0.0,1.0,0,1,100176.1,0.0,0.0,0.5,2025-03-25,Neutral,46,Neutral
2025-03-25,0x420ab45e0bd8863569a5efbb9c05d91f40624641,0.0,11,0.0,0.0,9047.907272727272,99526.98,0.0,1.0,0,11,1406.493464143053,0.0,0.0,0.08333333333333333,2025-03-25,Neutral,46,Neutral
2025-03-25,0x47add9a56df66b524d5e2c1993a43cde53b6ed85,87.95347999999998,3,0.3333333333333333,0.6666666666666666,377.80999999999995,1133.4299999999998,0.3333333333333333,0.6666666666666666,1,2,0.10054116472575218,164.10298279290427,0.0,0.6666666666666666,2025-03-25,Neutral,46,Neutral
2025-03-25,0x4acb90e786d897ecffb614dc822eb231b4ffb9f4,30531.101000000002,50,1.0,0.0,12797.315200000001,639865.76,0.0,1.0,0,50,0.09691761775931214,891.7050264090415,0.0,0.0196078431372549,2025-03-25,Neutral,46,Neutral
2025-03-25,0x4f93fead39b70a1824f981a54d4e55b278e9f760,217.47456799999998,9,0.5555555555555556,0.0,13309.063333333334,119781.57,1.0,0.0,9,0,2222.5125986342878,59.655211906000446,0.0,10.0,2025-03-25,Neutral,46,Neutral
2025-03-25,0x75f7eeb85dc639d5e99c78f95393aa9a5f1170d4,520.971268,29,0.896551724137931,0.034482758620689655,2614.2506896551727,75813.27,0.5172413793103449,0.4827586206896552,15,14,1303.4850581929597,29.09911901125281,0.0,1.0666666666666667,2025-03-25,Neutral,46,Neutral
2025-03-25,0x8170715b3b381dffb7062c0298972d4727a0a63b,2164.09548,6,1.0,0.0,6666.248333333334,39997.490000000005,0.0,1.0,0,6,0.08861947833099759,243.65785593738656,0.0,0.14285714285714285,2025-03-25,Neutral,46,Neutral
2025-03-25,0x8477e447846c758f5a675856001ea72298fd9cb5,994.196069,36,0.6944444444444444,0.027777777777777776,1272.072777777778,45794.62,0.7222222222222222,0.2777777777777778,26,10,28.410295296319433,60.21230370283162,0.0,2.4545454545454546,2025-03-25,Neutral,46,Neutral
2025-03-25,0xaf40fdc468c30116bd3307bcbf4a451a7ebf1deb,0.0,1,0.0,0.0,87100.0,87100.0,1.0,0.0,1,0,87100.0,0.0,0.0,2.0,2025-03-25,Neutral,46,Neutral
2025-03-25,0xb899e522b5715391ae1d4f137653e7906c5e2115,-836.051084,95,0.23157894736842105,0.2631578947368421,35299.146315789476,3353418.9,0.49473684210526314,0.5052631578947369,47,48,191.43957823727354,74.9026330246262,-836.051084,0.9795918367346939,2025-03-25,Neutral,46,Neutral
2025-03-25,0xbee1707d6b44d4d52bfe19e41f8a828645437aab,1256.867824,306,0.4411764705882353,0.02287581699346405,1210.40545751634,370384.07,0.5359477124183006,0.46405228758169936,164,142,9.942505892955701,13.307142320392606,0.0,1.1538461538461537,2025-03-25,Neutral,46,Neutral
2025-03-26,0x28736f43f1e871e6aa8b1148d38d4994275d72c4,379.04079,35,0.45714285714285713,0.0,637.0742857142857,22297.6,0.4857142857142857,0.5142857142857142,17,18,0.13903662552427754,19.799678461175436,0.0,0.9473684210526315,2025-03-26,Neutral,47,Neutral
2025-03-26,0x2c229d22b100a7beb69122eed721cee9b24011dd,2323.99174,65,0.7538461538461538,0.0,1894.7783076923076,123160.59,0.24615384615384617,0.7538461538461538,16,49,13.60320197753282,108.47562411965055,0.0,0.34,2025-03-26,Neutral,47,Neutral
2025-03-26,0x39cef799f8b69da1995852eea189df24eb5cae3c,3782.33025,28,1.0,0.0,2294.2153571428576,64238.030000000006,1.0,0.0,28,0,0.006573841248760689,437.52900530648134,0.0,29.0,2025-03-26,Neutral,47,Neutral
2025-03-26,0x47add9a56df66b524d5e2c1993a43cde53b6ed85,69.285,3,0.3333333333333333,0.0,749.9666666666667,2249.9,1.0,0.0,3,0,0.06945497012156025,40.00171340080322,0.0,4.0,2025-03-26,Neutral,47,Neutral
2025-03-26,0x4acb90e786d897ecffb614dc822eb231b4ffb9f4,9261.449882,140,0.6071428571428571,0.0,4924.3603571428575,689410.4500000001,0.39285714285714285,0.6071428571428571,55,85,42.74645720216656,137.51593021185485,0.0,0.6511627906976745,2025-03-26,Neutral,47,Neutral
2025-03-26,0x4f93fead39b70a1824f981a54d4e55b278e9f760,980.433384,10,0.6,0.0,20075.693,200756.93,0.4,0.6,4,6,6000.226286502316,138.30418014116015,0.0,0.7142857142857143,2025-03-26,Neutral,47,Neutral
2025-03-26,0x6d6a4b953f202f8df5bed40692e7fd865318264a,413.304033,18,0.1111111111111111,0.0,875.7783333333333,15764.01,0.8888888888888888,0.1111111111111111,16,2,137.3666902685787,73.72058015389678,0.0,5.666666666666667,2025-03-26,Neutral,47,Neutral
2025-03-26,0x75f7eeb85dc639d5e99c78f95393aa9a5f1170d4,96.945218,79,0.31645569620253167,0.02531645569620253,1384.9248101265823,109409.06,0.35443037974683544,0.6455696202531646,28,51,316.16747129160365,4.072583707104331,0.0,0.5576923076923077,2025-03-26,Neutral,47,Neutral
2025-03-26,0x7f4f299f74eec87806a830e3caa9afa5f2b9db8f,0.0,3,0.0,0.0,5632.456666666668,16897.370000000003,1.0,0.0,3,0,2000.8234260774723,0.0,0.0,4.0,2025-03-26,Neutral,47,Neutral
2025-03-26,0x8170715b3b381dffb7062c0298972d4727a0a63b,619.572648,1,1.0,0.0,9998.76,9998.76,0.0,1.0,0,1,0.1892607872389096,0.0,0.0,0.5,2025-03-26,Neutral,47,Neutral
2025-03-26,0x8381e6d82f1affd39a336e143e081ef7620a3b7f,0.0,1,0.0,0.0,1134.46,1134.46,1.0,0.0,1,0,0.016689619516903335,0.0,0.0,2.0,2025-03-26,Neutral,47,Neutral
2025-03-26,0x8477e447846c758f5a675856001ea72298fd9cb5,27.5033,9,0.1111111111111111,0.0,744.4566666666666,6700.11,0.1111111111111111,0.8888888888888888,1,8,61.85545213698408,9.167766666666665,0.0,0.2222222222222222,2025-03-26,Neutral,47,Neutral
2025-03-26,0xaf40fdc468c30116bd3307bcbf4a451a7ebf1deb,2087.063794,27,0.1111111111111111,0.0,16199.963333333333,437399.01,0.8888888888888888,0.1111111111111111,24,3,6439.511869969899,280.97864111628263,0.0,6.25,2025-03-26,Neutral,47,Neutral
2025-03-26,0xb1231a4a2dd02f2276fa3c5e2a2f3436e6bfed23,2597.947325,38,1.0,0.0,1903.2236842105262,72322.5,1.0,0.0,38,0,0.09925476018456791,94.28114516605378,0.0,39.0,2025-03-26,Neutral,47,Neutral
2025-03-26,0xb899e522b5715391ae1d4f137653e7906c5e2115,-774.039828,91,0.0,0.6263736263736264,10956.067912087912,997002.1799999999,0.37362637362637363,0.6263736263736264,34,57,9.619348911114391,24.79635841657893,-774.039828,0.603448275862069,2025-03-26,Neutral,47,Neutral
2025-03-26,0xbd5fead7180a9c139fa51a103cb6a2ce86ddb5c3,0.0,3,0.0,0.0,32793.78333333333,98381.35,0.6666666666666666,0.3333333333333333,2,1,2043.8773008120536,0.0,0.0,1.5,2025-03-26,Neutral,47,Neutral
2025-03-26,0xbee1707d6b44d4d52bfe19e41f8a828645437aab,-6062.660109,2551,0.2297138377107017,0.28145825166601335,1854.422602900823,4730632.06,0.511172089376715,0.488827910623285,1304,1247,52.169307858994614,69.96135892167419,-6062.660109,1.0456730769230769,2025-03-26,Neutral,47,Neutral
2025-03-27,0x28736f43f1e871e6aa8b1148d38d4994275d72c4,-133.035992,38,0.15789473684210525,0.07894736842105263,1857.9734210526317,70602.99,0.7631578947368421,0.23684210526315788,29,9,391.3147699590762,81.16410244765842,-133.035992,3.0,2025-03-27,Fear,40,Fear
2025-03-27,0x39cef799f8b69da1995852eea189df24eb5cae3c,6504.316844999999,178,0.16853932584269662,0.0,1543.4331460674157,274731.1,0.16853932584269662,0.8314606741573034,30,148,0.004770011585337282,369.67227972001905,0.0,0.2080536912751678,2025-03-27,Fear,40,Fear
2025-03-27,0x4f93fead39b70a1824f981a54d4e55b278e9f760,4329.319769,40,0.4,0.0,19609.212,784368.48,0.6,0.4,24,16,500.2077140205039,286.5832087906678,0.0,1.4705882352941178,2025-03-27,Fear,40,Fear
2025-03-27,0x513b8629fe877bb581bf244e326a047b249c4ff1,0.0,77,0.0,0.0,2064.410909090909,158959.64,1.0,0.0,77,0,0.742606134823586,0.0,0.0,78.0,2025-03-27,Fear,40,Fear
2025-03-27,0x6d6a4b953f202f8df5bed40692e7fd865318264a,154.257092,23,0.6521739130434783,0.0,550.3630434782609,12658.35,0.34782608695652173,0.6521739130434783,8,15,108.53929552204161,13.986202537107472,0.0,0.5625,2025-03-27,Fear,40,Fear
2025-03-27,0x8170715b3b381dffb7062c0298972d4727a0a63b,26714.79759,64,0.96875,0.0,1071.89515625,68601.29,0.96875,0.03125,62,2,0.002313519676650825,438.47381794330266,0.0,21.0,2025-03-27,Fear,40,Fear
2025-03-27,0x8477e447846c758f5a675856001ea72298fd9cb5,195.60777199999998,40,0.35,0.0,1138.75375,45550.15,0.35,0.65,14,26,51.931620152383765,10.029327217623692,0.0,0.5555555555555556,2025-03-27,Fear,40,Fear
2025-03-27,0xaf40fdc468c30116bd3307bcbf4a451a7ebf1deb,894.0,21,0.2857142857142857,0.0,16543.90380952381,347421.98,0.7142857142857143,0.2857142857142857,15,6,7.0899524332544654,97.14680971988722,0.0,2.2857142857142856,2025-03-27,Fear,40,Fear
2025-03-27,0xbaaaf6571ab7d571043ff1e313a9609a10637864,18422.612928,147,0.19727891156462585,0.0,5352.478163265307,786814.29,0.8027210884353742,0.19727891156462585,118,29,0.10970056110262541,437.836478913492,0.0,3.966666666666667,2025-03-27,Fear,40,Fear
2025-03-27,0xbd5fead7180a9c139fa51a103cb6a2ce86ddb5c3,0.0,21,0.0,0.0,24814.283809523808,521099.95999999996,1.0,0.0,21,0,0.04889921448403733,0.0,0.0,22.0,2025-03-27,Fear,40,Fear
2025-03-27,0xbee1707d6b44d4d52bfe19e41f8a828645437aab,1743.483217,136,0.6176470588235294,0.0,1246.1119852941176,169471.23,0.5588235294117647,0.4411764705882353,76,60,47.88765527312312,23.594845801491278,0.0,1.2622950819672132,2025-03-27,Fear,40,Fear
2025-03-28,0x23e7a7f8d14b550961925fbfdaa92f5d195ba5bd,0.0,42,0.0,0.0,1460.115,61324.83,1.0,0.0,42,0,8.019546860653273,0.0,0.0,43.0,2025-03-28,Fear,44,Fear
2025-03-28,0x28736f43f1e871e6aa8b1148d38d4994275d72c4,-21.766132,41,0.024390243902439025,0.07317073170731707,876.1812195121952,35923.43,0.9024390243902439,0.0975609756097561,37,4,3.7247330843493485,3.001300828726396,-21.766132,7.6,2025-03-28,Fear,44,Fear
2025-03-28,0x4f93fead39b70a1824f981a54d4e55b278e9f760,0.0,10,0.0,0.0,19998.763,199987.63,1.0,0.0,10,0,2000.1675134958164,0.0,0.0,11.0,2025-03-28,Fear,44,Fear
2025-03-28,0x513b8629fe877bb581bf244e326a047b249c4ff1,1470.407794,84,1.0,0.0,1909.8789285714283,160429.83,0.0,1.0,0,84,0.05315123206510926,46.51803155925366,0.0,0.011764705882352941,2025-03-28,Fear,44,Fear
2025-03-28,0x6d6a4b953f202f8df5bed40692e7fd865318264a,0.0,12,0.0,0.0,227.225,2726.7,1.0,0.0,12,0,94.2091825993458,0.0,0.0,13.0,2025-03-28,Fear,44,Fear
2025-03-28,0x7f4f299f74eec87806a830e3caa9afa5f2b9db8f,1130.350383,6,1.0,0.0,3004.626666666667,18027.760000000002,0.0,1.0,0,6,0.3454589567686049,159.46958699483494,0.0,0.14285714285714285,2025-03-28,Fear,44,Fear
2025-03-28,0x8170715b3b381dffb7062c0298972d4727a0a63b,13956.614828,29,1.0,0.0,1137.9037931034482,32999.21,1.0,0.0,29,0,0.0028147207523840662,547.4860992776659,0.0,30.0,2025-03-28,Fear,44,Fear
2025-03-28,0x8477e447846c758f5a675856001ea72298fd9cb5,1617.77036,37,0.6756756756756757,0.0,1225.1743243243243,45331.45,0.6756756756756757,0.32432432432432434,25,12,109.61122090164427,71.56334687105864,0.0,2.0,2025-03-28,Fear,44,Fear
2025-03-28,0xaf40fdc468c30116bd3307bcbf4a451a7ebf1deb,1342.0,54,0.07407407407407407,0.0,6430.7037037037035,347258.0,0.9259259259259259,0.07407407407407407,50,4,4.77418782418297,108.160203587859,0.0,10.2,2025-03-28,Fear,44,Fear
2025-03-28,0xbaaaf6571ab7d571043ff1e313a9609a10637864,0.0,167,0.0,0.0,1783.29622754491,297810.47,1.0,0.0,167,0,0.026447820449871765,0.0,0.0,168.0,2025-03-28,Fear,44,Fear
2025-03-28,0xbee1707d6b44d4d52bfe19e41f8a828645437aab,1841.802102,246,0.3333333333333333,0.0,1143.3873983739836,281273.3,0.6544715447154471,0.34552845528455284,161,85,99.2433384704375,35.519024027337856,0.0,1.8837209302325582,2025-03-28,Fear,44,Fear
2025-03-29,0x23e7a7f8d14b550961925fbfdaa92f5d195ba5bd,-5018.466447,97,0.0,1.0,580.479381443299,56306.5,0.0,1.0,0,97,0.04990812431554892,72.44897659131982,-5018.466447,0.01020408163265306,2025-03-29,Fear,26,Fear
2025-03-29,0x28736f43f1e871e6aa8b1148d38d4994275d72c4,28.499012000000004,15,0.3333333333333333,0.0,468.65066666666667,7029.76,1.0,0.0,15,0,0.26028748412531444,4.492234965556802,0.0,16.0,2025-03-29,Fear,26,Fear
2025-03-29,0x4acb90e786d897ecffb614dc822eb231b4ffb9f4,314.6728,23,0.13043478260869565,0.0,15232.22,350341.06,0.8695652173913043,0.13043478260869565,20,3,6547.108433385412,62.50740451906635,0.0,5.25,2025-03-29,Fear,26,Fear
2025-03-29,0x4f93fead39b70a1824f981a54d4e55b278e9f760,0.0,8,0.0,0.0,27499.309999999998,219994.47999999998,1.0,0.0,8,0,0.10559312716569617,0.0,0.0,9.0,2025-03-29,Fear,26,Fear
2025-03-29,0x6d6a4b953f202f8df5bed40692e7fd865318264a,0.0,7,0.0,0.0,221.41285714285712,1549.8899999999999,1.0,0.0,7,0,152.12409361923076,0.0,0.0,8.0,2025-03-29,Fear,26,Fear
2025-03-29,0x75f7eeb85dc639d5e99c78f95393aa9a5f1170d4,133.123947,83,0.7951807228915663,0.18072289156626506,507.97253012048196,42161.72,0.024096385542168676,0.9759036144578314,2,81,253.22541235717765,3.5774068311305585,0.0,0.036585365853658534,2025-03-29,Fear,26,Fear
2025-03-29,0x8170715b3b381dffb7062c0298972d4727a0a63b,19573.830158,86,0.5116279069767442,0.0,1162.7798837209302,99999.07,1.0,0.0,86,0,1.8019072001330219,582.5668192329579,0.0,87.0,2025-03-29,Fear,26,Fear
2025-03-29,0x8477e447846c758f5a675856001ea72298fd9cb5,7.57416,10,0.2,0.0,721.253,7212.530000000001,0.2,0.8,2,8,252.0684413366561,2.320053034428308,0.0,0.3333333333333333,2025-03-29,Fear,26,Fear
2025-03-29,0xbaaaf6571ab7d571043ff1e313a9609a10637864,720.749699,600,0.41,0.0,2584.3467833333334,1550608.07,0.59,0.41,354,246,0.0034721014907444117,5.956737551391602,0.0,1.437246963562753,2025-03-29,Fear,26,Fear
2025-03-29,0xbee1707d6b44d4d52bfe19e41f8a828645437aab,-3661.1103980000003,965,0.31917098445595854,0.15958549222797927,1381.2940414507773,1332948.75,0.5212435233160622,0.47875647668393784,503,462,0.12036709978434558,88.46914728508148,-3661.1103980000003,1.0885529157667386,2025-03-29,Fear,26,Fear
2025-03-30,0x28736f43f1e871e6aa8b1148d38d4994275d72c4,-743.288757,44,0.022727272727272728,0.22727272727272727,726.7522727272727,31977.1,0.7045454545454546,0.29545454545454547,31,13,46.21131636005739,60.62424205136062,-743.288757,2.2857142857142856,2025-03-30,Fear,32,Fear
2025-03-30,0x47add9a56df66b524d5e2c1993a43cde53b6ed85,0.0,3,0.0,0.0,250.07333333333335,750.22,1.0,0.0,3,0,0.006440666812961783,0.0,0.0,4.0,2025-03-30,Fear,32,Fear
2025-03-30,0x4acb90e786d897ecffb614dc822eb231b4ffb9f4,5362.529222,21,1.0,0.0,12161.259047619047,255386.44,0.0,1.0,0,21,0.2217671918200521,516.5929445069233,0.0,0.045454545454545456,2025-03-30,Fear,32,Fear
2025-03-30,0x6d6a4b953f202f8df5bed40692e7fd865318264a,3.492534,6,0.16666666666666666,0.0,276.01,1656.06,0.6666666666666666,0.3333333333333333,4,2,91.56628771148308,1.4258210348869174,0.0,1.6666666666666667,2025-03-30,Fear,32,Fear
2025-03-30,0x8170715b3b381dffb7062c0298972d4727a0a63b,9683.820194,31,0.4838709677419355,0.06451612903225806,2259.391935483871,70041.15,0.9354838709677419,0.06451612903225806,29,2,3.5666370175319857,778.5459034845766,0.0,10.0,2025-03-30,Fear,32,Fear
2025-03-30,0x8477e447846c758f5a675856001ea72298fd9cb5,267.13403800000003,8,0.75,0.0,681.61,5452.88,0.75,0.25,6,2,63.33607093315691,25.903483369965816,0.0,2.3333333333333335,2025-03-30,Fear,32,Fear
2025-03-30,0xb899e522b5715391ae1d4f137653e7906c5e2115,685.277142,48,0.5,0.0,27852.182083333333,1336904.74,0.5,0.5,24,24,4.406481161932226,29.546488472128893,0.0,1.0,2025-03-30,Fear,32,Fear
2025-03-30,0xbaaaf6571ab7d571043ff1e313a9609a10637864,0.0,354,0.0,0.0,3000.0830508474573,1062029.4,1.0,0.0,354,0,0.001788091544373708,0.0,0.0,355.0,2025-03-30,Fear,32,Fear
2025-03-30,0xbee1707d6b44d4d52bfe19e41f8a828645437aab,536.150767,53,0.49056603773584906,0.0,1635.4145283018868,86676.97,0.5094339622641509,0.49056603773584906,27,26,5.037182990540582,21.841894466228243,0.0,1.037037037037037,2025-03-30,Fear,32,Fear
2025-03-31,0x23e7a7f8d14b550961925fbfdaa92f5d195ba5bd,716.143949,155,0.535483870967742,0.0,730.8744516129032,113285.54,0.4645161290322581,0.535483870967742,72,83,1.118169068637275,9.688391041261546,0.0,0.8690476190476191,2025-03-31,Fear,34,Fear
2025-03-31,0x28736f43f1e871e6aa8b1148d38d4994275d72c4,3.5652170000000005,52,0.1346153846153846,0.1346153846153846,375.1351923076923,19507.03,0.7692307692307693,0.23076923076923078,40,12,0.105695416512642,1.195502679902869,0.0,3.1538461538461537,2025-03-31,Fear,34,Fear
2025-03-31,0x47add9a56df66b524d5e2c1993a43cde53b6ed85,798.187528,16,0.3125,0.0,471.555,7544.88,0.9375,0.0625,15,1,93.94743873448711,92.57323465216317,0.0,8.0,2025-03-31,Fear,34,Fear
2025-03-31,0x4acb90e786d897ecffb614dc822eb231b4ffb9f4,4750.8109939999995,47,0.5531914893617021,0.0,9463.05744680851,444763.7,0.44680851063829785,0.5531914893617021,21,26,2255.7309403638465,210.8218654871926,0.0,0.8148148148148148,2025-03-31,Fear,34,Fear
2025-03-31,0x4f93fead39b70a1824f981a54d4e55b278e9f760,2112.5276,40,0.55,0.0,18052.58175,722103.27,0.45,0.55,18,22,1.6973409861013884,71.80398605502504,0.0,0.8260869565217391,2025-03-31,Fear,34,Fear
2025-03-31,0x6d6a4b953f202f8df5bed40692e7fd865318264a,0.0,1,0.0,0.0,149.99,149.99,1.0,0.0,1,0,149.99,0.0,0.0,2.0,2025-03-31,Fear,34,Fear
2025-03-31,0x75f7eeb85dc639d5e99c78f95393aa9a5f1170d4,1239.24045,52,0.9807692307692307,0.0,952.425,49526.1,0.019230769230769232,0.9807692307692307,1,51,464.3733737153902,36.24410177891853,0.0,0.038461538461538464,2025-03-31,Fear,34,Fear
2025-03-31,0x8170715b3b381dffb7062c0298972d4727a0a63b,5544.028638,8,0.75,0.0,4999.98625,39999.89,1.0,0.0,8,0,0.06712965072256774,1153.627997899335,0.0,9.0,2025-03-31,Fear,34,Fear
2025-03-31,0x8477e447846c758f5a675856001ea72298fd9cb5,92.902727,7,0.42857142857142855,0.0,510.28000000000003,3571.96,0.42857142857142855,0.5714285714285714,3,4,49.941013019836355,26.353360661957154,0.0,0.8,2025-03-31,Fear,34,Fear
2025-03-31,0xbaaaf6571ab7d571043ff1e313a9609a10637864,0.0,33,0.0,0.0,8569.022424242425,282777.74,1.0,0.0,33,0,0.0035779894419603886,0.0,0.0,34.0,2025-03-31,Fear,34,Fear
2025-03-31,0xbd5fead7180a9c139fa51a103cb6a2ce86ddb5c3,-8320.5,3,0.0,1.0,138666.66666666666,416000.0,0.0,1.0,0,3,0.1890857005089354,2476.724275977237,-8320.5,0.25,2025-03-31,Fear,34,Fear
2025-03-31,0xbee1707d6b44d4d52bfe19e41f8a828645437aab,41.27745400000002,81,0.691358024691358,0.2839506172839506,809.165061728395,65542.37,0.024691358024691357,0.9753086419753086,2,79,0.07776308946552503,24.993825103468055,0.0,0.0375,2025-03-31,Fear,34,Fear
2025-04-01,0x28736f43f1e871e6aa8b1148d38d4994275d72c4,768.351892,41,0.6585365853658537,0.04878048780487805,422.4107317073171,17318.84,0.34146341463414637,0.6585365853658537,14,27,0.12804406667356422,32.112421310826804,0.0,0.5357142857142857,2025-04-01,Fear,34,Fear
2025-04-01,0x2c229d22b100a7beb69122eed721cee9b24011dd,1334.414834,9,0.4444444444444444,0.0,1193.0444444444445,10737.4,0.5555555555555556,0.4444444444444444,5,4,122.17865351986273,178.51430751701113,0.0,1.2,2025-04-01,Fear,34,Fear
2025-04-01,0x47add9a56df66b524d5e2c1993a43cde53b6ed85,-680.287463,19,0.3157894736842105,0.631578947368421,247.43947368421055,4701.35,0.3157894736842105,0.6842105263157895,6,13,0.08816437318525505,94.80833335443964,-680.287463,0.5,2025-04-01,Fear,34,Fear
2025-04-01,0x4f93fead39b70a1824f981a54d4e55b278e9f760,1402.082488,20,0.4,0.0,7070.317,141406.34,0.6,0.4,12,8,508.41029084065786,147.97443880846453,0.0,1.4444444444444444,2025-04-01,Fear,34,Fear
2025-04-01,0x513b8629fe877bb581bf244e326a047b249c4ff1,0.0,13,0.0,0.0,13807.81,179501.53,1.0,0.0,13,0,4978.82996473183,0.0,0.0,14.0,2025-04-01,Fear,34,Fear
2025-04-01,0x6d6a4b953f202f8df5bed40692e7fd865318264a,132.71954399999998,14,0.2857142857142857,0.0,1954.3107142857145,27360.350000000002,0.2857142857142857,0.7142857142857143,4,10,971.6308134485026,21.6769032183043,0.0,0.45454545454545453,2025-04-01,Fear,34,Fear
2025-04-01,0x8170715b3b381dffb7062c0298972d4727a0a63b,4004.50286,13,0.9230769230769231,0.0,9495.466153846153,123441.06,0.0,1.0,0,13,0.19873979582189383,543.7057652517061,0.0,0.07142857142857142,2025-04-01,Fear,34,Fear
2025-04-01,0xbd5fead7180a9c139fa51a103cb6a2ce86ddb5c3,-9311.892185,28,0.0,0.7142857142857143,5608.603928571429,157040.91,0.7142857142857143,0.2857142857142857,20,8,3.7255615571753085,537.0609055434367,-9311.892185,2.3333333333333335,2025-04-01,Fear,34,Fear
2025-04-01,0xbee1707d6b44d4d52bfe19e41f8a828645437aab,147.445788,35,0.7714285714285715,0.0,1226.783142857143,42937.41,0.5142857142857142,0.4857142857142857,18,17,453.6049143505191,6.208546921496282,0.0,1.0555555555555556,2025-04-01,Fear,34,Fear
2025-04-02,0x28736f43f1e871e6aa8b1148d38d4994275d72c4,669.381363,70,0.6,0.0,414.13428571428574,28989.4,0.38571428571428573,0.6142857142857143,27,43,0.9288725191952775,11.36864792160545,0.0,0.6363636363636364,2025-04-02,Fear,44,Fear
2025-04-02,0x2c229d22b100a7beb69122eed721cee9b24011dd,1.1031579999999999,6,0.3333333333333333,0.16666666666666666,395.24,2371.44,0.5,0.5,3,3,11.389431853347075,0.36311273861965604,0.0,1.0,2025-04-02,Fear,44,Fear
2025-04-02,0x47add9a56df66b524d5e2c1993a43cde53b6ed85,93.006465,4,0.75,0.0,405.9275,1623.71,0.75,0.25,3,1,0.3185863340236576,21.383498296099425,0.0,2.0,2025-04-02,Fear,44,Fear
2025-04-02,0x4acb90e786d897ecffb614dc822eb231b4ffb9f4,444.205198,16,0.625,0.0,37473.885625,599582.17,0.625,0.375,10,6,5803.496984245448,90.37392478642859,0.0,1.5714285714285714,2025-04-02,Fear,44,Fear
2025-04-02,0x4f93fead39b70a1824f981a54d4e55b278e9f760,0.0,1,0.0,0.0,19999.7,19999.7,1.0,0.0,1,0,19999.7,0.0,0.0,2.0,2025-04-02,Fear,44,Fear
2025-04-02,0x6d6a4b953f202f8df5bed40692e7fd865318264a,234.497751,34,0.2647058823529412,0.0,1120.655,38102.27,0.4411764705882353,0.5588235294117647,15,19,331.7790545540412,17.054104180992795,0.0,0.8,2025-04-02,Fear,44,Fear
2025-04-02,0x75f7eeb85dc639d5e99c78f95393aa9a5f1170d4,90.98474,11,0.8181818181818182,0.0,2925.4536363636366,32179.99,0.8181818181818182,0.18181818181818182,9,2,436.16408202958013,16.397948286482674,0.0,3.3333333333333335,2025-04-02,Fear,44,Fear
2025-04-02,0x8170715b3b381dffb7062c0298972d4727a0a63b,8045.056928,7,1.0,0.0,2142.8557142857144,14999.990000000002,1.0,0.0,7,0,0.007230916255373581,1140.002388614911,0.0,8.0,2025-04-02,Fear,44,Fear
2025-04-02,0xbaaaf6571ab7d571043ff1e313a9609a10637864,188114.980392,743,1.0,0.0,3804.6953432032305,2826888.64,0.0,1.0,0,743,0.007392312293672921,919.3727257618843,0.0,0.0013440860215053765,2025-04-02,Fear,44,Fear
2025-04-02,0xbd5fead7180a9c139fa51a103cb6a2ce86ddb5c3,2676.6850000000004,66,0.9393939393939394,0.0,2821.9739393939394,186250.28,0.0,1.0,0,66,0.007673319580762697,271.1500366527638,0.0,0.014925373134328358,2025-04-02,Fear,44,Fear
2025-04-02,0xbee1707d6b44d4d52bfe19e41f8a828645437aab,1842.839943,118,0.6440677966101694,0.0,991.0424576271186,116943.01,0.4491525423728814,0.5508474576271186,53,65,8.653445237289105,49.936838868369556,0.0,0.8181818181818182,2025-04-02,Fear,44,Fear
2025-04-03,0x23e7a7f8d14b550961925fbfdaa92f5d195ba5bd,0.0,1,0.0,0.0,54768.6,54768.6,1.0,0.0,1,0,52483.0009951039,0.0,0.0,2.0,2025-04-03,Fear,25,Fear
2025-04-03,0x28736f43f1e871e6aa8b1148d38d4994275d72c4,149.51234499999998,85,0.11764705882352941,0.12941176470588237,453.3190588235294,38532.12,0.7529411764705882,0.24705882352941178,64,21,0.10013663410961651,12.38004825643518,0.0,2.9545454545454546,2025-04-03,Fear,25,Fear
2025-04-03,0x2c229d22b100a7beb69122eed721cee9b24011dd,160.127816,26,0.7307692307692307,0.0,739.3319230769231,19222.63,0.2692307692307692,0.7307692307692307,7,19,58.79291049211159,10.721378084813942,0.0,0.4,2025-04-03,Fear,25,Fear
2025-04-03,0x39cef799f8b69da1995852eea189df24eb5cae3c,0.0,142,0.0,0.0,4742.898943661972,673491.65,0.0,1.0,0,142,6.937677222082252,0.0,0.0,0.006993006993006993,2025-04-03,Fear,25,Fear
2025-04-03,0x47add9a56df66b524d5e2c1993a43cde53b6ed85,7.052034,14,0.14285714285714285,0.0,635.2357142857143,8893.3,0.8571428571428571,0.14285714285714285,12,2,0.26811065916759236,1.2828584167590764,0.0,4.333333333333333,2025-04-03,Fear,25,Fear
2025-04-03,0x4acb90e786d897ecffb614dc822eb231b4ffb9f4,0.0,60,0.0,0.0,16666.611,999996.66,1.0,0.0,60,0,1949.2916653467523,0.0,0.0,61.0,2025-04-03,Fear,25,Fear
2025-04-03,0x4f93fead39b70a1824f981a54d4e55b278e9f760,0.0,9,0.0,0.0,31104.344444444443,279939.1,1.0,0.0,9,0,0.4387149742438179,0.0,0.0,10.0,2025-04-03,Fear,25,Fear
2025-04-03,0x513b8629fe877bb581bf244e326a047b249c4ff1,0.0,49,0.0,0.0,2260.9597959183675,110787.03,1.0,0.0,49,0,0.011141597327776849,0.0,0.0,50.0,2025-04-03,Fear,25,Fear
2025-04-03,0x6d6a4b953f202f8df5bed40692e7fd865318264a,298.031364,20,0.25,0.0,922.9384999999999,18458.769999999997,0.95,0.05,19,1,206.03145600075126,36.44922977893334,0.0,10.0,2025-04-03,Fear,25,Fear
2025-04-03,0x8170715b3b381dffb7062c0298972d4727a0a63b,0.0,85,0.0,0.0,5629.0912941176475,478472.76,0.6823529411764706,0.3176470588235294,58,27,352.97636032915096,0.0,0.0,2.107142857142857,2025-04-03,Fear,25,Fear
2025-04-03,0x8477e447846c758f5a675856001ea72298fd9cb5,0.0,6,0.0,0.0,666.2016666666667,3997.21,1.0,0.0,6,0,166.88366094618985,0.0,0.0,7.0,2025-04-03,Fear,25,Fear
2025-04-03,0xaf40fdc468c30116bd3307bcbf4a451a7ebf1deb,2020.0,8,0.125,0.0,42527.5,340220.0,0.875,0.125,7,1,33.01997795549752,714.1778489984131,0.0,4.0,2025-04-03,Fear,25,Fear
2025-04-03,0xb1231a4a2dd02f2276fa3c5e2a2f3436e6bfed23,0.0,9,0.0,0.0,5555.549999999999,49999.95,1.0,0.0,9,0,995.6528307408992,0.0,0.0,10.0,2025-04-03,Fear,25,Fear
2025-04-03,0xb899e522b5715391ae1d4f137653e7906c5e2115,361.071464,24,0.2916666666666667,0.0,28371.712916666667,680921.11,0.5,0.5,12,12,2604.426767893573,54.5683227426453,0.0,1.0,2025-04-03,Fear,25,Fear
2025-04-03,0xbaaaf6571ab7d571043ff1e313a9609a10637864,3869.208803,937,0.5080042689434365,0.023479188900747065,4677.174855923159,4382512.84,0.46851654215581645,0.5314834578441836,439,498,179.63164566386092,17.779255870084842,0.0,0.8817635270541082,2025-04-03,Fear,25,Fear
2025-04-03,0xbd5fead7180a9c139fa51a103cb6a2ce86ddb5c3,-5862.0887760000005,12,0.0,1.0,7051.005833333334,84612.07,1.0,0.0,12,0,0.2647725239619606,541.5732947428777,-5862.0887760000005,13.0,2025-04-03,Fear,25,Fear
2025-04-03,0xbee1707d6b44d4d52bfe19e41f8a828645437aab,-3368.876326,261,0.0,0.26436781609195403,1706.5415708812259,445407.35,0.735632183908046,0.26436781609195403,192,69,33.26017236885205,58.34710211173354,-3368.876326,2.757142857142857,2025-04-03,Fear,25,Fear
2025-04-04,0x28736f43f1e871e6aa8b1148d38d4994275d72c4,498.73528200000004,100,0.56,0.07,280.5443,28054.43,0.33,0.67,33,67,30.943593158688433,11.232299157827459,0.0,0.5,2025-04-04,Fear,28,Fear
2025-04-04,0x39cef799f8b69da1995852eea189df24eb5cae3c,266.39774,34,1.0,0.0,19800.740588235294,673225.18,1.0,0.0,34,0,0.06210411971632661,37.77837218146134,0.0,35.0,2025-04-04,Fear,28,Fear
2025-04-04,0x3f9a0aadc7f04a7c9d75dc1b5a6ddd6e36486cf6,0.0,1,0.0,0.0,63727.4,63727.4,1.0,0.0,1,0,63727.4,0.0,0.0,2.0,2025-04-04,Fear,28,Fear
2025-04-04,0x47add9a56df66b524d5e2c1993a43cde53b6ed85,0.0,2,0.0,0.0,874.78,1749.56,1.0,0.0,2,0,0.11682830340244557,0.0,0.0,3.0,2025-04-04,Fear,28,Fear
2025-04-04,0x4acb90e786d897ecffb614dc822eb231b4ffb9f4,0.0,51,0.0,0.0,8264.040980392158,421466.09,1.0,0.0,51,0,2.362395529805315,0.0,0.0,52.0,2025-04-04,Fear,28,Fear
2025-04-04,0x4f93fead39b70a1824f981a54d4e55b278e9f760,4591.427138999999,21,0.6190476190476191,0.0,20216.697142857145,424550.64,0.38095238095238093,0.6190476190476191,8,13,1295.8458343318719,477.60584203111347,0.0,0.6428571428571429,2025-04-04,Fear,28,Fear
2025-04-04,0x6d6a4b953f202f8df5bed40692e7fd865318264a,392.35488599999996,60,0.15,0.0,626.296,37577.76,0.6,0.4,36,24,165.4331295811806,21.796859987621236,0.0,1.48,2025-04-04,Fear,28,Fear
2025-04-04,0x8170715b3b381dffb7062c0298972d4727a0a63b,4805.345609999999,68,0.10294117647058823,0.0,932.0805882352942,63381.48,0.17647058823529413,0.8235294117647058,12,56,0.013390315497924672,373.12245413385494,0.0,0.22807017543859648,2025-04-04,Fear,28,Fear
2025-04-04,0x8477e447846c758f5a675856001ea72298fd9cb5,586.623362,54,0.3148148148148148,0.0,483.5138888888889,26109.75,0.6666666666666666,0.3333333333333333,36,18,30.708173071115453,23.9940284603805,0.0,1.9473684210526316,2025-04-04,Fear,28,Fear
2025-04-04,0xb1231a4a2dd02f2276fa3c5e2a2f3436e6bfed23,2242.086667,99,0.6565656565656566,0.0,1138.8816161616162,112749.28,0.3434343434343434,0.6565656565656566,34,65,2.0511328123680874,37.759491854380705,0.0,0.5303030303030303,2025-04-04,Fear,28,Fear
2025-04-04,0xb899e522b5715391ae1d4f137653e7906c5e2115,0.0,6,0.0,0.0,16948.606666666667,101691.64,1.0,0.0,6,0,173.95734345192446,0.0,0.0,7.0,2025-04-04,Fear,28,Fear
2025-04-04,0xbaaaf6571ab7d571043ff1e313a9609a10637864,9367.872074,318,0.6792452830188679,0.006289308176100629,2198.7353773584905,699197.85,0.31446540880503143,0.6855345911949685,100,218,0.1332371283380871,79.20988484046617,0.0,0.4611872146118721,2025-04-04,Fear,28,Fear
2025-04-04,0xbd5fead7180a9c139fa51a103cb6a2ce86ddb5c3,-43753.361578,132,0.18181818181818182,0.26515151515151514,5448.201969696969,719162.6599999999,0.18181818181818182,0.8181818181818182,24,108,1.6694392095244805,1739.2663732424483,-43753.361578,0.22935779816513763,2025-04-04,Fear,28,Fear
2025-04-04,0xbee1707d6b44d4d52bfe19e41f8a828645437aab,-4513.160132,326,0.15950920245398773,0.4662576687116564,1419.9448159509202,462902.01,0.37423312883435583,0.6257668711656442,122,204,0.010518750584459606,62.63286968399225,-4513.160132,0.6,2025-04-04,Fear,28,Fear
2025-04-05,0x28736f43f1e871e6aa8b1148d38d4994275d72c4,177.049662,56,0.6071428571428571,0.07142857142857142,331.27535714285716,18551.420000000002,0.32142857142857145,0.6785714285714286,18,38,45.77525694135415,7.103732773073323,0.0,0.48717948717948717,2025-04-05,Fear,30,Fear
2025-04-05,0x3f9a0aadc7f04a7c9d75dc1b5a6ddd6e36486cf6,562.1943200000001,19,1.0,0.0,3383.65,64289.35,0.0,1.0,0,19,0.23519500387985354,28.783774021236344,0.0,0.05,2025-04-05,Fear,30,Fear
2025-04-05,0x47add9a56df66b524d5e2c1993a43cde53b6ed85,-132.88134,25,0.4,0.04,586.6572,14666.43,0.16,0.84,4,21,0.21341240651115478,39.52322007002916,-132.88134,0.22727272727272727,2025-04-05,Fear,30,Fear
2025-04-05,0x4acb90e786d897ecffb614dc822eb231b4ffb9f4,31134.240601999998,102,1.0,0.0,5175.765784313725,527928.11,0.0,1.0,0,102,0.03799074333759783,522.4767919563814,0.0,0.009708737864077669,2025-04-05,Fear,30,Fear
2025-04-05,0x513b8629fe877bb581bf244e326a047b249c4ff1,0.0,34,0.0,0.0,2537.0485294117643,86259.65,1.0,0.0,34,0,0.00846791392391448,0.0,0.0,35.0,2025-04-05,Fear,30,Fear
2025-04-05,0x6d6a4b953f202f8df5bed40692e7fd865318264a,41.479757,17,0.6470588235294118,0.058823529411764705,1026.9088235294118,17457.45,0.7058823529411765,0.29411764705882354,12,5,500.2231535662167,4.745011587896464,0.0,2.1666666666666665,2025-04-05,Fear,30,Fear
2025-04-05,0x8477e447846c758f5a675856001ea72298fd9cb5,0.0,4,0.0,0.0,624.745,2498.98,0.0,1.0,0,4,51.47063856363182,0.0,0.0,0.2,2025-04-05,Fear,30,Fear
2025-04-05,0xaf40fdc468c30116bd3307bcbf4a451a7ebf1deb,2400.0,8,0.125,0.0,41637.49875,333099.99,0.875,0.125,7,1,2332.76581547767,848.5281374238571,0.0,4.0,2025-04-05,Fear,30,Fear
2025-04-05,0xb899e522b5715391ae1d4f137653e7906c5e2115,611.49348,5,1.0,0.0,20460.626,102303.13,0.0,1.0,0,5,0.40686763625152533,136.37770028758672,0.0,0.16666666666666666,2025-04-05,Fear,30,Fear
2025-04-05,0xbee1707d6b44d4d52bfe19e41f8a828645437aab,1113.761229,90,0.3,0.0,1116.7745555555557,100509.71,0.7,0.3,63,27,0.00923161800960391,61.23977780781365,0.0,2.2857142857142856,2025-04-05,Fear,30,Fear
2025-04-06,0x28736f43f1e871e6aa8b1148d38d4994275d72c4,-476.77056300000004,74,0.36486486486486486,0.14864864864864866,387.5243243243243,28676.8,0.5405405405405406,0.4594594594594595,40,34,33.42620751911981,68.17859138393948,-476.77056300000004,1.1714285714285715,2025-04-06,Fear,34,Fear
2025-04-06,0x3998f134d6aaa2b6a5f723806d00fd2bbbbce891,0.0,19,0.0,0.0,2105.072105263158,39996.37,0.0,1.0,0,19,2.973814345406185,0.0,0.0,0.05,2025-04-06,Fear,34,Fear
2025-04-06,0x39cef799f8b69da1995852eea189df24eb5cae3c,24553.541149999997,68,0.3088235294117647,0.0,2824.8166176470586,192087.53,0.3088235294117647,0.6911764705882353,21,47,0.011091367121441419,1211.9834966030032,0.0,0.4583333333333333,2025-04-06,Fear,34,Fear
2025-04-06,0x3f9a0aadc7f04a7c9d75dc1b5a6ddd6e36486cf6,0.0,21,0.0,0.0,3060.3452380952376,64267.24999999999,0.9523809523809523,0.047619047619047616,20,1,5.28153739393122,0.0,0.0,10.5,2025-04-06,Fear,34,Fear
2025-04-06,0x47add9a56df66b524d5e2c1993a43cde53b6ed85,-1400.5515480000001,15,0.26666666666666666,0.2,661.3813333333333,9920.72,0.4,0.6,6,9,0.18042504522287073,260.53219436328,-1400.5515480000001,0.7,2025-04-06,Fear,34,Fear
2025-04-06,0x4acb90e786d897ecffb614dc822eb231b4ffb9f4,0.0,103,0.0,0.0,5508.490970873787,567374.5700000001,1.0,0.0,103,0,18.115721793324095,0.0,0.0,104.0,2025-04-06,Fear,34,Fear
2025-04-06,0x4f93fead39b70a1824f981a54d4e55b278e9f760,0.0,7,0.0,0.0,25710.512857142858,179973.59,1.0,0.0,7,0,0.15182834507270984,0.0,0.0,8.0,2025-04-06,Fear,34,Fear
2025-04-06,0x6d6a4b953f202f8df5bed40692e7fd865318264a,207.98348199999998,22,0.45454545454545453,0.0,1384.9813636363635,30469.59,0.9090909090909091,0.09090909090909091,20,2,265.56824575750045,16.3457459686164,0.0,7.0,2025-04-06,Fear,34,Fear
2025-04-06,0x75f7eeb85dc639d5e99c78f95393aa9a5f1170d4,3370.85855,39,0.9230769230769231,0.0,3952.829230769231,154160.34,0.07692307692307693,0.9230769230769231,3,36,1933.3344547563574,169.74550077309462,0.0,0.10810810810810811,2025-04-06,Fear,34,Fear
2025-04-06,0x8170715b3b381dffb7062c0298972d4727a0a63b,17621.701092,14,0.5714285714285714,0.0,13571.328571428572,189998.6,1.0,0.0,14,0,0.033156070563787554,2706.8126544350253,0.0,15.0,2025-04-06,Fear,34,Fear
2025-04-06,0x8477e447846c758f5a675856001ea72298fd9cb5,67.080809,28,0.14285714285714285,0.0,443.69,12423.32,1.0,0.0,28,0,44.95061842319565,10.154401998861523,0.0,29.0,2025-04-06,Fear,34,Fear
2025-04-06,0xb899e522b5715391ae1d4f137653e7906c5e2115,254.093244,25,0.68,0.0,19103.7724,477594.31,0.32,0.68,8,17,1639.443137561337,15.483302867268838,0.0,0.5,2025-04-06,Fear,34,Fear
2025-04-06,0xbaaaf6571ab7d571043ff1e313a9609a10637864,1026.735896,499,0.34468937875751504,0.0,2739.437655310621,1366979.39,0.655310621242485,0.34468937875751504,327,172,3.6275776229056937,5.825502740081142,0.0,1.8959537572254335,2025-04-06,Fear,34,Fear
2025-04-06,0xbee1707d6b44d4d52bfe19e41f8a828645437aab,1828.77716,114,0.2894736842105263,0.0,2081.839298245614,237329.68,0.7105263157894737,0.2894736842105263,81,33,0.0132186235615714,47.79862105365401,0.0,2.411764705882353,2025-04-06,Fear,34,Fear
2025-04-07,0x28736f43f1e871e6aa8b1148d38d4994275d72c4,-19833.530157,150,0.18,0.5533333333333333,830.2844666666666,124542.67,0.26666666666666666,0.7333333333333333,40,110,40.30997654098645,672.3252190668616,-19833.530157,0.36936936936936937,2025-04-07,Extreme Fear,23,Fear
2025-04-07,0x3998f134d6aaa2b6a5f723806d00fd2bbbbce891,9485.86,61,0.3442622950819672,0.0,1811.634426229508,110509.7,0.3442622950819672,0.6557377049180327,21,40,26.048088508596333,574.6261456640511,0.0,0.5365853658536586,2025-04-07,Extreme Fear,23,Fear
2025-04-07,0x39cef799f8b69da1995852eea189df24eb5cae3c,25941.716413,929,0.31646932185145316,0.1797631862217438,3895.6048546824545,3619016.91,0.5145317545748116,0.48546824542518835,478,451,31.453241700257983,519.8908620300028,0.0,1.0597345132743363,2025-04-07,Extreme Fear,23,Fear
2025-04-07,0x47add9a56df66b524d5e2c1993a43cde53b6ed85,-5651.552238,48,0.14583333333333334,0.4166666666666667,569.6545833333333,27343.420000000002,0.4375,0.5625,21,27,0.09198724292314632,313.16728562815405,-5651.552238,0.7857142857142857,2025-04-07,Extreme Fear,23,Fear
2025-04-07,0x4acb90e786d897ecffb614dc822eb231b4ffb9f4,13642.628143,189,0.21164021164021163,0.0,7781.819788359788,1470763.94,0.7883597883597884,0.21164021164021163,149,40,0.02565169875551171,247.88367877132268,0.0,3.658536585365854,2025-04-07,Extreme Fear,23,Fear
2025-04-07,0x4f93fead39b70a1824f981a54d4e55b278e9f760,0.0,45,0.0,0.0,13332.73688888889,599973.16,1.0,0.0,45,0,0.026976199298256676,0.0,0.0,46.0,2025-04-07,Extreme Fear,23,Fear
2025-04-07,0x513b8629fe877bb581bf244e326a047b249c4ff1,-37999.868086,76,0.07894736842105263,0.631578947368421,6969.902236842105,529712.57,0.07894736842105263,0.9210526315789473,6,70,3.5441336912487644,2558.0811442574036,-37999.868086,0.09859154929577464,2025-04-07,Extreme Fear,23,Fear
2025-04-07,0x6d6a4b953f202f8df5bed40692e7fd865318264a,232.000726,51,0.13725490196078433,0.0392156862745098,990.5305882352941,50517.06,0.6274509803921569,0.37254901960784315,32,19,320.89566218500477,17.916825259693756,0.0,1.65,2025-04-07,Extreme Fear,23,Fear
2025-04-07,0x8170715b3b381dffb7062c0298972d4727a0a63b,0.0,51,0.0,0.0,2744.2062745098037,139954.52,0.0,1.0,0,51,10.196955563228888,0.0,0.0,0.019230769230769232,2025-04-07,Extreme Fear,23,Fear
2025-04-07,0x8381e6d82f1affd39a336e143e081ef7620a3b7f,-4968.487948,26,0.0,0.5769230769230769,7609.877692307693,197856.82,0.5384615384615384,0.46153846153846156,14,12,696.7276601056705,365.16835216096274,-4968.487948,1.1538461538461537,2025-04-07,Extreme Fear,23,Fear
2025-04-07,0x8477e447846c758f5a675856001ea72298fd9cb5,632.303024,270,0.27037037037037037,0.1111111111111111,1849.3804444444443,499332.72,0.5370370370370371,0.46296296296296297,145,125,31.297206554569225,15.763011362061691,0.0,1.1587301587301588,2025-04-07,Extreme Fear,23,Fear
2025-04-07,0x92f17e8d81a944691c10e753af1b1baae1a2cd0d,3425.96095,68,0.4852941176470588,0.0,9608.110294117647,653351.5,0.36764705882352944,0.6323529411764706,25,43,442.56232376783976,111.07920979145055,0.0,0.5909090909090909,2025-04-07,Extreme Fear,23,Fear
2025-04-07,0xaf40fdc468c30116bd3307bcbf4a451a7ebf1deb,0.0,17,0.0,0.0,2238.4694117647055,38053.979999999996,1.0,0.0,17,0,0.013873693232558874,0.0,0.0,18.0,2025-04-07,Extreme Fear,23,Fear
2025-04-07,0xb1231a4a2dd02f2276fa3c5e2a2f3436e6bfed23,3601.4274,80,0.475,0.0,1713.7372500000001,137098.98,0.525,0.475,42,38,46.8255458698542,105.805732224753,0.0,1.1025641025641026,2025-04-07,Extreme Fear,23,Fear
2025-04-07,0xb899e522b5715391ae1d4f137653e7906c5e2115,1291.1500099999998,113,0.26548672566371684,0.09734513274336283,23639.45185840708,2671258.06,0.6371681415929203,0.36283185840707965,72,41,2310.4479105604873,50.808439809137234,0.0,1.7380952380952381,2025-04-07,Extreme Fear,23,Fear
2025-04-07,0xbaaaf6571ab7d571043ff1e313a9609a10637864,2378.877324,146,0.3219178082191781,0.0,8733.045479452056,1275024.6400000001,0.678082191780822,0.3219178082191781,99,47,0.4562706454915024,48.80706041156718,0.0,2.0833333333333335,2025-04-07,Extreme Fear,23,Fear
2025-04-07,0xbd5fead7180a9c139fa51a103cb6a2ce86ddb5c3,51942.142881,108,0.2777777777777778,0.0,15608.295185185187,1685695.8800000001,0.5277777777777778,0.4722222222222222,57,51,0.1090817262705872,1639.2481692135902,0.0,1.1153846153846154,2025-04-07,Extreme Fear,23,Fear
2025-04-07,0xbee1707d6b44d4d52bfe19e41f8a828645437aab,-9593.258137,386,0.05181347150259067,0.5544041450777202,1632.7632383419689,630246.61,0.39378238341968913,0.6062176165803109,152,234,0.010806365792592846,101.8377576035094,-9593.258137,0.6510638297872341,2025-04-07,Extreme Fear,23,Fear
2025-04-08,0x28736f43f1e871e6aa8b1148d38d4994275d72c4,230.103259,65,0.36923076923076925,0.06153846153846154,279.894,18193.11,0.5538461538461539,0.4461538461538462,36,29,21.54120516175398,11.154894072754304,0.0,1.2333333333333334,2025-04-08,Extreme Fear,24,Fear
2025-04-08,0x39cef799f8b69da1995852eea189df24eb5cae3c,3366.444714,14,1.0,0.0,10183.131428571429,142563.84,1.0,0.0,14,0,0.03742873909745731,261.5971135264602,0.0,15.0,2025-04-08,Extreme Fear,24,Fear
2025-04-08,0x47add9a56df66b524d5e2c1993a43cde53b6ed85,-6745.027414,42,0.2619047619047619,0.47619047619047616,700.9559523809525,29440.15,0.35714285714285715,0.6428571428571429,15,27,0.18071076357859167,416.9444648622077,-6745.027414,0.5714285714285714,2025-04-08,Extreme Fear,24,Fear
2025-04-08,0x4acb90e786d897ecffb614dc822eb231b4ffb9f4,221.0,3,0.3333333333333333,0.0,52275.0,156825.0,0.3333333333333333,0.6666666666666666,1,2,22929.620503866157,127.5944094909073,0.0,0.6666666666666666,2025-04-08,Extreme Fear,24,Fear
2025-04-08,0x4f93fead39b70a1824f981a54d4e55b278e9f760,21114.136771999998,28,0.8571428571428571,0.0,38252.94535714285,1071082.47,0.14285714285714285,0.8571428571428571,4,24,1259.8271157640443,1358.2399324237365,0.0,0.2,2025-04-08,Extreme Fear,24,Fear
2025-04-08,0x513b8629fe877bb581bf244e326a047b249c4ff1,3131.840108,148,0.10810810810810811,0.0,9667.030743243244,1430720.55,0.8918918918918919,0.10810810810810811,132,16,0.5449158445084737,184.0909988645716,0.0,7.823529411764706,2025-04-08,Extreme Fear,24,Fear
2025-04-08,0x6d6a4b953f202f8df5bed40692e7fd865318264a,409.437344,32,0.375,0.0,1307.165,41829.28,0.375,0.625,12,20,236.55313302854447,29.181883654567027,0.0,0.6190476190476191,2025-04-08,Extreme Fear,24,Fear
2025-04-08,0x72743ae2822edd658c0c50608fd7c5c501b2afbd,0.0,77,0.0,0.0,2481.818051948052,191099.99,0.4805194805194805,0.5194805194805194,37,40,10.860850267611898,0.0,0.0,0.926829268292683,2025-04-08,Extreme Fear,24,Fear
2025-04-08,0x75f7eeb85dc639d5e99c78f95393aa9a5f1170d4,948.85929,43,0.9767441860465116,0.0,1116.5534883720932,48011.8,0.023255813953488372,0.9767441860465116,1,42,547.346402923882,33.953995436955466,0.0,0.046511627906976744,2025-04-08,Extreme Fear,24,Fear
2025-04-08,0x7f4f299f74eec87806a830e3caa9afa5f2b9db8f,246.8944,26,0.6153846153846154,0.0,2155.8880769230773,56053.090000000004,0.38461538461538464,0.6153846153846154,10,16,22.52240468224562,19.64135203196555,0.0,0.6470588235294118,2025-04-08,Extreme Fear,24,Fear
2025-04-08,0x8170715b3b381dffb7062c0298972d4727a0a63b,0.0,8,0.0,0.0,18749.877500000002,149999.02000000002,1.0,0.0,8,0,0.034145315555336474,0.0,0.0,9.0,2025-04-08,Extreme Fear,24,Fear
2025-04-08,0x8381e6d82f1affd39a336e143e081ef7620a3b7f,142.99159,23,0.43478260869565216,0.0,3984.7504347826084,91649.26,0.43478260869565216,0.5652173913043478,10,13,65.52239303551913,11.180549715645123,0.0,0.7857142857142857,2025-04-08,Extreme Fear,24,Fear
2025-04-08,0x8477e447846c758f5a675856001ea72298fd9cb5,81.035707,46,0.30434782608695654,0.0,828.6836956521738,38119.45,0.32608695652173914,0.6739130434782609,15,31,10.933256060422474,5.564742016203665,0.0,0.5,2025-04-08,Extreme Fear,24,Fear
2025-04-08,0xa520ded057a32086c40e7dd6ed4eb8efb82c00e0,-920.33629,1,0.0,1.0,1000.85,1000.85,0.0,1.0,0,1,0.005843063653791398,0.0,-920.33629,0.5,2025-04-08,Extreme Fear,24,Fear
2025-04-08,0xae5eacaf9c6b9111fd53034a602c192a04e082ed,0.0,33,0.0,0.0,2865.9021212121215,94574.77,1.0,0.0,33,0,15.316958091863185,0.0,0.0,34.0,2025-04-08,Extreme Fear,24,Fear
2025-04-08,0xb899e522b5715391ae1d4f137653e7906c5e2115,936.6942779999999,187,0.4117647058823529,0.26737967914438504,27027.108770053474,5054069.34,0.32085561497326204,0.679144385026738,60,127,2006.2737247743453,32.199702583640224,0.0,0.4765625,2025-04-08,Extreme Fear,24,Fear
2025-04-08,0xbee1707d6b44d4d52bfe19e41f8a828645437aab,11735.32104,167,0.7485029940119761,0.0,1521.912754491018,254159.43,0.25149700598802394,0.7485029940119761,42,125,55.05732843363112,139.64412569957577,0.0,0.3412698412698413,2025-04-08,Extreme Fear,24,Fear
2025-04-09,0x271b280974205ca63b716753467d5a371de622ab,16706.884912,797,0.37641154328732745,0.0075282308657465494,6131.710464240904,4886973.24,0.3450439146800502,0.6549560853199499,275,522,367.8513140247548,97.45225249813272,0.0,0.5277246653919694,2025-04-09,Extreme Fear,18,Fear
2025-04-09,0x28736f43f1e871e6aa8b1148d38d4994275d72c4,94.077376,53,0.22641509433962265,0.1320754716981132,244.56867924528302,12962.14,0.6415094339622641,0.3584905660377358,34,19,19.547127582437938,7.408182141065915,0.0,1.75,2025-04-09,Extreme Fear,18,Fear
2025-04-09,0x3998f134d6aaa2b6a5f723806d00fd2bbbbce891,0.0,30,0.0,0.0,1333.3193333333334,39999.58,0.0,1.0,0,30,0.03001788378154591,0.0,0.0,0.03225806451612903,2025-04-09,Extreme Fear,18,Fear
2025-04-09,0x39cef799f8b69da1995852eea189df24eb5cae3c,-77308.420095,617,0.23014586709886548,0.6223662884927067,4099.378930307941,2529316.8,0.8184764991896273,0.18152350081037277,505,112,281.2314494813128,725.590512730596,-77308.420095,4.477876106194691,2025-04-09,Extreme Fear,18,Fear
2025-04-09,0x3f9a0aadc7f04a7c9d75dc1b5a6ddd6e36486cf6,110.553364,19,1.0,0.0,3388.287368421053,64377.46000000001,0.0,1.0,0,19,0.09073339426465693,11.787854130929217,0.0,0.05,2025-04-09,Extreme Fear,18,Fear
2025-04-09,0x430f09841d65beb3f27765503d0f850b8bce7713,0.0,79,0.0,0.0,5570.2651898734175,440050.95,1.0,0.0,79,0,637.1219229532437,0.0,0.0,80.0,2025-04-09,Extreme Fear,18,Fear
2025-04-09,0x47add9a56df66b524d5e2c1993a43cde53b6ed85,-3911.273892,56,0.4642857142857143,0.35714285714285715,638.1583928571429,35736.87,0.48214285714285715,0.5178571428571429,27,29,0.09457431094315215,289.5739395471237,-3911.273892,0.9333333333333333,2025-04-09,Extreme Fear,18,Fear
2025-04-09,0x4acb90e786d897ecffb614dc822eb231b4ffb9f4,107892.62706,290,0.4724137931034483,0.020689655172413793,17935.84644827586,5201395.47,0.506896551724138,0.49310344827586206,147,143,81.10722217540527,1412.4623668956883,0.0,1.0277777777777777,2025-04-09,Extreme Fear,18,Fear
2025-04-09,0x4f93fead39b70a1824f981a54d4e55b278e9f760,25875.837656,45,0.5333333333333333,0.0,19464.35377777778,875895.92,0.4666666666666667,0.5333333333333333,21,24,0.08345670824153562,1349.7525977247265,0.0,0.88,2025-04-09,Extreme Fear,18,Fear
2025-04-09,0x513b8629fe877bb581bf244e326a047b249c4ff1,-36253.792726,122,0.680327868852459,0.03278688524590164,11281.935245901639,1376396.0999999999,0.03278688524590164,0.9672131147540983,4,118,17.16381777768013,3122.58903893995,-36253.792726,0.04201680672268908,2025-04-09,Extreme Fear,18,Fear
2025-04-09,0x6d6a4b953f202f8df5bed40692e7fd865318264a,1395.820542,60,0.4166666666666667,0.0,902.617,54157.02,0.21666666666666667,0.7833333333333333,13,47,147.79269195907952,44.177642729122404,0.0,0.2916666666666667,2025-04-09,Extreme Fear,18,Fear
2025-04-09,0x72743ae2822edd658c0c50608fd7c5c501b2afbd,33980.0,355,0.8788732394366198,0.0,8095.553154929577,2873921.37,0.12112676056338029,0.8788732394366198,43,312,389.4489926809966,277.1375789985492,0.0,0.14057507987220447,2025-04-09,Extreme Fear,18,Fear
2025-04-09,0x75f7eeb85dc639d5e99c78f95393aa9a5f1170d4,1593.7933500000001,15,0.4,0.0,3893.6853333333333,58405.28,0.4,0.6,6,9,20.78351741909628,189.3769434587758,0.0,0.7,2025-04-09,Extreme Fear,18,Fear
2025-04-09,0x7f4f299f74eec87806a830e3caa9afa5f2b9db8f,2975.927732,799,0.4693366708385482,0.007509386733416771,3494.2455444305383,2791902.19,0.4518147684605757,0.5481852315394243,361,438,274.45671295535993,31.232277315781484,0.0,0.8246013667425968,2025-04-09,Extreme Fear,18,Fear
2025-04-09,0x8170715b3b381dffb7062c0298972d4727a0a63b,-4058.8889249999997,54,0.3333333333333333,0.2037037037037037,8168.482037037037,441098.03,0.09259259259259259,0.9074074074074074,5,49,0.10190637130610618,301.65163031310436,-4058.8889249999997,0.12,2025-04-09,Extreme Fear,18,Fear
2025-04-09,0x8477e447846c758f5a675856001ea72298fd9cb5,500.847132,136,0.19117647058823528,0.007352941176470588,925.8802205882353,125919.70999999999,0.22058823529411764,0.7794117647058824,30,106,118.99623293148724,14.900883867493047,0.0,0.2897196261682243,2025-04-09,Extreme Fear,18,Fear
2025-04-09,0xae5eacaf9c6b9111fd53034a602c192a04e082ed,622.41079,13,0.46153846153846156,0.0,792.1807692307691,10298.349999999999,0.5384615384615384,0.46153846153846156,7,6,35.294880603015066,78.00151699772948,0.0,1.1428571428571428,2025-04-09,Extreme Fear,18,Fear
2025-04-09,0xb899e522b5715391ae1d4f137653e7906c5e2115,6800.812401,222,0.509009009009009,0.0,27989.12873873874,6213586.58,0.49099099099099097,0.509009009009009,109,113,509.05027543001626,94.15269361920228,0.0,0.9649122807017544,2025-04-09,Extreme Fear,18,Fear
2025-04-09,0xbd5fead7180a9c139fa51a103cb6a2ce86ddb5c3,-36400.46439,71,0.0,0.676056338028169,5228.704647887324,371238.03,1.0,0.0,71,0,0.054420566588660964,724.8167162234519,-36400.46439,72.0,2025-04-09,Extreme Fear,18,Fear
2025-04-09,0xbee1707d6b44d4d52bfe19e41f8a828645437aab,2503.69251,134,0.6268656716417911,0.17164179104477612,1143.0998507462687,153175.38,0.20149253731343283,0.7985074626865671,27,107,26.793830377254505,61.39969529842097,0.0,0.25925925925925924,2025-04-09,Extreme Fear,18,Fear
2025-04-10,0x271b280974205ca63b716753467d5a371de622ab,13264.043303999999,339,0.5575221238938053,0.12389380530973451,21898.95651917404,7423746.26,0.6814159292035398,0.3185840707964602,231,108,0.7853651775103128,136.6140502948754,0.0,2.128440366972477,2025-04-10,Fear,39,Fear
2025-04-10,0x28736f43f1e871e6aa8b1148d38d4994275d72c4,73.76740699999999,22,0.5,0.13636363636363635,166.24727272727273,3657.44,0.45454545454545453,0.5454545454545454,10,12,16.276801769513064,6.211897089846956,0.0,0.8461538461538461,2025-04-10,Fear,39,Fear
2025-04-10,0x39cef799f8b69da1995852eea189df24eb5cae3c,-831.2396219999999,306,0.5751633986928104,0.09803921568627451,5795.6883333333335,1773480.6300000001,0.3954248366013072,0.6045751633986928,121,185,2.5082898109672453,73.7616490661885,-831.2396219999999,0.6559139784946236,2025-04-10,Fear,39,Fear
2025-04-10,0x3f9a0aadc7f04a7c9d75dc1b5a6ddd6e36486cf6,0.0,6,0.0,0.0,10728.526666666667,64371.16,0.8333333333333334,0.16666666666666666,5,1,2651.503675504444,0.0,0.0,3.0,2025-04-10,Fear,39,Fear
2025-04-10,0x420ab45e0bd8863569a5efbb9c05d91f40624641,8720.984286,11,1.0,0.0,4002.4445454545453,44026.89,1.0,0.0,11,0,0.06434234370495324,928.087085588767,0.0,12.0,2025-04-10,Fear,39,Fear
2025-04-10,0x47add9a56df66b524d5e2c1993a43cde53b6ed85,258.032458,21,0.38095238095238093,0.047619047619047616,520.317619047619,10926.67,0.8571428571428571,0.14285714285714285,18,3,28.934952207240972,34.16737011587248,0.0,4.75,2025-04-10,Fear,39,Fear
2025-04-10,0x4acb90e786d897ecffb614dc822eb231b4ffb9f4,84856.33534,222,0.36036036036036034,0.0,26118.342432432433,5798272.0200000005,0.6396396396396397,0.36036036036036034,142,80,66.16979002579403,1468.7341155422089,0.0,1.7654320987654322,2025-04-10,Fear,39,Fear
2025-04-10,0x4f93fead39b70a1824f981a54d4e55b278e9f760,0.0,9,0.0,0.0,16655.645555555555,149900.81,1.0,0.0,9,0,61.487327407636776,0.0,0.0,10.0,2025-04-10,Fear,39,Fear
2025-04-10,0x513b8629fe877bb581bf244e326a047b249c4ff1,22908.117384,337,0.7240356083086054,0.005934718100890208,25584.4765578635,8621968.6,0.7626112759643917,0.23738872403560832,257,80,799.8443675083247,319.91449199981236,0.0,3.185185185185185,2025-04-10,Fear,39,Fear
2025-04-10,0x6d6a4b953f202f8df5bed40692e7fd865318264a,463.813132,18,0.5,0.0,1599.0455555555554,28782.82,0.7777777777777778,0.2222222222222222,14,4,278.18585410295213,47.94871795325236,0.0,3.0,2025-04-10,Fear,39,Fear
2025-04-10,0x72743ae2822edd658c0c50608fd7c5c501b2afbd,0.0,8,0.0,0.0,12530.401249999999,100243.20999999999,0.0,1.0,0,8,55.186860310589026,0.0,0.0,0.1111111111111111,2025-04-10,Fear,39,Fear
2025-04-10,0x7f4f299f74eec87806a830e3caa9afa5f2b9db8f,-372.76464,105,0.26666666666666666,0.3047619047619048,6134.571428571428,644130.0,0.3619047619047619,0.638095238095238,38,67,524.9714422919498,27.46045062736534,-372.76464,0.5735294117647058,2025-04-10,Fear,39,Fear
2025-04-10,0x8170715b3b381dffb7062c0298972d4727a0a63b,4596.960442,89,0.4943820224719101,0.02247191011235955,3151.4488764044945,280478.95,0.0,1.0,0,89,0.008519310102680911,314.75731438863136,0.0,0.011111111111111112,2025-04-10,Fear,39,Fear
2025-04-10,0x8477e447846c758f5a675856001ea72298fd9cb5,-103.71342200000002,314,0.267515923566879,0.28343949044585987,874.4072929936306,274563.89,0.5509554140127388,0.44904458598726116,173,141,26.61155248823677,9.785590706712037,-103.71342200000002,1.2253521126760563,2025-04-10,Fear,39,Fear
2025-04-10,0xa520ded057a32086c40e7dd6ed4eb8efb82c00e0,-965.1214130000001,3,0.0,1.0,534.0066666666667,1602.02,0.0,1.0,0,3,0.008258005086363316,210.81028358917612,-965.1214130000001,0.25,2025-04-10,Fear,39,Fear
2025-04-10,0xae5eacaf9c6b9111fd53034a602c192a04e082ed,5615.909695,19,1.0,0.0,2486.837368421053,47249.91,0.0,1.0,0,19,0.15789571138125202,565.020738698329,0.0,0.05,2025-04-10,Fear,39,Fear
2025-04-10,0xb899e522b5715391ae1d4f137653e7906c5e2115,-117.61638999999997,116,0.5517241379310345,0.017241379310344827,27220.127586206894,3157534.8,0.43103448275862066,0.5689655172413793,50,66,2966.2579642908395,65.0032950186331,-117.61638999999997,0.7611940298507462,2025-04-10,Fear,39,Fear
2025-04-10,0xbd5fead7180a9c139fa51a103cb6a2ce86ddb5c3,19858.73334,130,1.0,0.0,2053.538692307692,266960.02999999997,0.2153846153846154,0.7846153846153846,28,102,0.023742634807090178,352.71816637566116,0.0,0.2815533980582524,2025-04-10,Fear,39,Fear
2025-04-10,0xbee1707d6b44d4d52bfe19e41f8a828645437aab,35.58096,52,0.5384615384615384,0.0,962.6380769230769,50057.18,0.5769230769230769,0.4230769230769231,30,22,31.971660050483315,1.3052825278886098,0.0,1.3478260869565217,2025-04-10,Fear,39,Fear
2025-04-11,0x28736f43f1e871e6aa8b1148d38d4994275d72c4,67.00618399999999,14,0.42857142857142855,0.0,335.15785714285715,4692.21,0.5,0.5,7,7,0.542914620546042,7.962880760350567,0.0,1.0,2025-04-11,Fear,25,Fear
2025-04-11,0x2c229d22b100a7beb69122eed721cee9b24011dd,1419.922474,45,0.7555555555555555,0.0,1310.5517777777777,58974.83,0.24444444444444444,0.7555555555555555,11,34,60.914915862601156,44.25416432581409,0.0,0.34285714285714286,2025-04-11,Fear,25,Fear
2025-04-11,0x47add9a56df66b524d5e2c1993a43cde53b6ed85,608.246567,28,0.6071428571428571,0.07142857142857142,378.8592857142857,10608.06,0.5,0.5,14,14,0.11318299975916911,63.92261943213303,0.0,1.0,2025-04-11,Fear,25,Fear
2025-04-11,0x4acb90e786d897ecffb614dc822eb231b4ffb9f4,122461.112004,74,1.0,0.0,24390.13621621622,1804870.08,0.0,1.0,0,74,0.0467635843345592,3678.53091801194,0.0,0.013333333333333334,2025-04-11,Fear,25,Fear
2025-04-11,0x4f93fead39b70a1824f981a54d4e55b278e9f760,3188.3381949999994,3,1.0,0.0,51029.70333333334,153089.11000000002,0.0,1.0,0,3,0.6382930077999213,1610.4114980168154,0.0,0.25,2025-04-11,Fear,25,Fear
2025-04-11,0x513b8629fe877bb581bf244e326a047b249c4ff1,0.0,65,0.0,0.0,33255.74600000001,2161623.49,1.0,0.0,65,0,75.97328622586762,0.0,0.0,66.0,2025-04-11,Fear,25,Fear
2025-04-11,0x6d6a4b953f202f8df5bed40692e7fd865318264a,56.216535,5,0.2,0.0,2161.054,10805.27,0.0,1.0,0,5,0.2765891788154228,25.140798743899225,0.0,0.16666666666666666,2025-04-11,Fear,25,Fear
2025-04-11,0x72743ae2822edd658c0c50608fd7c5c501b2afbd,0.0,3,0.0,0.0,51734.1,155202.3,0.0,1.0,0,3,0.4341687489402147,0.0,0.0,0.25,2025-04-11,Fear,25,Fear
2025-04-11,0x7f4f299f74eec87806a830e3caa9afa5f2b9db8f,2550.108815,279,0.4874551971326165,0.0,2348.0045519713262,655093.27,0.2222222222222222,0.7777777777777778,62,217,84.21712207660622,46.935323546384815,0.0,0.2889908256880734,2025-04-11,Fear,25,Fear
2025-04-11,0x8170715b3b381dffb7062c0298972d4727a0a63b,-9584.869233000001,238,0.0,0.19747899159663865,2846.985294117647,677582.5,0.0,1.0,0,238,0.023665746838834604,217.813722058761,-9584.869233000001,0.0041841004184100415,2025-04-11,Fear,25,Fear
2025-04-11,0x8381e6d82f1affd39a336e143e081ef7620a3b7f,0.0,3,0.0,0.0,6864.066666666667,20592.2,1.0,0.0,3,0,2260.4355538513414,0.0,0.0,4.0,2025-04-11,Fear,25,Fear
2025-04-11,0x8477e447846c758f5a675856001ea72298fd9cb5,19.202581000000002,61,0.19672131147540983,0.0,553.0408196721311,33735.49,0.19672131147540983,0.8032786885245902,12,49,14.508798299849479,1.5126256261382656,0.0,0.26,2025-04-11,Fear,25,Fear
2025-04-11,0xaf40fdc468c30116bd3307bcbf4a451a7ebf1deb,5246.0,7,1.0,0.0,29785.714285714286,208500.0,0.0,1.0,0,7,0.17756571199253113,1492.3896336068976,0.0,0.125,2025-04-11,Fear,25,Fear
2025-04-11,0xb1231a4a2dd02f2276fa3c5e2a2f3436e6bfed23,0.0,20,0.0,0.0,1665.941,33318.82,0.0,1.0,0,20,80.45356392134636,0.0,0.0,0.047619047619047616,2025-04-11,Fear,25,Fear
2025-04-11,0xb899e522b5715391ae1d4f137653e7906c5e2115,-482.407981,128,0.3828125,0.0859375,40357.236015625,5165726.21,0.46875,0.53125,60,68,80.93098158560375,102.77087786355885,-482.407981,0.8840579710144928,2025-04-11,Fear,25,Fear
2025-04-11,0xbee1707d6b44d4d52bfe19e41f8a828645437aab,857.60294,123,0.23577235772357724,0.2032520325203252,1340.7579674796746,164913.22999999998,0.6341463414634146,0.36585365853658536,78,45,145.8502783985406,33.76284162923631,0.0,1.7173913043478262,2025-04-11,Fear,25,Fear
2025-04-12,0x083384f897ee0f19899168e3b1bec365f52a9012,307855.80341,31,1.0,0.0,21491.640322580646,666240.85,1.0,0.0,31,0,0.08190219164552429,29916.431926603156,0.0,32.0,2025-04-12,Fear,43,Fear
2025-04-12,0x28736f43f1e871e6aa8b1148d38d4994275d72c4,10.499265,3,1.0,0.0,78.19,234.57,0.0,1.0,0,3,0.24071323965487088,2.7862921802704035,0.0,0.25,2025-04-12,Fear,43,Fear
2025-04-12,0x3998f134d6aaa2b6a5f723806d00fd2bbbbce891,2466.604719,32,1.0,0.0,1105.835625,35386.74,1.0,0.0,32,0,0.02855059694834799,170.77081129657307,0.0,33.0,2025-04-12,Fear,43,Fear
2025-04-12,0x3f9a0aadc7f04a7c9d75dc1b5a6ddd6e36486cf6,3593.989207,27,1.0,0.0,2517.1996296296297,67964.39,0.0,1.0,0,27,0.15194257970994549,134.66908156804593,0.0,0.03571428571428571,2025-04-12,Fear,43,Fear
2025-04-12,0x47add9a56df66b524d5e2c1993a43cde53b6ed85,3105.920269,41,0.5853658536585366,0.07317073170731707,550.1919512195121,22557.87,0.6341463414634146,0.36585365853658536,26,15,0.18207803782720372,150.9455706323418,0.0,1.6875,2025-04-12,Fear,43,Fear
2025-04-12,0x4acb90e786d897ecffb614dc822eb231b4ffb9f4,0.0,68,0.0,0.0,16878.26676470588,1147722.14,0.0,1.0,0,68,18.30467799119908,0.0,0.0,0.014492753623188406,2025-04-12,Fear,43,Fear
2025-04-12,0x513b8629fe877bb581bf244e326a047b249c4ff1,88152.006818,1251,0.15587529976019185,0.10631494804156674,40967.58708233413,51250451.44,0.3669064748201439,0.6330935251798561,459,792,218.34550989003742,731.9595629163008,0.0,0.5800756620428752,2025-04-12,Fear,43,Fear
2025-04-12,0x6d6a4b953f202f8df5bed40692e7fd865318264a,-89.1781,12,0.0,0.16666666666666666,1094.5383333333332,13134.46,0.16666666666666666,0.8333333333333334,2,10,668.5160629942152,18.64737462610455,-89.1781,0.2727272727272727,2025-04-12,Fear,43,Fear
2025-04-12,0x72c6a4624e1dffa724e6d00d64ceae698af892a0,-3546.9,12,0.0,0.75,1581.1591666666666,18973.91,0.0,1.0,0,12,0.4596624655421488,419.6837478492799,-3546.9,0.07692307692307693,2025-04-12,Fear,43,Fear
2025-04-12,0x75f7eeb85dc639d5e99c78f95393aa9a5f1170d4,1442.90516,44,0.9545454545454546,0.0,1396.4452272727274,61443.590000000004,0.045454545454545456,0.9545454545454546,2,42,562.0609502281292,81.04977995677923,0.0,0.06976744186046512,2025-04-12,Fear,43,Fear
2025-04-12,0x7f4f299f74eec87806a830e3caa9afa5f2b9db8f,303.170149,120,0.575,0.0,3633.2355833333336,435988.27,0.6333333333333333,0.36666666666666664,76,44,177.109675266304,11.523628164573303,0.0,1.711111111111111,2025-04-12,Fear,43,Fear
2025-04-12,0x8170715b3b381dffb7062c0298972d4727a0a63b,0.0,22,0.0,0.0,2727.2445454545455,59999.380000000005,0.0,1.0,0,22,0.004999488663563003,0.0,0.0,0.043478260869565216,2025-04-12,Fear,43,Fear
2025-04-12,0x8381e6d82f1affd39a336e143e081ef7620a3b7f,202.27562,8,1.0,0.0,2599.29625,20794.37,0.0,1.0,0,8,0.22378685222128336,26.737524145829074,0.0,0.1111111111111111,2025-04-12,Fear,43,Fear
2025-04-12,0x8477e447846c758f5a675856001ea72298fd9cb5,0.0,24,0.0,0.0,772.8058333333333,18547.34,0.0,1.0,0,24,111.54593372410461,0.0,0.0,0.04,2025-04-12,Fear,43,Fear
2025-04-12,0xae5eacaf9c6b9111fd53034a602c192a04e082ed,2513.430964,45,0.5333333333333333,0.0,2262.842,101827.89,0.4666666666666667,0.5333333333333333,21,24,1.9927453104264443,111.6738787332613,0.0,0.88,2025-04-12,Fear,43,Fear
2025-04-12,0xaf40fdc468c30116bd3307bcbf4a451a7ebf1deb,0.0,14,0.0,0.0,1435.7078571428572,20099.91,1.0,0.0,14,0,18.74708113818558,0.0,0.0,15.0,2025-04-12,Fear,43,Fear
2025-04-12,0xb1231a4a2dd02f2276fa3c5e2a2f3436e6bfed23,0.0,17,0.0,0.0,3918.2294117647057,66609.9,0.0,1.0,0,17,0.06734851446079375,0.0,0.0,0.05555555555555555,2025-04-12,Fear,43,Fear
2025-04-12,0xb899e522b5715391ae1d4f137653e7906c5e2115,50.56792,7,0.5714285714285714,0.0,23303.475714285716,163124.33000000002,0.5714285714285714,0.42857142857142855,4,3,1319.1654648899353,17.820118402460583,0.0,1.25,2025-04-12,Fear,43,Fear
2025-04-12,0xbd5fead7180a9c139fa51a103cb6a2ce86ddb5c3,0.0,24,0.0,0.0,53073.62666666667,1273767.04,1.0,0.0,24,0,0.031291126901170745,0.0,0.0,25.0,2025-04-12,Fear,43,Fear
2025-04-12,0xbee1707d6b44d4d52bfe19e41f8a828645437aab,4358.599132,307,0.3745928338762215,0.0,1530.1273615635178,469749.1,0.3550488599348534,0.6449511400651465,109,198,5.676283213976948,37.77526034454338,0.0,0.5527638190954773,2025-04-12,Fear,43,Fear
2025-04-13,0x28736f43f1e871e6aa8b1148d38d4994275d72c4,-902.0714839999999,19,0.3157894736842105,0.5789473684210527,269.5942105263158,5122.29,0.2631578947368421,0.7368421052631579,5,14,0.9907348852298365,208.93843267024013,-902.0714839999999,0.4,2025-04-13,Neutral,45,Neutral
2025-04-13,0x3998f134d6aaa2b6a5f723806d00fd2bbbbce891,1076.778732,9,1.0,0.0,2341.0022222222224,21069.02,1.0,0.0,9,0,0.4620148130139735,229.01734370574763,0.0,10.0,2025-04-13,Neutral,45,Neutral
2025-04-13,0x39cef799f8b69da1995852eea189df24eb5cae3c,3271.3693780000003,135,0.4740740740740741,0.0,20019.11111111111,2702580.0,0.5259259259259259,0.4740740740740741,71,64,154.06465169540203,141.22296174073654,0.0,1.1076923076923078,2025-04-13,Neutral,45,Neutral
2025-04-13,0x3f9a0aadc7f04a7c9d75dc1b5a6ddd6e36486cf6,0.0,1,0.0,0.0,0.69,0.69,0.0,1.0,0,1,0.4081396291808951,0.0,0.0,0.5,2025-04-13,Neutral,45,Neutral
2025-04-13,0x47add9a56df66b524d5e2c1993a43cde53b6ed85,490.32631200000003,26,0.38461538461538464,0.0,601.84,15647.84,0.6923076923076923,0.3076923076923077,18,8,29.018345503233036,45.117422337532794,0.0,2.111111111111111,2025-04-13,Neutral,45,Neutral
2025-04-13,0x4f93fead39b70a1824f981a54d4e55b278e9f760,253.67505,8,0.375,0.0,6281.60375,50252.83,0.625,0.375,5,3,1280.237994601669,59.14728592786086,0.0,1.5,2025-04-13,Neutral,45,Neutral
2025-04-13,0x513b8629fe877bb581bf244e326a047b249c4ff1,11239.437228,285,0.3017543859649123,0.0,31745.770947368423,9047544.72,0.6982456140350877,0.3017543859649123,199,86,163.4604040715373,158.07573884635713,0.0,2.2988505747126435,2025-04-13,Neutral,45,Neutral
2025-04-13,0x6d6a4b953f202f8df5bed40692e7fd865318264a,0.0,1,0.0,0.0,999.44,999.44,0.0,1.0,0,1,0.2836060804844,0.0,0.0,0.5,2025-04-13,Neutral,45,Neutral
2025-04-13,0x72c6a4624e1dffa724e6d00d64ceae698af892a0,-4526.698469,5,0.0,1.0,2040.0,10200.0,0.0,1.0,0,5,0.7161969991253393,1649.999521129925,-4526.698469,0.16666666666666666,2025-04-13,Neutral,45,Neutral
2025-04-13,0x7f4f299f74eec87806a830e3caa9afa5f2b9db8f,355.09,94,0.10638297872340426,0.010638297872340425,4544.766489361702,427208.05,0.851063829787234,0.14893617021276595,80,14,1.9573872552070373,34.56854383380072,0.0,5.4,2025-04-13,Neutral,45,Neutral
2025-04-13,0x8170715b3b381dffb7062c0298972d4727a0a63b,0.0,18,0.0,0.0,2222.144444444444,39998.6,0.0,1.0,0,18,0.0070959797307410715,0.0,0.0,0.05263157894736842,2025-04-13,Neutral,45,Neutral
2025-04-13,0x8477e447846c758f5a675856001ea72298fd9cb5,1350.19094,287,0.5121951219512195,0.17073170731707318,820.2411846689896,235409.22,0.6829268292682927,0.3170731707317073,196,91,34.94186117694327,17.332981546134047,0.0,2.141304347826087,2025-04-13,Neutral,45,Neutral
2025-04-13,0xa520ded057a32086c40e7dd6ed4eb8efb82c00e0,-53.631353999999995,2,0.0,1.0,64.53,129.06,0.0,1.0,0,2,0.05597582687526932,23.3266296390509,-53.631353999999995,0.3333333333333333,2025-04-13,Neutral,45,Neutral
2025-04-13,0xb1231a4a2dd02f2276fa3c5e2a2f3436e6bfed23,0.0,30,0.0,0.0,1111.095,33332.85,0.0,1.0,0,30,0.009422040403938734,0.0,0.0,0.03225806451612903,2025-04-13,Neutral,45,Neutral
2025-04-13,0xb899e522b5715391ae1d4f137653e7906c5e2115,1097.533742,20,0.15,0.0,10551.1865,211023.73,0.15,0.85,3,17,53.57036827534034,151.36099289250342,0.0,0.2222222222222222,2025-04-13,Neutral,45,Neutral
2025-04-13,0xbd5fead7180a9c139fa51a103cb6a2ce86ddb5c3,32724.19729,35,0.8857142857142857,0.0,24908.65857142857,871803.0499999999,0.0,1.0,0,35,0.03398063094248464,1452.1582201047647,0.0,0.027777777777777776,2025-04-13,Neutral,45,Neutral
2025-04-13,0xbee1707d6b44d4d52bfe19e41f8a828645437aab,2319.824156,346,0.315028901734104,0.057803468208092484,1441.715028901734,498833.4,0.4421965317919075,0.5578034682080925,153,193,28.956004975153597,40.638113611038435,0.0,0.7938144329896907,2025-04-13,Neutral,45,Neutral
2025-04-14,0x28736f43f1e871e6aa8b1148d38d4994275d72c4,27.177561,14,0.5,0.07142857142857142,180.60857142857142,2528.52,0.21428571428571427,0.7857142857142857,3,11,89.79924351716967,3.1181263418129213,0.0,0.3333333333333333,2025-04-14,Fear,31,Fear
2025-04-14,0x2c229d22b100a7beb69122eed721cee9b24011dd,18.103863,8,0.625,0.25,133.5325,1068.26,0.125,0.875,1,7,65.93417722646755,3.1067432518908853,0.0,0.25,2025-04-14,Fear,31,Fear
2025-04-14,0x39cef799f8b69da1995852eea189df24eb5cae3c,128.67829,1,1.0,0.0,844654.19,844654.19,0.0,1.0,0,1,0.9999988114795157,0.0,0.0,0.5,2025-04-14,Fear,31,Fear
2025-04-14,0x47add9a56df66b524d5e2c1993a43cde53b6ed85,263.769257,7,0.7142857142857143,0.0,377.75428571428574,2644.28,0.8571428571428571,0.14285714285714285,6,1,0.10788129702563103,38.020958294974186,0.0,3.5,2025-04-14,Fear,31,Fear
2025-04-14,0x4acb90e786d897ecffb614dc822eb231b4ffb9f4,21531.8321,76,0.7368421052631579,0.0,26925.528815789472,2046340.19,0.6973684210526315,0.3026315789473684,53,23,1237.2958990550044,872.000231575199,0.0,2.25,2025-04-14,Fear,31,Fear
2025-04-14,0x4f93fead39b70a1824f981a54d4e55b278e9f760,322.73095,27,0.14814814814814814,0.0,4642.299259259259,125342.08,0.8518518518518519,0.14814814814814814,23,4,1851.946876717839,52.035794885624654,0.0,4.8,2025-04-14,Fear,31,Fear
2025-04-14,0x513b8629fe877bb581bf244e326a047b249c4ff1,7922.167264999999,230,0.25217391304347825,0.1391304347826087,38233.16656521739,8793628.31,0.6086956521739131,0.391304347826087,140,90,0.007258132455648085,303.59592476615353,0.0,1.5494505494505495,2025-04-14,Fear,31,Fear
2025-04-14,0x6d6a4b953f202f8df5bed40692e7fd865318264a,73.7414,5,0.2,0.0,2214.596,11072.98,0.4,0.6,2,3,716.5154780792984,32.9781566312006,0.0,0.75,2025-04-14,Fear,31,Fear
2025-04-14,0x72c6a4624e1dffa724e6d00d64ceae698af892a0,7848.0,3,1.0,0.0,2675.8333333333335,8027.5,1.0,0.0,3,0,0.641951048064679,3009.8368081286703,0.0,4.0,2025-04-14,Fear,31,Fear
2025-04-14,0x75f7eeb85dc639d5e99c78f95393aa9a5f1170d4,1828.36966,40,0.825,0.0,3124.96325,124998.53,0.675,0.325,27,13,801.7157141857277,95.14573867440498,0.0,2.0,2025-04-14,Fear,31,Fear
2025-04-14,0x8477e447846c758f5a675856001ea72298fd9cb5,236.725655,23,0.5217391304347826,0.0,932.9834782608696,21458.62,0.5217391304347826,0.4782608695652174,12,11,289.9733961416174,20.292125735144975,0.0,1.0833333333333333,2025-04-14,Fear,31,Fear
2025-04-14,0x92f17e8d81a944691c10e753af1b1baae1a2cd0d,-621.54506,25,0.0,0.28,20063.1732,501579.33,0.72,0.28,18,7,2093.593658533065,41.64685543081987,-621.54506,2.375,2025-04-14,Fear,31,Fear
2025-04-14,0xbd5fead7180a9c139fa51a103cb6a2ce86ddb5c3,0.0,51,0.0,0.0,985.0413725490196,50237.11,0.9215686274509803,0.0784313725490196,47,4,0.03142489752244879,0.0,0.0,9.6,2025-04-14,Fear,31,Fear
2025-04-14,0xbee1707d6b44d4d52bfe19e41f8a828645437aab,6100.692122,380,0.5026315789473684,0.0,1437.8765263157893,546393.08,0.4789473684210526,0.5210526315789473,182,198,0.992376232659137,52.33796145472563,0.0,0.9195979899497487,2025-04-14,Fear,31,Fear
2025-04-15,0x23e7a7f8d14b550961925fbfdaa92f5d195ba5bd,0.0,1,0.0,0.0,16.37,16.37,1.0,0.0,1,0,16.36999734625973,0.0,0.0,2.0,2025-04-15,Fear,38,Fear
2025-04-15,0x28736f43f1e871e6aa8b1148d38d4994275d72c4,-48.794434,17,0.058823529411764705,0.23529411764705882,186.68235294117648,3173.6,0.35294117647058826,0.6470588235294118,6,11,6.317721178198345,7.422494981894557,-48.794434,0.5833333333333334,2025-04-15,Fear,38,Fear
2025-04-15,0x4acb90e786d897ecffb614dc822eb231b4ffb9f4,0.0,51,0.0,0.0,3354.117450980392,171059.99,0.0,1.0,0,51,0.014462453249565268,0.0,0.0,0.019230769230769232,2025-04-15,Fear,38,Fear
2025-04-15,0x513b8629fe877bb581bf244e326a047b249c4ff1,40966.673478000004,731,0.5923392612859097,0.0,25242.244090287277,18452080.43,0.23529411764705882,0.7647058823529411,172,559,888.3251592903441,273.5461138221559,0.0,0.30892857142857144,2025-04-15,Fear,38,Fear
2025-04-15,0x6d6a4b953f202f8df5bed40692e7fd865318264a,0.0,8,0.0,0.0,1124.95125,8999.61,0.0,1.0,0,8,562.5417024931228,0.0,0.0,0.1111111111111111,2025-04-15,Fear,38,Fear
2025-04-15,0x72c6a4624e1dffa724e6d00d64ceae698af892a0,6335.6,6,1.0,0.0,1444.0666666666666,8664.4,1.0,0.0,6,0,0.31313915679492127,1023.7929337248152,0.0,7.0,2025-04-15,Fear,38,Fear
2025-04-15,0x75f7eeb85dc639d5e99c78f95393aa9a5f1170d4,1208.695445,36,0.9722222222222222,0.0,1633.111111111111,58792.0,0.9722222222222222,0.027777777777777776,35,1,833.481879835874,25.479491078776615,0.0,18.0,2025-04-15,Fear,38,Fear
2025-04-15,0x8170715b3b381dffb7062c0298972d4727a0a63b,3204.26268,77,1.0,0.0,2727.2429870129868,209997.71,1.0,0.0,77,0,0.013569546133518483,104.3690999908377,0.0,78.0,2025-04-15,Fear,38,Fear
2025-04-15,0x8477e447846c758f5a675856001ea72298fd9cb5,191.802066,38,0.3684210526315789,0.02631578947368421,520.8728947368421,19793.17,0.39473684210526316,0.6052631578947368,15,23,107.68033465041113,15.56861603529763,0.0,0.6666666666666666,2025-04-15,Fear,38,Fear
2025-04-15,0xa0feb3725a9335f49874d7cd8eaad6be45b27416,73.34455,21,0.42857142857142855,0.0,917.6357142857142,19270.35,0.42857142857142855,0.5714285714285714,9,12,110.55983126595542,8.185403111837257,0.0,0.7692307692307693,2025-04-15,Fear,38,Fear
2025-04-15,0xb1231a4a2dd02f2276fa3c5e2a2f3436e6bfed23,0.0,50,0.0,0.0,1466.164,73308.2,0.0,1.0,0,50,0.008911709815175415,0.0,0.0,0.0196078431372549,2025-04-15,Fear,38,Fear
2025-04-15,0xb899e522b5715391ae1d4f137653e7906c5e2115,554.38798,28,0.7142857142857143,0.0,35885.474642857145,1004793.29,0.2857142857142857,0.7142857142857143,8,20,274.12906795191475,41.232733600403854,0.0,0.42857142857142855,2025-04-15,Fear,38,Fear
2025-04-15,0xbd5fead7180a9c139fa51a103cb6a2ce86ddb5c3,18951.678454,27,1.0,0.0,23060.654814814818,622637.68,0.0,1.0,0,27,0.014636437106400493,2876.688914188716,0.0,0.03571428571428571,2025-04-15,Fear,38,Fear
2025-04-15,0xbee1707d6b44d4d52bfe19e41f8a828645437aab,920.056063,40,0.625,0.0,2489.536,99581.44,0.375,0.625,15,25,260.9703778744424,52.315417179502376,0.0,0.6153846153846154,2025-04-15,Fear,38,Fear
2025-04-16,0x23e7a7f8d14b550961925fbfdaa92f5d195ba5bd,-95.985744,88,0.011363636363636364,0.9886363636363636,780.4484090909092,68679.46,0.0,1.0,0,88,0.05358428801376289,1.8643821567499947,-95.985744,0.011235955056179775,2025-04-16,Fear,29,Fear
2025-04-16,0x28736f43f1e871e6aa8b1148d38d4994275d72c4,8.738942,9,0.3333333333333333,0.0,32.69,294.21,0.3333333333333333,0.6666666666666666,3,6,0.10249271977149248,1.725938442839077,0.0,0.5714285714285714,2025-04-16,Fear,29,Fear
2025-04-16,0x430f09841d65beb3f27765503d0f850b8bce7713,0.0,78,0.0,0.0,1231.3267948717948,96043.49,0.0,1.0,0,78,3.5712578782515387,0.0,0.0,0.012658227848101266,2025-04-16,Fear,29,Fear
2025-04-16,0x47add9a56df66b524d5e2c1993a43cde53b6ed85,17.022667,11,0.2727272727272727,0.0,768.989090909091,8458.880000000001,0.9090909090909091,0.09090909090909091,10,1,1.7115868662821108,2.7701464222664054,0.0,5.5,2025-04-16,Fear,29,Fear
2025-04-16,0x4acb90e786d897ecffb614dc822eb231b4ffb9f4,3088.0,1,1.0,0.0,166444.0,166444.0,1.0,0.0,1,0,0.4999984979978311,0.0,0.0,2.0,2025-04-16,Fear,29,Fear
2025-04-16,0x4f93fead39b70a1824f981a54d4e55b278e9f760,0.0,4,0.0,0.0,18749.704999999998,74998.81999999999,1.0,0.0,4,0,0.22951890436220812,0.0,0.0,5.0,2025-04-16,Fear,29,Fear
2025-04-16,0x513b8629fe877bb581bf244e326a047b249c4ff1,41498.141783,886,0.3860045146726862,0.04288939051918736,39232.42645598194,34759929.84,0.618510158013544,0.38148984198645597,548,338,28.942116723151766,413.174961061234,0.0,1.6194690265486726,2025-04-16,Fear,29,Fear
2025-04-16,0x6d6a4b953f202f8df5bed40692e7fd865318264a,70.94968,4,1.0,0.0,494.38,1977.52,1.0,0.0,4,0,0.4849797586293042,15.281083153553134,0.0,5.0,2025-04-16,Fear,29,Fear
2025-04-16,0x72743ae2822edd658c0c50608fd7c5c501b2afbd,-14838.4,53,0.0,1.0,4603.773962264151,244000.02,1.0,0.0,53,0,0.05952255835549911,477.3298067547863,-14838.4,54.0,2025-04-16,Fear,29,Fear
2025-04-16,0x72c6a4624e1dffa724e6d00d64ceae698af892a0,14609.800000000001,44,1.0,0.0,825.0,36300.0,0.7045454545454546,0.29545454545454547,31,13,0.15461659076442433,778.4739743287786,0.0,2.2857142857142856,2025-04-16,Fear,29,Fear
2025-04-16,0x75f7eeb85dc639d5e99c78f95393aa9a5f1170d4,1674.357543,35,0.9428571428571428,0.0,2679.161714285714,93770.65999999999,0.7714285714285715,0.22857142857142856,27,8,1332.981566862892,132.21014884431153,0.0,3.111111111111111,2025-04-16,Fear,29,Fear
2025-04-16,0x8170715b3b381dffb7062c0298972d4727a0a63b,912.29492,39,0.02564102564102564,0.0,3846.1415384615384,149999.52,0.02564102564102564,0.9743589743589743,1,38,0.012420353554580855,146.08410126535964,0.0,0.05128205128205128,2025-04-16,Fear,29,Fear
2025-04-16,0x8477e447846c758f5a675856001ea72298fd9cb5,71.93199,4,1.0,0.0,356.5375,1426.15,1.0,0.0,4,0,0.7976790944106494,13.13257446906324,0.0,5.0,2025-04-16,Fear,29,Fear
2025-04-16,0x92f17e8d81a944691c10e753af1b1baae1a2cd0d,0.0,4,0.0,0.0,42034.5,168138.0,1.0,0.0,4,0,10908.398013729073,0.0,0.0,5.0,2025-04-16,Fear,29,Fear
2025-04-16,0xa0feb3725a9335f49874d7cd8eaad6be45b27416,100.22198900000001,47,0.3617021276595745,0.0425531914893617,400.05872340425526,18802.76,0.40425531914893614,0.5957446808510638,19,28,108.73858212138694,8.38869065494424,0.0,0.6896551724137931,2025-04-16,Fear,29,Fear
2025-04-16,0xbd5fead7180a9c139fa51a103cb6a2ce86ddb5c3,9556.6,15,1.0,0.0,17059.466,255891.99,0.0,1.0,0,15,0.016447328576456612,1680.2999916635556,0.0,0.0625,2025-04-16,Fear,29,Fear
2025-04-16,0xbee1707d6b44d4d52bfe19e41f8a828645437aab,1958.056487,286,0.2762237762237762,0.27972027972027974,1250.2118181818182,357560.58,0.4405594405594406,0.5594405594405595,126,160,35.473400958761495,31.450507927813618,0.0,0.7888198757763976,2025-04-16,Fear,29,Fear
2025-04-17,0x23e7a7f8d14b550961925fbfdaa92f5d195ba5bd,-133.41237,125,0.16,0.376,730.92608,91365.76,0.48,0.52,60,65,7.920705078562806,3.3819385878379853,-133.41237,0.9242424242424242,2025-04-17,Fear,30,Fear
2025-04-17,0x28736f43f1e871e6aa8b1148d38d4994275d72c4,-15.688322,10,0.1,0.3,162.429,1624.29,0.7,0.3,7,3,0.9147777396512471,3.4476621603843634,-15.688322,2.0,2025-04-17,Fear,30,Fear
2025-04-17,0x47add9a56df66b524d5e2c1993a43cde53b6ed85,169.67583499999998,29,0.5172413793103449,0.0,456.538275862069,13239.61,0.2413793103448276,0.7586206896551724,7,22,0.12275860025904602,11.464813428631858,0.0,0.34782608695652173,2025-04-17,Fear,30,Fear
2025-04-17,0x4acb90e786d897ecffb614dc822eb231b4ffb9f4,-110.0,6,0.0,1.0,28273.666666666668,169642.0,1.0,0.0,6,0,0.35877489404444024,13.838627871818314,-110.0,7.0,2025-04-17,Fear,30,Fear
2025-04-17,0x4f93fead39b70a1824f981a54d4e55b278e9f760,1713.120195,9,0.8888888888888888,0.0,19636.307777777776,176726.77,0.1111111111111111,0.8888888888888888,1,8,2777.9219325270587,297.09472101227436,0.0,0.2222222222222222,2025-04-17,Fear,30,Fear
2025-04-17,0x513b8629fe877bb581bf244e326a047b249c4ff1,0.0,5,0.0,0.0,147619.302,738096.51,1.0,0.0,5,0,0.019697820831889527,0.0,0.0,6.0,2025-04-17,Fear,30,Fear
2025-04-17,0x7f4f299f74eec87806a830e3caa9afa5f2b9db8f,425.687612,34,0.47058823529411764,0.0,7388.688823529412,251215.42,0.47058823529411764,0.5294117647058824,16,18,810.1850220050109,24.360577031816554,0.0,0.8947368421052632,2025-04-17,Fear,30,Fear
2025-04-17,0x8170715b3b381dffb7062c0298972d4727a0a63b,0.0,96,0.0,0.0,1979.1661458333335,189999.95,0.0,1.0,0,96,0.0026208303564726095,0.0,0.0,0.010309278350515464,2025-04-17,Fear,30,Fear
2025-04-17,0xa0feb3725a9335f49874d7cd8eaad6be45b27416,18.57004,13,0.46153846153846156,0.0,303.8438461538462,3949.9700000000003,0.46153846153846156,0.5384615384615384,6,7,2.4336936051651588,2.939862268600961,0.0,0.875,2025-04-17,Fear,30,Fear
2025-04-17,0xb1231a4a2dd02f2276fa3c5e2a2f3436e6bfed23,0.0,105,0.0,0.0,1174.1429523809522,123285.01,0.0,1.0,0,105,0.004408715412006589,0.0,0.0,0.009433962264150943,2025-04-17,Fear,30,Fear
2025-04-17,0xbd5fead7180a9c139fa51a103cb6a2ce86ddb5c3,0.0,11,0.0,0.0,1086.4290909090907,11950.72,0.0,1.0,0,11,0.042627929560403004,0.0,0.0,0.08333333333333333,2025-04-17,Fear,30,Fear
2025-04-17,0xbee1707d6b44d4d52bfe19e41f8a828645437aab,3359.966896,588,0.4200680272108844,0.0,1417.4413265306123,833455.5,0.39625850340136054,0.6037414965986394,233,355,42.13821549971147,20.358403552475064,0.0,0.6573033707865169,2025-04-17,Fear,30,Fear
2025-04-18,0x23e7a7f8d14b550961925fbfdaa92f5d195ba5bd,951.934443,689,0.43686502177068215,0.0,766.7829027576198,528313.42,0.4528301886792453,0.5471698113207547,312,377,1.5444058822871245,3.171378759769235,0.0,0.828042328042328,2025-04-18,Fear,33,Fear
2025-04-18,0x28736f43f1e871e6aa8b1148d38d4994275d72c4,22.793679,8,0.75,0.125,160.54125,1284.33,0.5,0.5,4,4,0.2989866166439836,2.8374307174056224,0.0,1.0,2025-04-18,Fear,33,Fear
2025-04-18,0x2c229d22b100a7beb69122eed721cee9b24011dd,11.209037,7,0.8571428571428571,0.0,74.56857142857143,521.98,0.14285714285714285,0.8571428571428571,1,6,36.856407658989546,1.4332929372114875,0.0,0.2857142857142857,2025-04-18,Fear,33,Fear
2025-04-18,0x430f09841d65beb3f27765503d0f850b8bce7713,0.0,58,0.0,0.0,1514.5613793103448,87844.56,0.0,1.0,0,58,0.012062329490464728,0.0,0.0,0.01694915254237288,2025-04-18,Fear,33,Fear
2025-04-18,0x4f93fead39b70a1824f981a54d4e55b278e9f760,0.0,4,0.0,0.0,12499.515,49998.06,1.0,0.0,4,0,0.3363879099429715,0.0,0.0,5.0,2025-04-18,Fear,33,Fear
2025-04-18,0x513b8629fe877bb581bf244e326a047b249c4ff1,43400.145539,379,0.762532981530343,0.0,58751.562744063325,22266842.28,0.23746701846965698,0.762532981530343,90,289,7504.046936450785,371.4451604313641,0.0,0.3137931034482759,2025-04-18,Fear,33,Fear
2025-04-18,0x72743ae2822edd658c0c50608fd7c5c501b2afbd,-42923.271911,65,0.7692307692307693,0.23076923076923078,8851.193692307692,575327.59,0.23076923076923078,0.7692307692307693,15,50,0.07126558973146507,4528.64657952575,-42923.271911,0.3137254901960784,2025-04-18,Fear,33,Fear
2025-04-18,0x75f7eeb85dc639d5e99c78f95393aa9a5f1170d4,471.89234,6,0.8333333333333334,0.0,4048.5616666666665,24291.37,0.8333333333333334,0.16666666666666666,5,1,2063.899175808296,105.17496702446446,0.0,3.0,2025-04-18,Fear,33,Fear
2025-04-18,0x8170715b3b381dffb7062c0298972d4727a0a63b,0.0,46,0.0,0.0,3541.02152173913,162886.99,0.0,1.0,0,46,0.027290543042663172,0.0,0.0,0.02127659574468085,2025-04-18,Fear,33,Fear
2025-04-18,0x8477e447846c758f5a675856001ea72298fd9cb5,0.0,20,0.0,0.0,383.0805,7661.61,0.0,1.0,0,20,343.46728732918604,0.0,0.0,0.047619047619047616,2025-04-18,Fear,33,Fear
2025-04-18,0xb1231a4a2dd02f2276fa3c5e2a2f3436e6bfed23,0.0,50,0.0,0.0,1165.7812,58289.06,0.0,1.0,0,50,0.0031493073004136246,0.0,0.0,0.0196078431372549,2025-04-18,Fear,33,Fear
2025-04-18,0xbee1707d6b44d4d52bfe19e41f8a828645437aab,2945.701617,562,0.5587188612099644,0.008896797153024912,1507.8099822064057,847389.21,0.5765124555160143,0.4234875444839858,324,238,7.228934865983058,13.774034041666074,0.0,1.3598326359832635,2025-04-18,Fear,33,Fear
2025-04-19,0x23e7a7f8d14b550961925fbfdaa92f5d195ba5bd,371.503,411,0.7226277372262774,0.0,552.0850851581508,226906.97,0.29683698296836986,0.7031630170316302,122,289,1.697645882035545,1.4520918246343064,0.0,0.4241379310344828,2025-04-19,Fear,32,Fear
2025-04-19,0x271b280974205ca63b716753467d5a371de622ab,5942.547242,313,0.12779552715654952,0.0,8678.024504792333,2716221.67,0.12779552715654952,0.8722044728434505,40,273,25.993982336312648,71.30261056835265,0.0,0.14963503649635038,2025-04-19,Fear,32,Fear
2025-04-19,0x28736f43f1e871e6aa8b1148d38d4994275d72c4,40.803149000000005,7,0.5714285714285714,0.0,75.5942857142857,529.16,0.2857142857142857,0.7142857142857143,2,5,0.2767936691058583,6.028595450748202,0.0,0.5,2025-04-19,Fear,32,Fear
2025-04-19,0x47add9a56df66b524d5e2c1993a43cde53b6ed85,64.128219,2,1.0,0.0,375.075,750.15,0.0,1.0,0,2,0.028150697713976956,11.912062964331597,0.0,0.3333333333333333,2025-04-19,Fear,32,Fear
2025-04-19,0x4f93fead39b70a1824f981a54d4e55b278e9f760,721.976596,18,0.7222222222222222,0.0,8373.388333333334,150720.99000000002,0.2777777777777778,0.7222222222222222,5,13,1609.1278119255346,101.70640634286049,0.0,0.42857142857142855,2025-04-19,Fear,32,Fear
2025-04-19,0x513b8629fe877bb581bf244e326a047b249c4ff1,62373.791703999996,637,0.35949764521193095,0.0,43140.85288854003,27480723.29,0.6232339089481946,0.37676609105180536,397,240,174.44832623756707,514.6635503465149,0.0,1.6514522821576763,2025-04-19,Fear,32,Fear
2025-04-19,0x6d6a4b953f202f8df5bed40692e7fd865318264a,0.0,85,0.0,0.0,414.2778823529412,35213.62,0.0,1.0,0,85,2.6862242783516233,0.0,0.0,0.011627906976744186,2025-04-19,Fear,32,Fear
2025-04-19,0x72743ae2822edd658c0c50608fd7c5c501b2afbd,0.0,39,0.0,0.0,1287.706923076923,50220.57,0.0,1.0,0,39,2.3637010429660936,0.0,0.0,0.025,2025-04-19,Fear,32,Fear
2025-04-19,0x75f7eeb85dc639d5e99c78f95393aa9a5f1170d4,1403.177311,55,0.4727272727272727,0.10909090909090909,1152.206909090909,63371.38,0.509090909090909,0.4909090909090909,28,27,10.1519189696308,46.397663260298835,0.0,1.0357142857142858,2025-04-19,Fear,32,Fear
2025-04-19,0x8170715b3b381dffb7062c0298972d4727a0a63b,0.0,96,0.0,0.0,3511.545208333333,337108.33999999997,0.0,1.0,0,96,0.009113478386418725,0.0,0.0,0.010309278350515464,2025-04-19,Fear,32,Fear
2025-04-19,0x8381e6d82f1affd39a336e143e081ef7620a3b7f,56.13971,22,0.5,0.0,665.6886363636363,14645.15,0.5,0.5,11,11,22.978600692677965,5.150458486417857,0.0,1.0,2025-04-19,Fear,32,Fear
2025-04-19,0x8477e447846c758f5a675856001ea72298fd9cb5,0.0,19,0.0,0.0,326.8852631578947,6210.82,0.0,1.0,0,19,11.986780625931194,0.0,0.0,0.05,2025-04-19,Fear,32,Fear
2025-04-19,0xb1231a4a2dd02f2276fa3c5e2a2f3436e6bfed23,0.0,98,0.0,0.0,1444.9214285714284,141602.3,0.0,1.0,0,98,0.003021361562068208,0.0,0.0,0.010101010101010102,2025-04-19,Fear,32,Fear
2025-04-19,0xbd5fead7180a9c139fa51a103cb6a2ce86ddb5c3,0.0,13,0.0,0.0,8027.694615384616,104360.03,0.0,1.0,0,13,23.527821224870387,0.0,0.0,0.07142857142857142,2025-04-19,Fear,32,Fear
2025-04-19,0xbee1707d6b44d4d52bfe19e41f8a828645437aab,976.5105639999999,971,0.19773429454170957,0.20803295571575695,1419.0301441812564,1377878.27,0.4057672502574665,0.5942327497425335,394,577,6.127409742286994,20.469185304941956,0.0,0.6833910034602076,2025-04-19,Fear,32,Fear
2025-04-20,0x23e7a7f8d14b550961925fbfdaa92f5d195ba5bd,-1892.58947,603,0.4129353233830846,0.14262023217247097,963.6022222222223,581052.14,0.4925373134328358,0.5074626865671642,297,306,13.67111604290529,20.398335281026068,-1892.58947,0.9706840390879479,2025-04-20,Fear,37,Fear
2025-04-20,0x271b280974205ca63b716753467d5a371de622ab,8277.307357,863,0.49130938586326767,0.0,3079.8473348783314,2657908.25,0.4843568945538818,0.5156431054461182,418,445,8.374328799483111,26.18946387617772,0.0,0.9394618834080718,2025-04-20,Fear,37,Fear
2025-04-20,0x28736f43f1e871e6aa8b1148d38d4994275d72c4,7.707293999999999,2,1.0,0.0,87.145,174.29,0.0,1.0,0,2,0.15181324636543275,0.9263098833543771,0.0,0.3333333333333333,2025-04-20,Fear,37,Fear
2025-04-20,0x47add9a56df66b524d5e2c1993a43cde53b6ed85,12.652267000000005,21,0.5238095238095238,0.047619047619047616,580.8100000000001,12197.01,0.7142857142857143,0.2857142857142857,15,6,0.10212569004482926,20.145920870923607,0.0,2.2857142857142856,2025-04-20,Fear,37,Fear
2025-04-20,0x4f93fead39b70a1824f981a54d4e55b278e9f760,0.0,8,0.0,0.0,15624.63125,124997.05,1.0,0.0,8,0,0.30798361451228273,0.0,0.0,9.0,2025-04-20,Fear,37,Fear
2025-04-20,0x513b8629fe877bb581bf244e326a047b249c4ff1,0.0,160,0.0,0.0,52569.3078125,8411089.25,1.0,0.0,160,0,0.7691593930315131,0.0,0.0,161.0,2025-04-20,Fear,37,Fear
2025-04-20,0x72743ae2822edd658c0c50608fd7c5c501b2afbd,-458.08035,38,0.0,1.0,1333.6473684210525,50678.6,1.0,0.0,38,0,0.09556604469493316,10.418104649518938,-458.08035,39.0,2025-04-20,Fear,37,Fear
2025-04-20,0x72c6a4624e1dffa724e6d00d64ceae698af892a0,18374.63,55,0.8545454545454545,0.14545454545454545,1135.2727272727273,62440.0,0.8545454545454545,0.14545454545454545,47,8,0.2880920965560778,1795.2242630613332,0.0,5.333333333333333,2025-04-20,Fear,37,Fear
2025-04-20,0x75f7eeb85dc639d5e99c78f95393aa9a5f1170d4,-111.77234,52,0.21153846153846154,0.75,1156.014423076923,60112.75,0.9615384615384616,0.038461538461538464,50,2,396.25674221119215,7.152050062396079,-111.77234,17.0,2025-04-20,Fear,37,Fear
2025-04-20,0x8477e447846c758f5a675856001ea72298fd9cb5,43.224447,44,0.11363636363636363,0.0,328.4611363636364,14452.29,0.11363636363636363,0.8863636363636364,5,39,20.514176330095243,3.645877273312939,0.0,0.15,2025-04-20,Fear,37,Fear
2025-04-20,0xb1231a4a2dd02f2276fa3c5e2a2f3436e6bfed23,0.0,73,0.0,0.0,1140.8187671232877,83279.77,0.0,1.0,0,73,0.001838889137850457,0.0,0.0,0.013513513513513514,2025-04-20,Fear,37,Fear
2025-04-20,0xbee1707d6b44d4d52bfe19e41f8a828645437aab,807.262731,63,0.6507936507936508,0.0,1074.8039682539682,67712.65,0.6507936507936508,0.3492063492063492,41,22,0.05140288349722453,27.335748913013372,0.0,1.826086956521739,2025-04-20,Fear,37,Fear
2025-04-21,0x23e7a7f8d14b550961925fbfdaa92f5d195ba5bd,3434.689308,97,1.0,0.0,887.6931958762888,86106.24,0.0,1.0,0,97,0.04901959054697346,56.63680599010865,0.0,0.01020408163265306,2025-04-21,Fear,39,Fear
2025-04-21,0x271b280974205ca63b716753467d5a371de622ab,2638.012587,353,0.17280453257790368,0.0,1965.9329745042492,693974.34,0.17280453257790368,0.8271954674220963,61,292,1.807944183242594,28.382400345724765,0.0,0.21160409556313994,2025-04-21,Fear,39,Fear
2025-04-21,0x28736f43f1e871e6aa8b1148d38d4994275d72c4,19.956089,6,0.8333333333333334,0.0,78.33833333333334,470.03000000000003,0.6666666666666666,0.3333333333333333,4,2,25.942880412098546,7.4683519591182215,0.0,1.6666666666666667,2025-04-21,Fear,39,Fear
2025-04-21,0x3998f134d6aaa2b6a5f723806d00fd2bbbbce891,-3533.6725370000004,124,0.9354838709677419,0.06451612903225806,1459.0874193548386,180926.84,0.06451612903225806,0.9354838709677419,8,116,0.08994323513031109,184.3971622524646,-3533.6725370000004,0.07692307692307693,2025-04-21,Fear,39,Fear
2025-04-21,0x47add9a56df66b524d5e2c1993a43cde53b6ed85,-2.1503300000000003,12,0.4166666666666667,0.25,249.97833333333332,2999.74,0.75,0.25,9,3,0.04246266696983217,0.7386110775732853,-2.1503300000000003,2.5,2025-04-21,Fear,39,Fear
2025-04-21,0x4acb90e786d897ecffb614dc822eb231b4ffb9f4,-681.29819,23,0.0,0.9565217391304348,30543.59565217391,702502.7,0.043478260869565216,0.9565217391304348,1,22,15286.729155331794,56.512855949964525,-681.29819,0.08695652173913043,2025-04-21,Fear,39,Fear
2025-04-21,0x4f93fead39b70a1824f981a54d4e55b278e9f760,459.153994,9,1.0,0.0,16717.272222222222,150455.44999999998,0.0,1.0,0,9,0.1840228490595435,107.41139916061236,0.0,0.1,2025-04-21,Fear,39,Fear
2025-04-21,0x513b8629fe877bb581bf244e326a047b249c4ff1,39772.479641,869,0.36363636363636365,0.1518987341772152,46044.36062140392,40012549.38,0.49712313003452246,0.5028768699654775,432,437,478.33985282727946,735.3405714406287,0.0,0.9885844748858448,2025-04-21,Fear,39,Fear
2025-04-21,0x6d6a4b953f202f8df5bed40692e7fd865318264a,0.0,6,0.0,0.0,1166.0616666666667,6996.37,0.0,1.0,0,6,0.17352735448617418,0.0,0.0,0.14285714285714285,2025-04-21,Fear,39,Fear
2025-04-21,0x72c6a4624e1dffa724e6d00d64ceae698af892a0,-9046.14,17,0.4117647058823529,0.5882352941176471,1703.0882352941176,28952.5,0.4117647058823529,0.5882352941176471,7,10,0.4524786139508835,1260.6378060851118,-9046.14,0.7272727272727273,2025-04-21,Fear,39,Fear
2025-04-21,0x8170715b3b381dffb7062c0298972d4727a0a63b,0.0,18,0.0,0.0,2652.518888888889,47745.34,0.0,1.0,0,18,0.004259972613027329,0.0,0.0,0.05263157894736842,2025-04-21,Fear,39,Fear
2025-04-21,0x8477e447846c758f5a675856001ea72298fd9cb5,596.556385,108,0.2962962962962963,0.0,498.3961111111111,53826.78,0.2962962962962963,0.7037037037037037,32,76,58.511603038206204,16.969828805809893,0.0,0.42857142857142855,2025-04-21,Fear,39,Fear
2025-04-21,0xae5eacaf9c6b9111fd53034a602c192a04e082ed,0.0,21,0.0,0.0,2434.7928571428574,51130.65,1.0,0.0,21,0,49.663276042532885,0.0,0.0,22.0,2025-04-21,Fear,39,Fear
2025-04-21,0xbee1707d6b44d4d52bfe19e41f8a828645437aab,711.68096,55,0.5272727272727272,0.0,1553.0632727272728,85418.48,0.5272727272727272,0.4727272727272727,29,26,2.058895161421854,38.93771720677336,0.0,1.1111111111111112,2025-04-21,Fear,39,Fear
2025-04-22,0x271b280974205ca63b716753467d5a371de622ab,-19037.340561,594,0.0,0.39225589225589225,8110.89095959596,4817869.23,0.39225589225589225,0.6077441077441077,233,361,14.92408057911945,112.71904134277219,-19037.340561,0.6464088397790055,2025-04-22,Neutral,47,Neutral
2025-04-22,0x28736f43f1e871e6aa8b1148d38d4994275d72c4,11.839106000000001,5,0.4,0.0,58.678,293.39,0.0,1.0,0,5,0.3923733883691641,3.694262537552076,0.0,0.16666666666666666,2025-04-22,Neutral,47,Neutral
2025-04-22,0x3998f134d6aaa2b6a5f723806d00fd2bbbbce891,0.0,1,0.0,0.0,0.01,0.01,0.0,1.0,0,1,0.009907890901801056,0.0,0.0,0.5,2025-04-22,Neutral,47,Neutral
2025-04-22,0x47add9a56df66b524d5e2c1993a43cde53b6ed85,-282.266207,14,0.07142857142857142,0.21428571428571427,343.8335714285714,4813.67,0.14285714285714285,0.8571428571428571,2,12,0.1556962277614534,51.42644428244768,-282.266207,0.23076923076923078,2025-04-22,Neutral,47,Neutral
2025-04-22,0x4acb90e786d897ecffb614dc822eb231b4ffb9f4,132.0,6,0.16666666666666666,0.0,15215.498333333335,91292.99,0.16666666666666666,0.8333333333333334,1,5,3333.5449506631735,53.88877434122992,0.0,0.3333333333333333,2025-04-22,Neutral,47,Neutral
2025-04-22,0x513b8629fe877bb581bf244e326a047b249c4ff1,73209.060448,418,0.44258373205741625,0.0,62608.63574162679,26170409.74,0.5574162679425837,0.44258373205741625,233,185,10099.826228229402,976.7145531041688,0.0,1.2580645161290323,2025-04-22,Neutral,47,Neutral
2025-04-22,0x6d6a4b953f202f8df5bed40692e7fd865318264a,0.0,10,0.0,0.0,999.832,9998.32,0.0,1.0,0,10,0.08188653408027709,0.0,0.0,0.09090909090909091,2025-04-22,Neutral,47,Neutral
2025-04-22,0x72743ae2822edd658c0c50608fd7c5c501b2afbd,0.0,79,0.0,0.0,1341.7722784810126,106000.01,1.0,0.0,79,0,15.947386536944217,0.0,0.0,80.0,2025-04-22,Neutral,47,Neutral
2025-04-22,0x75f7eeb85dc639d5e99c78f95393aa9a5f1170d4,2933.203058,327,0.9938837920489296,0.0,358.02122324159023,117072.94,0.9938837920489296,0.0061162079510703364,325,2,183.5259387977601,14.370569675177387,0.0,108.66666666666667,2025-04-22,Neutral,47,Neutral
2025-04-22,0x7f4f299f74eec87806a830e3caa9afa5f2b9db8f,119.0,5,0.8,0.0,36540.202000000005,182701.01,0.8,0.2,4,1,18282.315122128362,25.02976877040717,0.0,2.5,2025-04-22,Neutral,47,Neutral
2025-04-22,0x8170715b3b381dffb7062c0298972d4727a0a63b,0.0,49,0.0,0.0,3515.344081632653,172251.86,0.0,1.0,0,49,0.004597718153475672,0.0,0.0,0.02,2025-04-22,Neutral,47,Neutral
2025-04-22,0x8381e6d82f1affd39a336e143e081ef7620a3b7f,284.16768,2,0.5,0.0,66188.125,132376.25,0.5,0.5,1,1,33023.519992442016,200.93689352204888,0.0,1.0,2025-04-22,Neutral,47,Neutral
2025-04-22,0x8477e447846c758f5a675856001ea72298fd9cb5,-180.07315699999998,988,0.16295546558704455,0.152834008097166,1169.5095344129554,1155475.42,0.3157894736842105,0.6842105263157895,312,676,9.922547492733232,7.981599789206094,-180.07315699999998,0.4623338257016248,2025-04-22,Neutral,47,Neutral
2025-04-22,0xb1231a4a2dd02f2276fa3c5e2a2f3436e6bfed23,0.0,73,0.0,0.0,1461.1758904109588,106665.84,0.0,1.0,0,73,0.002028319315994738,0.0,0.0,0.013513513513513514,2025-04-22,Neutral,47,Neutral
2025-04-22,0xbee1707d6b44d4d52bfe19e41f8a828645437aab,1463.173211,427,0.48711943793911006,0.03044496487119438,1607.504824355972,686404.56,0.5386416861826698,0.4613583138173302,230,197,80.96809112771663,12.800496742456367,0.0,1.1666666666666667,2025-04-22,Neutral,47,Neutral
2025-04-23,0x23e7a7f8d14b550961925fbfdaa92f5d195ba5bd,2654.14315,568,0.5915492957746479,0.007042253521126761,2593.2515492957746,1472966.88,0.3855633802816901,0.6144366197183099,219,349,80.21043993161902,57.32947001774018,0.0,0.6285714285714286,2025-04-23,Greed,72,Greed
2025-04-23,0x271b280974205ca63b716753467d5a371de622ab,-108176.9187,469,0.14072494669509594,0.3624733475479744,20030.785479744136,9394438.39,0.5031982942430704,0.4968017057569296,236,233,193.03958046173148,1507.3880539467766,-108176.9187,1.0128205128205128,2025-04-23,Greed,72,Greed
2025-04-23,0x28736f43f1e871e6aa8b1148d38d4994275d72c4,50.899228,13,0.6153846153846154,0.15384615384615385,91.10846153846154,1184.41,0.0,1.0,0,13,0.23065022572447072,6.507055941938427,0.0,0.07142857142857142,2025-04-23,Greed,72,Greed
2025-04-23,0x2c229d22b100a7beb69122eed721cee9b24011dd,29.8368,2,0.5,0.0,1284.69,2569.38,0.5,0.5,1,1,635.3846154881762,21.09780360890678,0.0,1.0,2025-04-23,Greed,72,Greed
2025-04-23,0x47add9a56df66b524d5e2c1993a43cde53b6ed85,511.720343,45,0.35555555555555557,0.022222222222222223,336.54622222222224,15144.58,0.24444444444444444,0.7555555555555555,11,34,0.07961209833363071,29.653223876026136,0.0,0.34285714285714286,2025-04-23,Greed,72,Greed
2025-04-23,0x4acb90e786d897ecffb614dc822eb231b4ffb9f4,2875.230157,121,0.24793388429752067,0.2975206611570248,6709.732727272728,811877.66,0.5454545454545454,0.45454545454545453,66,55,1177.8231209407763,212.7483314000311,0.0,1.1964285714285714,2025-04-23,Greed,72,Greed
2025-04-23,0x513b8629fe877bb581bf244e326a047b249c4ff1,1656.211757,211,0.5592417061611374,0.18009478672985782,54580.961753554504,11516582.93,0.17535545023696683,0.8246445497630331,37,174,213.70250066127718,19.819735041987517,0.0,0.21714285714285714,2025-04-23,Greed,72,Greed
2025-04-23,0x6d6a4b953f202f8df5bed40692e7fd865318264a,0.0,18,0.0,0.0,527.7555555555556,9499.6,0.0,1.0,0,18,46.135556531707415,0.0,0.0,0.05263157894736842,2025-04-23,Greed,72,Greed
2025-04-23,0x72743ae2822edd658c0c50608fd7c5c501b2afbd,10148.4512,167,0.2155688622754491,0.0,1633.4878443113773,272792.47000000003,0.46706586826347307,0.5329341317365269,78,89,11.73149502216187,214.01376842202214,0.0,0.8777777777777778,2025-04-23,Greed,72,Greed
2025-04-23,0x75f7eeb85dc639d5e99c78f95393aa9a5f1170d4,6439.07977,154,0.948051948051948,0.0,2393.760844155844,368639.17,0.6298701298701299,0.37012987012987014,97,57,1210.371683138618,79.21423959255615,0.0,1.6896551724137931,2025-04-23,Greed,72,Greed
2025-04-23,0x8170715b3b381dffb7062c0298972d4727a0a63b,-358963.139984,1242,0.6827697262479872,0.26006441223832527,2010.350297906602,2496855.07,0.9428341384863124,0.0571658615136876,1171,71,8.060679576240233,3083.249185222936,-358963.139984,16.27777777777778,2025-04-23,Greed,72,Greed
2025-04-23,0x8381e6d82f1affd39a336e143e081ef7620a3b7f,0.0,4,0.0,0.0,17801.63,71206.52,1.0,0.0,4,0,1022.2326366889064,0.0,0.0,5.0,2025-04-23,Greed,72,Greed
2025-04-23,0x8477e447846c758f5a675856001ea72298fd9cb5,-27087.802198,1950,0.021025641025641025,0.76,636.126676923077,1240447.02,0.781025641025641,0.21897435897435896,1523,427,10.836528753983806,17.380980532508666,-27087.802198,3.560747663551402,2025-04-23,Greed,72,Greed
2025-04-23,0x92f17e8d81a944691c10e753af1b1baae1a2cd0d,17381.164,248,0.016129032258064516,0.0,6983.216774193548,1731837.76,0.9838709677419355,0.016129032258064516,244,4,193.36228203722746,559.6280267497366,0.0,49.0,2025-04-23,Greed,72,Greed
2025-04-23,0xa0feb3725a9335f49874d7cd8eaad6be45b27416,6653.134804,550,0.39090909090909093,0.0,894.6094181818181,492035.18,0.6090909090909091,0.39090909090909093,335,215,0.3032886030799979,21.449396917905368,0.0,1.5555555555555556,2025-04-23,Greed,72,Greed
2025-04-23,0xae5eacaf9c6b9111fd53034a602c192a04e082ed,28100.700490000003,28,1.0,0.0,2829.6749999999997,79230.9,0.0,1.0,0,28,0.12973203778998846,1618.5464739573003,0.0,0.034482758620689655,2025-04-23,Greed,72,Greed
2025-04-23,0xb1231a4a2dd02f2276fa3c5e2a2f3436e6bfed23,0.0,6,0.0,0.0,9722.050000000001,58332.3,0.0,1.0,0,6,0.011870136328628225,0.0,0.0,0.14285714285714285,2025-04-23,Greed,72,Greed
2025-04-23,0xbd5fead7180a9c139fa51a103cb6a2ce86ddb5c3,-2993.575225,34,0.0,0.4411764705882353,1538.6438235294117,52313.89,0.4117647058823529,0.5882352941176471,14,20,3.743846632455771,184.31742771066453,-2993.575225,0.7142857142857143,2025-04-23,Greed,72,Greed
2025-04-23,0xbee1707d6b44d4d52bfe19e41f8a828645437aab,1700.638677,329,0.3252279635258359,0.2066869300911854,1806.9595136778116,594489.68,0.5531914893617021,0.44680851063829785,182,147,8.862612183906856,21.262693636134284,0.0,1.2364864864864864,2025-04-23,Greed,72,Greed
2025-04-24,0x23e7a7f8d14b550961925fbfdaa92f5d195ba5bd,1867.252909,680,0.48970588235294116,0.1,1679.7829852941175,1142252.43,0.5088235294117647,0.49117647058823527,346,334,161.55280171939341,15.153459949767583,0.0,1.035820895522388,2025-04-24,Greed,63,Greed
2025-04-24,0x271b280974205ca63b716753467d5a371de622ab,8157.112326,70,0.9428571428571428,0.05714285714285714,15603.565285714287,1092249.57,0.9571428571428572,0.04285714285714286,67,3,0.11243403277685798,219.44137601496047,0.0,17.0,2025-04-24,Greed,63,Greed
2025-04-24,0x28736f43f1e871e6aa8b1148d38d4994275d72c4,1.023851,1,1.0,0.0,182.34,182.34,0.0,1.0,0,1,0.2852148581854886,0.0,0.0,0.5,2025-04-24,Greed,63,Greed
2025-04-24,0x47add9a56df66b524d5e2c1993a43cde53b6ed85,350.896638,24,0.25,0.08333333333333333,396.0429166666667,9505.03,0.4583333333333333,0.5416666666666666,11,13,0.09705907479793392,35.15251392198208,0.0,0.8571428571428571,2025-04-24,Greed,63,Greed
2025-04-24,0x4acb90e786d897ecffb614dc822eb231b4ffb9f4,459.24741,23,0.9565217391304348,0.0,4407.6721739130435,101376.46,0.9565217391304348,0.043478260869565216,22,1,4060.9958826242996,12.583453139487817,0.0,11.5,2025-04-24,Greed,63,Greed
2025-04-24,0x4f93fead39b70a1824f981a54d4e55b278e9f760,0.0,4,0.0,0.0,18749.59,74998.36,0.0,1.0,0,4,6250.310028652962,0.0,0.0,0.2,2025-04-24,Greed,63,Greed
2025-04-24,0x513b8629fe877bb581bf244e326a047b249c4ff1,35332.403093,672,0.45089285714285715,0.11160714285714286,47146.683541666665,31682571.34,0.41517857142857145,0.5848214285714286,279,393,3318.566389717471,259.5795717583853,0.0,0.7106598984771574,2025-04-24,Greed,63,Greed
2025-04-24,0x6d6a4b953f202f8df5bed40692e7fd865318264a,168.69881,20,0.65,0.0,441.69899999999996,8833.98,0.65,0.35,13,7,54.645157066832084,11.642827904340443,0.0,1.75,2025-04-24,Greed,63,Greed
2025-04-24,0x72743ae2822edd658c0c50608fd7c5c501b2afbd,-3500.0,111,0.0,0.5315315315315315,878.3780180180181,97499.96,0.0,1.0,0,111,0.012455525091921146,64.84824950210786,-3500.0,0.008928571428571428,2025-04-24,Greed,63,Greed
2025-04-24,0x75f7eeb85dc639d5e99c78f95393aa9a5f1170d4,1250.2581989999999,29,0.1724137931034483,0.5517241379310345,2504.40724137931,72627.81,0.5862068965517241,0.41379310344827586,17,12,1040.490176403289,198.07979758937176,0.0,1.3846153846153846,2025-04-24,Greed,63,Greed
2025-04-24,0x8170715b3b381dffb7062c0298972d4727a0a63b,398.646746,58,0.5517241379310345,0.3793103448275862,1319.3956896551724,76524.95,0.9310344827586207,0.06896551724137931,54,4,0.0730033000532503,98.85373540089942,0.0,11.0,2025-04-24,Greed,63,Greed
2025-04-24,0x8477e447846c758f5a675856001ea72298fd9cb5,2397.669518,117,0.5128205128205128,0.1282051282051282,658.8346153846153,77083.65,0.6410256410256411,0.358974358974359,75,42,15.192924092437066,37.1225919629932,0.0,1.7674418604651163,2025-04-24,Greed,63,Greed
2025-04-24,0xa0feb3725a9335f49874d7cd8eaad6be45b27416,1279.688605,334,0.19461077844311378,0.0,1325.6926047904192,442781.33,0.8053892215568862,0.19461077844311378,269,65,4.699572261306404,13.223773219989514,0.0,4.090909090909091,2025-04-24,Greed,63,Greed
2025-04-24,0xae5eacaf9c6b9111fd53034a602c192a04e082ed,2587.44383,87,0.19540229885057472,0.0,2334.9580459770114,203141.35,0.8045977011494253,0.19540229885057472,70,17,31.43865096317081,104.08242625370723,0.0,3.9444444444444446,2025-04-24,Greed,63,Greed
2025-04-24,0xbee1707d6b44d4d52bfe19e41f8a828645437aab,-45.94597,2,0.0,1.0,3645.04,7290.08,0.0,1.0,0,2,0.5316153652516106,28.634974997726992,-45.94597,0.3333333333333333,2025-04-24,Greed,63,Greed
2025-04-25,0x23e7a7f8d14b550961925fbfdaa92f5d195ba5bd,1969.39321,330,0.12121212121212122,0.17272727272727273,3782.839757575757,1248337.1199999999,0.4909090909090909,0.509090909090909,162,168,66.66065717081167,42.16113861844137,0.0,0.9644970414201184,2025-04-25,Greed,60,Greed
2025-04-25,0x271b280974205ca63b716753467d5a371de622ab,0.0,1,0.0,0.0,0.17,0.17,0.0,1.0,0,1,0.1450269155239246,0.0,0.0,0.5,2025-04-25,Greed,60,Greed
2025-04-25,0x2c229d22b100a7beb69122eed721cee9b24011dd,0.18414,3,0.6666666666666666,0.0,47.086666666666666,141.26,0.3333333333333333,0.6666666666666666,1,2,23.906608570534086,0.07040807624129493,0.0,0.6666666666666666,2025-04-25,Greed,60,Greed
2025-04-25,0x3998f134d6aaa2b6a5f723806d00fd2bbbbce891,34.63999,73,1.0,0.0,826.7301369863014,60351.3,0.0,1.0,0,73,0.058873729155863246,0.3491041250606025,0.0,0.013513513513513514,2025-04-25,Greed,60,Greed
2025-04-25,0x47add9a56df66b524d5e2c1993a43cde53b6ed85,0.0,7,0.0,0.0,392.83714285714285,2749.86,0.42857142857142855,0.5714285714285714,3,4,0.036714084144019825,0.0,0.0,0.8,2025-04-25,Greed,60,Greed
2025-04-25,0x4acb90e786d897ecffb614dc822eb231b4ffb9f4,0.0,3,0.0,0.0,63142.666666666664,189428.0,0.0,1.0,0,3,0.4885110847123617,0.0,0.0,0.25,2025-04-25,Greed,60,Greed
2025-04-25,0x4f93fead39b70a1824f981a54d4e55b278e9f760,0.0,16,0.0,0.0,28126.7575,450028.12,0.0,1.0,0,16,0.1378292841804258,0.0,0.0,0.058823529411764705,2025-04-25,Greed,60,Greed
2025-04-25,0x513b8629fe877bb581bf244e326a047b249c4ff1,8410.75479,499,0.5971943887775552,0.0,49855.811983967935,24878050.18,0.5971943887775552,0.4028056112224449,298,201,5.7172109156598285,52.504266186109696,0.0,1.4801980198019802,2025-04-25,Greed,60,Greed
2025-04-25,0x6d6a4b953f202f8df5bed40692e7fd865318264a,0.0,7,0.0,0.0,535.6742857142857,3749.7200000000003,0.0,1.0,0,7,143.05486903883147,0.0,0.0,0.125,2025-04-25,Greed,60,Greed
2025-04-25,0x72743ae2822edd658c0c50608fd7c5c501b2afbd,-2650.0,22,0.0,1.0,2502.2713636363637,55049.97,0.0,1.0,0,22,0.1800677438916898,76.43134346673631,-2650.0,0.043478260869565216,2025-04-25,Greed,60,Greed
2025-04-25,0x75f7eeb85dc639d5e99c78f95393aa9a5f1170d4,1113.013801,99,0.8282828282828283,0.0,777.5432323232324,76976.78,0.16161616161616163,0.8383838383838383,16,83,137.87686295627267,26.183108802186,0.0,0.20238095238095238,2025-04-25,Greed,60,Greed
2025-04-25,0x8170715b3b381dffb7062c0298972d4727a0a63b,-1335.115406,39,0.05128205128205128,0.3333333333333333,1526.0666666666666,59516.6,0.38461538461538464,0.6153846153846154,15,24,0.030083265220423,79.92358524488398,-1335.115406,0.64,2025-04-25,Greed,60,Greed
2025-04-25,0x8477e447846c758f5a675856001ea72298fd9cb5,36.153454,207,0.00966183574879227,0.0,1063.6844444444444,220182.68,0.00966183574879227,0.9903381642512077,2,205,11.672817526905149,2.258231233728567,0.0,0.014563106796116505,2025-04-25,Greed,60,Greed
2025-04-25,0xa0feb3725a9335f49874d7cd8eaad6be45b27416,4058.112969,138,0.3115942028985507,0.0,1475.0315217391305,203554.35,0.6884057971014492,0.3115942028985507,95,43,0.036317132777784596,51.225973463742825,0.0,2.1818181818181817,2025-04-25,Greed,60,Greed
2025-04-25,0xae5eacaf9c6b9111fd53034a602c192a04e082ed,7480.21054,55,0.5636363636363636,0.0,2564.5469090909096,141050.08000000002,0.43636363636363634,0.5636363636363636,24,31,9.100053965936903,323.7177188346785,0.0,0.78125,2025-04-25,Greed,60,Greed
2025-04-25,0xbee1707d6b44d4d52bfe19e41f8a828645437aab,1101.511718,154,0.42207792207792205,0.0,1040.8414935064934,160289.59,0.42207792207792205,0.577922077922078,65,89,38.69063336649959,35.92152740917648,0.0,0.7333333333333333,2025-04-25,Greed,60,Greed
2025-04-26,0x23e7a7f8d14b550961925fbfdaa92f5d195ba5bd,-4648.8710550000005,338,0.0,1.0,284.5678402366864,96183.93,0.0,1.0,0,338,0.020904945047833433,33.09064462395366,-4648.8710550000005,0.0029498525073746312,2025-04-26,Greed,65,Greed
2025-04-26,0x430f09841d65beb3f27765503d0f850b8bce7713,0.0,132,0.0,0.0,838.0906060606061,110627.96,0.0,1.0,0,132,0.0030836482273202473,0.0,0.0,0.007518796992481203,2025-04-26,Greed,65,Greed
2025-04-26,0x47add9a56df66b524d5e2c1993a43cde53b6ed85,147.607393,18,0.2222222222222222,0.0,288.9161111111111,5200.49,0.3333333333333333,0.6666666666666666,6,12,0.06377379613025684,23.24386288048542,0.0,0.5384615384615384,2025-04-26,Greed,65,Greed
2025-04-26,0x4acb90e786d897ecffb614dc822eb231b4ffb9f4,47.876234000000004,41,1.0,0.0,6897.073170731707,282780.0,1.0,0.0,41,0,0.0726081949553582,2.7272192272508047,0.0,42.0,2025-04-26,Greed,65,Greed
2025-04-26,0x513b8629fe877bb581bf244e326a047b249c4ff1,0.0,314,0.0,0.0,35046.08286624204,11004470.02,1.0,0.0,314,0,157.81315809470783,0.0,0.0,315.0,2025-04-26,Greed,65,Greed
2025-04-26,0x6d6a4b953f202f8df5bed40692e7fd865318264a,43.903059999999996,7,0.5714285714285714,0.0,1815.0585714285714,12705.41,0.5714285714285714,0.42857142857142855,4,3,0.41103879557189543,5.96873280215842,0.0,1.25,2025-04-26,Greed,65,Greed
2025-04-26,0x75f7eeb85dc639d5e99c78f95393aa9a5f1170d4,3291.144446,113,0.9734513274336283,0.0,1400.3834513274335,158243.33,0.9734513274336283,0.02654867256637168,110,3,714.8269265830627,49.82453496506053,0.0,27.75,2025-04-26,Greed,65,Greed
2025-04-26,0x8170715b3b381dffb7062c0298972d4727a0a63b,-3925.864943,16,0.0,1.0,2147.34125,34357.46,1.0,0.0,16,0,0.08205687637271482,256.96970699710636,-3925.864943,17.0,2025-04-26,Greed,65,Greed
2025-04-26,0x8381e6d82f1affd39a336e143e081ef7620a3b7f,505.40523,3,0.3333333333333333,0.6666666666666666,23903.97666666667,71711.93000000001,0.0,1.0,0,3,0.702302210018518,321.33307071791705,0.0,0.25,2025-04-26,Greed,65,Greed
2025-04-26,0x8477e447846c758f5a675856001ea72298fd9cb5,394.655169,70,0.4714285714285714,0.014285714285714285,1416.666857142857,99166.68,0.4857142857142857,0.5142857142857142,34,36,0.2708452039033765,11.964220440133815,0.0,0.9459459459459459,2025-04-26,Greed,65,Greed
2025-04-26,0xa0feb3725a9335f49874d7cd8eaad6be45b27416,0.0,50,0.0,0.0,425.9992,21299.96,1.0,0.0,50,0,0.0030492220302723665,0.0,0.0,51.0,2025-04-26,Greed,65,Greed
2025-04-26,0xbee1707d6b44d4d52bfe19e41f8a828645437aab,18.390524,29,0.06896551724137931,0.0,1771.744827586207,51380.600000000006,1.0,0.0,29,0,70.26713007732354,2.5224311796355745,0.0,30.0,2025-04-26,Greed,65,Greed
2025-04-27,0x23e7a7f8d14b550961925fbfdaa92f5d195ba5bd,0.0,67,0.0,0.0,1435.3307462686569,96167.16,1.0,0.0,67,0,49.09963391383715,0.0,0.0,68.0,2025-04-27,Greed,61,Greed
2025-04-27,0x28736f43f1e871e6aa8b1148d38d4994275d72c4,0.265698,1,1.0,0.0,49.96,49.96,1.0,0.0,1,0,0.15980743779513076,0.0,0.0,2.0,2025-04-27,Greed,61,Greed
2025-04-27,0x47add9a56df66b524d5e2c1993a43cde53b6ed85,361.183441,13,0.6923076923076923,0.23076923076923078,370.71153846153845,4819.25,0.38461538461538464,0.6153846153846154,5,8,0.15788327994767287,44.66625674907287,0.0,0.6666666666666666,2025-04-27,Greed,61,Greed
2025-04-27,0x75f7eeb85dc639d5e99c78f95393aa9a5f1170d4,471.712989,83,0.6385542168674698,0.3373493975903614,1451.5227710843374,120476.39,0.024096385542168676,0.9759036144578314,2,81,723.0189201431033,25.744326624423255,0.0,0.036585365853658534,2025-04-27,Greed,61,Greed
2025-04-27,0x8170715b3b381dffb7062c0298972d4727a0a63b,-99.444041,12,0.0,1.0,768.4525,9221.43,1.0,0.0,12,0,0.16998646313964613,8.802484476863983,-99.444041,13.0,2025-04-27,Greed,61,Greed
2025-04-27,0x8381e6d82f1affd39a336e143e081ef7620a3b7f,33.061386999999996,13,0.15384615384615385,0.0,1032.253846153846,13419.3,0.8461538461538461,0.15384615384615385,11,2,26.51616833539506,6.349909454265333,0.0,4.0,2025-04-27,Greed,61,Greed
2025-04-27,0x8477e447846c758f5a675856001ea72298fd9cb5,78.78402200000001,20,0.95,0.0,1364.094,27281.88,0.95,0.05,19,1,28.284990585655645,4.005494964943309,0.0,10.0,2025-04-27,Greed,61,Greed
2025-04-27,0xa0feb3725a9335f49874d7cd8eaad6be45b27416,147.309165,46,0.08695652173913043,0.0,858.3880434782608,39485.85,0.9130434782608695,0.08695652173913043,42,4,5.591393065513944,14.946541297116294,0.0,8.6,2025-04-27,Greed,61,Greed
2025-04-27,0xbee1707d6b44d4d52bfe19e41f8a828645437aab,1709.194807,82,0.3902439024390244,0.0,2153.8593902439025,176616.47,0.6097560975609756,0.3902439024390244,50,32,0.052596749397269944,84.02744186038963,0.0,1.5454545454545454,2025-04-27,Greed,61,Greed
2025-04-28,0x28736f43f1e871e6aa8b1148d38d4994275d72c4,-0.08516699999999999,8,0.125,0.5,156.87,1254.96,0.0,1.0,0,8,0.2795709011432171,0.15718421441411393,-0.08516699999999999,0.1111111111111111,2025-04-28,Neutral,54,Neutral
2025-04-28,0x47add9a56df66b524d5e2c1993a43cde53b6ed85,146.420556,9,0.8888888888888888,0.0,360.80111111111114,3247.21,0.5555555555555556,0.4444444444444444,5,4,0.05062292488400713,19.68165860482446,0.0,1.2,2025-04-28,Neutral,54,Neutral
2025-04-28,0x513b8629fe877bb581bf244e326a047b249c4ff1,37973.605394,654,0.5336391437308868,0.07339449541284404,38360.42061162079,25087715.08,0.3929663608562691,0.6070336391437309,257,397,77.70087288727551,550.2021644970722,0.0,0.6482412060301508,2025-04-28,Neutral,54,Neutral
2025-04-28,0x75f7eeb85dc639d5e99c78f95393aa9a5f1170d4,728.966777,33,0.6666666666666666,0.15151515151515152,1052.2554545454545,34724.43,0.18181818181818182,0.8181818181818182,6,27,421.1276171901488,44.88582346886162,0.0,0.25,2025-04-28,Neutral,54,Neutral
2025-04-28,0x8381e6d82f1affd39a336e143e081ef7620a3b7f,0.0,10,0.0,0.0,799.756,7997.5599999999995,1.0,0.0,10,0,266.24116800031976,0.0,0.0,11.0,2025-04-28,Neutral,54,Neutral
2025-04-28,0x8477e447846c758f5a675856001ea72298fd9cb5,-6424.928118,80,0.0625,0.8875,2193.325,175466.0,0.95,0.05,76,4,0.1100315543786267,116.14779612695324,-6424.928118,15.4,2025-04-28,Neutral,54,Neutral
2025-04-28,0xa0feb3725a9335f49874d7cd8eaad6be45b27416,474.245409,155,0.13548387096774195,0.0,1106.0305161290323,171434.73,0.864516129032258,0.13548387096774195,134,21,11.448249634010605,19.999240688215693,0.0,6.136363636363637,2025-04-28,Neutral,54,Neutral
2025-04-28,0xbee1707d6b44d4d52bfe19e41f8a828645437aab,4008.588908,430,0.3930232558139535,0.044186046511627906,1495.5384186046513,643081.52,0.3813953488372093,0.6186046511627907,164,266,9.04671024326866,30.627074285599917,0.0,0.6179775280898876,2025-04-28,Neutral,54,Neutral
2025-04-29,0x430f09841d65beb3f27765503d0f850b8bce7713,0.0,54,0.0,0.0,2655.1648148148147,143378.9,0.0,1.0,0,54,0.00537486973822325,0.0,0.0,0.01818181818181818,2025-04-29,Greed,60,Greed
2025-04-29,0x47add9a56df66b524d5e2c1993a43cde53b6ed85,30.495403,7,0.14285714285714285,0.0,356.9714285714286,2498.8,0.14285714285714285,0.8571428571428571,1,6,0.0595209080995811,11.526178924099007,0.0,0.2857142857142857,2025-04-29,Greed,60,Greed
2025-04-29,0x513b8629fe877bb581bf244e326a047b249c4ff1,117648.295306,992,0.4778225806451613,0.0,32144.09112903226,31886938.4,0.5221774193548387,0.4778225806451613,518,474,108.22307484086903,626.0237040508127,0.0,1.0926315789473684,2025-04-29,Greed,60,Greed
2025-04-29,0x8381e6d82f1affd39a336e143e081ef7620a3b7f,112.996265,1,1.0,0.0,8110.65,8110.65,0.0,1.0,0,1,0.9998678768358291,0.0,0.0,0.5,2025-04-29,Greed,60,Greed
2025-04-29,0x8477e447846c758f5a675856001ea72298fd9cb5,-1793.442795,73,0.0273972602739726,0.4246575342465753,396.20082191780824,28922.66,0.4520547945205479,0.547945205479452,33,40,41.883074433289636,35.43087327964728,-1793.442795,0.8292682926829268,2025-04-29,Greed,60,Greed
2025-04-29,0xa0feb3725a9335f49874d7cd8eaad6be45b27416,1189.49741,214,0.43457943925233644,0.0,1261.7606542056074,270016.77999999997,0.5654205607476636,0.43457943925233644,121,93,7.085179371081412,11.952115131489437,0.0,1.297872340425532,2025-04-29,Greed,60,Greed
2025-04-29,0xbee1707d6b44d4d52bfe19e41f8a828645437aab,8561.771838,902,0.44124168514412415,0.037694013303769404,1939.7399889135254,1749645.47,0.4789356984478936,0.5210643015521065,432,470,26.055848221608223,38.39633894518275,0.0,0.9193205944798302,2025-04-29,Greed,60,Greed
2025-04-30,0x23e7a7f8d14b550961925fbfdaa92f5d195ba5bd,5179.772745,83,1.0,0.0,1221.0467469879518,101346.88,0.0,1.0,0,83,0.062081695841934105,81.26284790253337,0.0,0.011904761904761904,2025-04-30,Greed,56,Greed
2025-04-30,0x4acb90e786d897ecffb614dc822eb231b4ffb9f4,510.0,5,0.8,0.0,75258.0,376290.0,0.8,0.2,4,1,37680.50882774694,107.7064062299279,0.0,2.5,2025-04-30,Greed,56,Greed
2025-04-30,0x4f93fead39b70a1824f981a54d4e55b278e9f760,5286.100993,36,0.6388888888888888,0.0,19298.768333333333,694755.66,0.7222222222222222,0.2777777777777778,26,10,510.71281468064564,251.24885732704632,0.0,2.4545454545454546,2025-04-30,Greed,56,Greed
2025-04-30,0x513b8629fe877bb581bf244e326a047b249c4ff1,0.0,481,0.0,0.0,22932.819688149688,11030686.27,1.0,0.0,481,0,77.30921292942418,0.0,0.0,482.0,2025-04-30,Greed,56,Greed
2025-04-30,0x8477e447846c758f5a675856001ea72298fd9cb5,-1053.418063,87,0.25287356321839083,0.39080459770114945,985.3667816091954,85726.91,0.632183908045977,0.367816091954023,55,32,179.5526304643397,25.987391418784604,-1053.418063,1.696969696969697,2025-04-30,Greed,56,Greed
2025-04-30,0xa0feb3725a9335f49874d7cd8eaad6be45b27416,1555.834562,345,0.3565217391304348,0.0,793.9205507246378,273902.59,0.6434782608695652,0.3565217391304348,222,123,0.014236496705713189,6.633483054108563,0.0,1.7983870967741935,2025-04-30,Greed,56,Greed
2025-04-30,0xbaaaf6571ab7d571043ff1e313a9609a10637864,4.733218,1,1.0,0.0,10.14,10.14,0.0,1.0,0,1,0.677750856378979,0.0,0.0,0.5,2025-04-30,Greed,56,Greed
2025-04-30,0xbee1707d6b44d4d52bfe19e41f8a828645437aab,2520.773814,75,0.52,0.0,1748.8053333333332,131160.4,0.6666666666666666,0.3333333333333333,50,25,170.19000636305952,97.12318130208934,0.0,1.9615384615384615,2025-04-30,Greed,56,Greed
2025-05-01,0x23e7a7f8d14b550961925fbfdaa92f5d195ba5bd,1243.853569,250,0.324,0.0,815.50576,203876.44,0.676,0.324,169,81,2.2384298078603413,13.212297384548968,0.0,2.073170731707317,2025-05-01,Neutral,53,Neutral
2025-05-01,0x28736f43f1e871e6aa8b1148d38d4994275d72c4,16.923621,2,1.0,0.0,135.32,270.64,0.0,1.0,0,2,0.686114985965089,1.3774051188784298,0.0,0.3333333333333333,2025-05-01,Neutral,53,Neutral
2025-05-01,0x47add9a56df66b524d5e2c1993a43cde53b6ed85,37.385304,7,0.14285714285714285,0.0,299.0128571428572,2093.09,0.0,1.0,0,7,0.07499773275761741,14.130316724649754,0.0,0.125,2025-05-01,Neutral,53,Neutral
2025-05-01,0x4f93fead39b70a1824f981a54d4e55b278e9f760,1220.746604,14,0.5,0.21428571428571427,14373.198571428571,201224.78,0.21428571428571427,0.7857142857142857,3,11,3571.7279999645607,126.47502186202814,0.0,0.3333333333333333,2025-05-01,Neutral,53,Neutral
2025-05-01,0x513b8629fe877bb581bf244e326a047b249c4ff1,60544.304874,329,0.7173252279635258,0.0,22713.250030395135,7472659.26,0.2826747720364742,0.7173252279635258,93,236,0.01128734650423429,699.6945795802749,0.0,0.39662447257383965,2025-05-01,Neutral,53,Neutral
2025-05-01,0x8477e447846c758f5a675856001ea72298fd9cb5,-200.94846,19,0.0,0.7368421052631579,309.6568421052632,5883.4800000000005,0.7368421052631579,0.2631578947368421,14,5,58.47672655839375,10.72232760942758,-200.94846,2.5,2025-05-01,Neutral,53,Neutral
2025-05-01,0xa0feb3725a9335f49874d7cd8eaad6be45b27416,1449.529436,288,0.3506944444444444,0.0,1130.8870833333333,325695.48,0.6493055555555556,0.3506944444444444,187,101,7.1335743485221235,16.717289627957417,0.0,1.8431372549019607,2025-05-01,Neutral,53,Neutral
2025-05-01,0xb1231a4a2dd02f2276fa3c5e2a2f3436e6bfed23,102460.17164,73,0.7808219178082192,0.0,3462.1106849315065,252734.08,0.7808219178082192,0.2191780821917808,57,16,0.06127726997817334,2210.20398320999,0.0,3.411764705882353,2025-05-01,Neutral,53,Neutral
2025-05-01,0xbaaaf6571ab7d571043ff1e313a9609a10637864,1.86032,1,1.0,0.0,3.9,3.9,0.0,1.0,0,1,0.7960483344219463,0.0,0.0,0.5,2025-05-01,Neutral,53,Neutral
2025-05-01,0xbd5fead7180a9c139fa51a103cb6a2ce86ddb5c3,-113601.02013799999,116,0.008620689655172414,0.6551724137931034,16681.46775862069,1935050.26,0.6551724137931034,0.3448275862068966,76,40,0.9461183450036783,1832.4075243884229,-113601.02013799999,1.8780487804878048,2025-05-01,Neutral,53,Neutral
2025-05-01,0xbee1707d6b44d4d52bfe19e41f8a828645437aab,1364.022527,131,0.3282442748091603,0.3893129770992366,2448.466488549618,320749.11,0.6641221374045801,0.33587786259541985,87,44,81.74768335110107,56.31461629626949,0.0,1.9555555555555555,2025-05-01,Neutral,53,Neutral
